benchmark,claim_class,split,query_id,category,question,reference_answer,system_key,system,mrr_at_10,recall_at_10,precision_at_10,ndcg_at_10,hit_at_10,complete_evidence_recall_at_10
pilot,human_validated_canonical,all_34,v2q-001,exact_lookup,What is the minimum house size specified under PMAY-G?,"The minimum house size is 25 square metres, including a dedicated hygienic cooking area.",bm25,BM25,1.0,0.7142857142857143,0.5,0.8282912530574776,1.0,0.0
pilot,human_validated_canonical,all_34,v2q-002,exact_lookup,"What maximum premium rates can farmers pay under PMFBY for Kharif, Rabi, and annual commercial or horticultural crops?","Farmers pay at most 2% for Kharif food and oilseed crops, 1.5% for Rabi food and oilseed crops, and 5% for annual commercial or horticultural crops.",bm25,BM25,1.0,1.0,0.6,1.0,1.0,1.0
pilot,human_validated_canonical,all_34,v2q-003,exact_lookup,What revised overdraft limit and RuPay accidental-insurance cover are stated for PMJDY?,"PMJDY states a revised overdraft limit of ₹10,000 and accidental-insurance cover of ₹2 lakh for RuPay cardholders.",bm25,BM25,1.0,1.0,0.3,0.9509457695419298,1.0,1.0
pilot,human_validated_canonical,all_34,v2q-004,exact_lookup,What is the maximum micro-loan amount stated for PMMY?,PMMY facilitates micro-credit loans up to ₹20 lakh for eligible income-generating micro-enterprises.,bm25,BM25,1.0,0.6666666666666666,0.2,0.8670870086853021,1.0,0.0
pilot,human_validated_canonical,all_34,v2q-005,exact_lookup,How many days of wage employment does MGNREGA guarantee a rural household in a financial year?,MGNREGA guarantees at least 100 days of wage employment per financial year to a rural household whose adult members volunteer for unskilled work.,bm25,BM25,1.0,1.0,0.4,0.9392351262915565,1.0,1.0
pilot,human_validated_canonical,all_34,v2q-006,exact_lookup,What annual hospitalisation cover does AB-PMJAY provide per eligible family?,AB-PMJAY provides cashless hospitalisation cover of ₹5 lakh per family per year for secondary and tertiary healthcare.,bm25,BM25,1.0,0.8,0.4,0.9155230494702449,1.0,0.0
pilot,human_validated_canonical,all_34,v2q-007,terminology,"What is the full form of PMJJBY, and which event does its life insurance cover?",PMJJBY stands for Pradhan Mantri Jeevan Jyoti Bima Yojana and provides life-insurance cover for death due to any reason.,bm25,BM25,1.0,1.0,0.3,0.894632015448076,1.0,1.0
pilot,human_validated_canonical,all_34,v2q-008,terminology,"Which accident-insurance programme is abbreviated PMSBY, and which outcomes trigger its cover?",PMSBY stands for Pradhan Mantri Suraksha Bima Yojana and covers accidental death and disability.,bm25,BM25,1.0,1.0,0.2,1.0,1.0,1.0
pilot,human_validated_canonical,all_34,v2q-009,terminology,"What does APY stand for, and what monthly pension range does it guarantee after age 60?","APY stands for Atal Pension Yojana and offers guaranteed monthly pension options from ₹1,000 to ₹5,000 after age 60.",bm25,BM25,1.0,1.0,0.4,0.8702876391807989,1.0,1.0
pilot,human_validated_canonical,all_34,v2q-010,terminology,"What is the full form of PM POSHAN, and what meal benefit does it provide?",PM POSHAN means Prime Minister's Overarching Scheme for Holistic Nourishment and provides one hot cooked meal to children in government and government-aided schools.,bm25,BM25,1.0,1.0,0.2,0.8175295903539445,1.0,1.0
pilot,human_validated_canonical,all_34,v2q-011,terminology,"What does PM JANMAN stand for, and which communities does it target?",PM JANMAN stands for PM Janjati Adivasi Nyaya Maha Abhiyan and targets Particularly Vulnerable Tribal Groups.,bm25,BM25,1.0,1.0,0.3,0.8451850618939637,1.0,1.0
pilot,human_validated_canonical,all_34,v2q-012,terminology,"What does PM SVANidhi stand for, and who is its intended beneficiary group?",PM SVANidhi stands for PM Street Vendor’s AtmaNirbhar Nidhi and supports street vendors through working-capital and related incentives.,bm25,BM25,0.5,0.3333333333333333,0.1,0.3354350434265105,1.0,0.0
pilot,human_validated_canonical,all_34,v2q-013,paraphrase,Which initiative helps women in low-income countryside homes replace smoke-producing solid cooking materials with bottled gas?,Pradhan Mantri Ujjwala Yojana provides LPG access to rural and deprived households that previously relied on traditional cooking fuels.,bm25,BM25,1.0,0.5714285714285714,0.4,0.6589260358421596,1.0,0.0
pilot,human_validated_canonical,all_34,v2q-014,paraphrase,"Under the national ration programme, what monthly cereal allocation goes to families in the poorest entitlement tier and to each person in the priority tier?","AAY families receive 35 kilograms per family per month, while PHH beneficiaries receive 5 kilograms per person per month.",bm25,BM25,1.0,1.0,0.3,0.9617761342179452,1.0,1.0
pilot,human_validated_canonical,all_34,v2q-015,paraphrase,Which initiative helps job-seekers and established craftspeople launch small businesses outside agriculture?,"The Prime Minister's Employment Generation Programme supports new micro-enterprises to create self-employment for traditional artisans, unemployed youth, and other eligible beneficiaries.",bm25,BM25,0.0,0.0,0.0,0.0,0.0,0.0
pilot,human_validated_canonical,all_34,v2q-016,paraphrase,How can an experienced worker obtain formal recognition for skills learned outside a training course?,"PMKVY 4.0 Recognition of Prior Learning assesses, upskills, and certifies candidates who already possess relevant skills or prior-learning experience.",bm25,BM25,1.0,0.8,0.4,0.8887223390544889,1.0,0.0
pilot,human_validated_canonical,all_34,v2q-017,paraphrase,Which training route serves people no longer in education or work who need an initial occupational skill?,"PMKVY 4.0 Short-Term Training provides fresh skilling, reskilling, or upskilling for groups including school or college dropouts and unemployed youth.",bm25,BM25,1.0,0.6,0.3,0.7944981616784152,1.0,0.0
pilot,human_validated_canonical,all_34,v2q-018,paraphrase,Which initiative helps city households across officially defined lower and middle income bands obtain permanent homes?,"Pradhan Mantri Awas Yojana–Urban addresses urban housing shortages and supports eligible EWS, LIG, and MIG households, including slum dwellers.",bm25,BM25,1.0,1.0,0.2,1.0,1.0,1.0
pilot,human_validated_canonical,all_34,v2q-019,entity_relation,What role does the Ministry of Petroleum and Natural Gas have in Ujjwala 2.0?,"The ministry introduced Ujjwala 2.0 to provide LPG connections and promote clean cooking fuel among poor, rural, and deprived households.",bm25,BM25,1.0,1.0,0.5,1.0,1.0,1.0
pilot,human_validated_canonical,all_34,v2q-020,entity_relation,How do NSDC and SPIAs divide responsibility in the Special Projects arm of the national skill mission?,"NSDC supports the ministry’s implementation, while Special Projects Implementing Agencies deliver the projects on the ground.",bm25,BM25,1.0,0.8888888888888888,0.8,0.9211164623018355,1.0,0.0
pilot,human_validated_canonical,all_34,v2q-021,entity_relation,How do insurance companies and banks participate in PMFBY?,PMFBY is implemented through a network of insurance companies and banks to provide crop-insurance protection to farmers.,bm25,BM25,1.0,0.8333333333333334,0.5,0.8110692588370789,1.0,0.0
pilot,human_validated_canonical,all_34,v2q-022,entity_relation,Which finance programme relies on Member Lending Institutions to extend assistance to non-corporate micro-enterprises?,Eligible Member Lending Institutions extend PMMY financial assistance and provide the scheme’s micro-loans to qualifying micro and small enterprises.,bm25,BM25,1.0,0.6666666666666666,0.2,0.7984848580994974,1.0,0.0
pilot,human_validated_canonical,all_34,v2q-023,entity_relation,What role does a Gram Panchayat play when a household registers for MGNREGA?,"A household may apply through its local Gram Panchayat, which verifies residence, household identity, and adult membership details.",bm25,BM25,1.0,1.0,0.4,0.9828920819566879,1.0,1.0
pilot,human_validated_canonical,all_34,v2q-024,entity_relation,Which national health-assurance programme does NHA implement under the health ministry?,The National Health Authority implements AB-PMJAY under the Ministry of Health and Family Welfare.,bm25,BM25,1.0,0.6,0.3,0.7753926834409677,1.0,0.0
pilot,human_validated_canonical,all_34,v2q-025,multi_hop,"What banking function does PMJDY provide, and which other programme from its ministry finances income-generating micro-enterprises?","PMJDY provides universal banking services for unbanked households. PMMY, under the same Ministry of Finance, provides micro-credit for income-generating micro-enterprises.",bm25,BM25,1.0,1.0,0.6,0.9428954171224019,1.0,1.0
pilot,human_validated_canonical,all_34,v2q-026,multi_hop,"What employment guarantee does MGNREGA provide, and which other programme from its ministry supplies pucca houses to rural households?","MGNREGA guarantees at least 100 days of wage employment to qualifying rural households. PMAY-G, under the same Ministry of Rural Development, supports pucca houses with basic amenities for eligible rural households.",bm25,BM25,1.0,0.5454545454545454,0.6,0.7526815831892946,1.0,0.0
pilot,human_validated_canonical,all_34,v2q-027,multi_hop,"What livelihood mechanism does PM SVANidhi offer street vendors, and which other programme from its ministry addresses housing shortages for eligible urban households?","PM SVANidhi offers street vendors collateral-free working-capital loans, interest subsidy, and digital-payment incentives. PMAY-U, under the same Ministry of Housing and Urban Affairs, provides housing support for eligible urban households.",bm25,BM25,1.0,0.8,0.4,0.7611196834697737,1.0,0.0
pilot,human_validated_canonical,all_34,v2q-028,multi_hop,"What does PMKVY Recognition of Prior Learning certify, and which other pathway from its ministry serves candidates seeking fresh short-term skills training?","PMKVY Recognition of Prior Learning certifies candidates’ existing skills. PMKVY Short-Term Training, under the same Ministry of Skill Development and Entrepreneurship, provides fresh skilling, reskilling, or upskilling.",bm25,BM25,1.0,0.7692307692307693,1.0,0.850586690869802,1.0,0.0
pilot,human_validated_canonical,all_34,v2q-029,multi_hop,"What migrant-focused facility distinguishes Ujjwala 2.0, and what clean-cooking transition was established by its predecessor programme?","Ujjwala 2.0 added 1.6 crore LPG connections with a special facility for migrant households. Its predecessor, Pradhan Mantri Ujjwala Yojana, sought to replace traditional cooking fuels with LPG access for rural and deprived households.",bm25,BM25,1.0,1.0,0.5,0.9748412540413925,1.0,1.0
pilot,human_validated_canonical,all_34,v2q-030,multi_hop,"What retirement benefit does APY offer, and which life-insurance programme administered through the same department covers death from any cause?","APY offers guaranteed monthly pension options after age 60. PMJJBY, associated with the same Department of Financial Services, provides life cover for death due to any reason.",bm25,BM25,1.0,0.8,0.4,0.7372449353281585,1.0,0.0
pilot,human_validated_canonical,all_34,v2q-031,synthesis,"How do three finance-sector programmes combine basic banking, life insurance, and accident insurance?",PMJDY provides universal banking and access to financial services; PMJJBY supplies life cover for death from any cause; PMSBY supplies accidental-death and disability cover.,bm25,BM25,1.0,0.8,0.4,0.9297916128016405,1.0,0.0
pilot,human_validated_canonical,all_34,v2q-032,synthesis,"How do three farmer programmes separately address crop loss, current income needs, and old-age income security?","PMFBY insures crops against specified losses; PM-KISAN transfers ₹6,000 annually to eligible farmer families; PM-KMY provides eligible small and marginal farmers an assured ₹3,000 monthly pension from age 60.",bm25,BM25,0.5,0.7,0.7,0.6115097351114764,1.0,0.0
pilot,human_validated_canonical,all_34,v2q-033,synthesis,"How do three programmes support micro-enterprises, new enterprise creation, and street-vendor livelihoods through different financial mechanisms?","PMMY provides micro-credit to eligible micro-enterprises; PMEGP uses a credit-linked subsidy to establish new micro-enterprises; PM SVANidhi provides street vendors collateral-free working-capital loans, interest subsidy, and digital-payment incentives.",bm25,BM25,1.0,0.7,0.7,0.7718743833295889,1.0,0.0
pilot,human_validated_canonical,all_34,v2q-034,synthesis,"How do three programmes meet distinct household needs for rural housing, clean cooking, and food security?",PMAY-G supports pucca rural housing with basic amenities; PMUY provides LPG access to deprived households replacing traditional cooking fuels; PMGKAY provides free foodgrains to eligible AAY and PHH ration-card holders.,bm25,BM25,1.0,0.6363636363636364,0.7,0.8094088652851236,1.0,0.0
pilot,human_validated_canonical,all_34,v2q-001,exact_lookup,What is the minimum house size specified under PMAY-G?,"The minimum house size is 25 square metres, including a dedicated hygienic cooking area.",faiss_windowed_max,FAISS windowed-max,1.0,0.7142857142857143,0.5,0.8255516298730751,1.0,0.0
pilot,human_validated_canonical,all_34,v2q-002,exact_lookup,"What maximum premium rates can farmers pay under PMFBY for Kharif, Rabi, and annual commercial or horticultural crops?","Farmers pay at most 2% for Kharif food and oilseed crops, 1.5% for Rabi food and oilseed crops, and 5% for annual commercial or horticultural crops.",faiss_windowed_max,FAISS windowed-max,1.0,0.5,0.3,0.6939299653784159,1.0,0.0
pilot,human_validated_canonical,all_34,v2q-003,exact_lookup,What revised overdraft limit and RuPay accidental-insurance cover are stated for PMJDY?,"PMJDY states a revised overdraft limit of ₹10,000 and accidental-insurance cover of ₹2 lakh for RuPay cardholders.",faiss_windowed_max,FAISS windowed-max,0.2,0.6666666666666666,0.2,0.3950493062974106,1.0,0.0
pilot,human_validated_canonical,all_34,v2q-004,exact_lookup,What is the maximum micro-loan amount stated for PMMY?,PMMY facilitates micro-credit loans up to ₹20 lakh for eligible income-generating micro-enterprises.,faiss_windowed_max,FAISS windowed-max,1.0,0.6666666666666666,0.2,0.8670870086853021,1.0,0.0
pilot,human_validated_canonical,all_34,v2q-005,exact_lookup,How many days of wage employment does MGNREGA guarantee a rural household in a financial year?,MGNREGA guarantees at least 100 days of wage employment per financial year to a rural household whose adult members volunteer for unskilled work.,faiss_windowed_max,FAISS windowed-max,1.0,0.5,0.2,0.552282637708512,1.0,0.0
pilot,human_validated_canonical,all_34,v2q-006,exact_lookup,What annual hospitalisation cover does AB-PMJAY provide per eligible family?,AB-PMJAY provides cashless hospitalisation cover of ₹5 lakh per family per year for secondary and tertiary healthcare.,faiss_windowed_max,FAISS windowed-max,1.0,0.8,0.4,0.8908151253526534,1.0,0.0
pilot,human_validated_canonical,all_34,v2q-007,terminology,"What is the full form of PMJJBY, and which event does its life insurance cover?",PMJJBY stands for Pradhan Mantri Jeevan Jyoti Bima Yojana and provides life-insurance cover for death due to any reason.,faiss_windowed_max,FAISS windowed-max,1.0,0.6666666666666666,0.2,0.7984848580994974,1.0,0.0
pilot,human_validated_canonical,all_34,v2q-008,terminology,"Which accident-insurance programme is abbreviated PMSBY, and which outcomes trigger its cover?",PMSBY stands for Pradhan Mantri Suraksha Bima Yojana and covers accidental death and disability.,faiss_windowed_max,FAISS windowed-max,1.0,1.0,0.2,0.9238850086262381,1.0,1.0
pilot,human_validated_canonical,all_34,v2q-009,terminology,"What does APY stand for, and what monthly pension range does it guarantee after age 60?","APY stands for Atal Pension Yojana and offers guaranteed monthly pension options from ₹1,000 to ₹5,000 after age 60.",faiss_windowed_max,FAISS windowed-max,1.0,1.0,0.4,0.9687707507974168,1.0,1.0
pilot,human_validated_canonical,all_34,v2q-010,terminology,"What is the full form of PM POSHAN, and what meal benefit does it provide?",PM POSHAN means Prime Minister's Overarching Scheme for Holistic Nourishment and provides one hot cooked meal to children in government and government-aided schools.,faiss_windowed_max,FAISS windowed-max,1.0,1.0,0.2,1.0,1.0,1.0
pilot,human_validated_canonical,all_34,v2q-011,terminology,"What does PM JANMAN stand for, and which communities does it target?",PM JANMAN stands for PM Janjati Adivasi Nyaya Maha Abhiyan and targets Particularly Vulnerable Tribal Groups.,faiss_windowed_max,FAISS windowed-max,0.5,0.6666666666666666,0.2,0.4776237035032179,1.0,0.0
pilot,human_validated_canonical,all_34,v2q-012,terminology,"What does PM SVANidhi stand for, and who is its intended beneficiary group?",PM SVANidhi stands for PM Street Vendor’s AtmaNirbhar Nidhi and supports street vendors through working-capital and related incentives.,faiss_windowed_max,FAISS windowed-max,1.0,0.3333333333333333,0.1,0.5316519652587917,1.0,0.0
pilot,human_validated_canonical,all_34,v2q-013,paraphrase,Which initiative helps women in low-income countryside homes replace smoke-producing solid cooking materials with bottled gas?,Pradhan Mantri Ujjwala Yojana provides LPG access to rural and deprived households that previously relied on traditional cooking fuels.,faiss_windowed_max,FAISS windowed-max,0.25,0.8571428571428571,0.6,0.5991230895997225,1.0,0.0
pilot,human_validated_canonical,all_34,v2q-014,paraphrase,"Under the national ration programme, what monthly cereal allocation goes to families in the poorest entitlement tier and to each person in the priority tier?","AAY families receive 35 kilograms per family per month, while PHH beneficiaries receive 5 kilograms per person per month.",faiss_windowed_max,FAISS windowed-max,1.0,0.6666666666666666,0.2,0.8670870086853021,1.0,0.0
pilot,human_validated_canonical,all_34,v2q-015,paraphrase,Which initiative helps job-seekers and established craftspeople launch small businesses outside agriculture?,"The Prime Minister's Employment Generation Programme supports new micro-enterprises to create self-employment for traditional artisans, unemployed youth, and other eligible beneficiaries.",faiss_windowed_max,FAISS windowed-max,0.5,1.0,0.3,0.6360655564544636,1.0,1.0
pilot,human_validated_canonical,all_34,v2q-016,paraphrase,How can an experienced worker obtain formal recognition for skills learned outside a training course?,"PMKVY 4.0 Recognition of Prior Learning assesses, upskills, and certifies candidates who already possess relevant skills or prior-learning experience.",faiss_windowed_max,FAISS windowed-max,0.25,0.6,0.3,0.37051152764918915,1.0,0.0
pilot,human_validated_canonical,all_34,v2q-017,paraphrase,Which training route serves people no longer in education or work who need an initial occupational skill?,"PMKVY 4.0 Short-Term Training provides fresh skilling, reskilling, or upskilling for groups including school or college dropouts and unemployed youth.",faiss_windowed_max,FAISS windowed-max,0.25,0.6,0.3,0.44043068528919344,1.0,0.0
pilot,human_validated_canonical,all_34,v2q-018,paraphrase,Which initiative helps city households across officially defined lower and middle income bands obtain permanent homes?,"Pradhan Mantri Awas Yojana–Urban addresses urban housing shortages and supports eligible EWS, LIG, and MIG households, including slum dwellers.",faiss_windowed_max,FAISS windowed-max,0.2,1.0,0.2,0.4415801103577823,1.0,1.0
pilot,human_validated_canonical,all_34,v2q-019,entity_relation,What role does the Ministry of Petroleum and Natural Gas have in Ujjwala 2.0?,"The ministry introduced Ujjwala 2.0 to provide LPG connections and promote clean cooking fuel among poor, rural, and deprived households.",faiss_windowed_max,FAISS windowed-max,1.0,1.0,0.5,0.9753465284027845,1.0,1.0
pilot,human_validated_canonical,all_34,v2q-020,entity_relation,How do NSDC and SPIAs divide responsibility in the Special Projects arm of the national skill mission?,"NSDC supports the ministry’s implementation, while Special Projects Implementing Agencies deliver the projects on the ground.",faiss_windowed_max,FAISS windowed-max,0.5,0.5555555555555556,0.5,0.5310848976513474,1.0,0.0
pilot,human_validated_canonical,all_34,v2q-021,entity_relation,How do insurance companies and banks participate in PMFBY?,PMFBY is implemented through a network of insurance companies and banks to provide crop-insurance protection to farmers.,faiss_windowed_max,FAISS windowed-max,1.0,0.8333333333333334,0.5,0.8047492987655787,1.0,0.0
pilot,human_validated_canonical,all_34,v2q-022,entity_relation,Which finance programme relies on Member Lending Institutions to extend assistance to non-corporate micro-enterprises?,Eligible Member Lending Institutions extend PMMY financial assistance and provide the scheme’s micro-loans to qualifying micro and small enterprises.,faiss_windowed_max,FAISS windowed-max,1.0,0.6666666666666666,0.2,0.762346330035624,1.0,0.0
pilot,human_validated_canonical,all_34,v2q-023,entity_relation,What role does a Gram Panchayat play when a household registers for MGNREGA?,"A household may apply through its local Gram Panchayat, which verifies residence, household identity, and adult membership details.",faiss_windowed_max,FAISS windowed-max,1.0,1.0,0.4,0.9709286432396581,1.0,1.0
pilot,human_validated_canonical,all_34,v2q-024,entity_relation,Which national health-assurance programme does NHA implement under the health ministry?,The National Health Authority implements AB-PMJAY under the Ministry of Health and Family Welfare.,faiss_windowed_max,FAISS windowed-max,1.0,0.2,0.1,0.5065267082131061,1.0,0.0
pilot,human_validated_canonical,all_34,v2q-025,multi_hop,"What banking function does PMJDY provide, and which other programme from its ministry finances income-generating micro-enterprises?","PMJDY provides universal banking services for unbanked households. PMMY, under the same Ministry of Finance, provides micro-credit for income-generating micro-enterprises.",faiss_windowed_max,FAISS windowed-max,1.0,0.6666666666666666,0.4,0.7569324800537425,1.0,0.0
pilot,human_validated_canonical,all_34,v2q-026,multi_hop,"What employment guarantee does MGNREGA provide, and which other programme from its ministry supplies pucca houses to rural households?","MGNREGA guarantees at least 100 days of wage employment to qualifying rural households. PMAY-G, under the same Ministry of Rural Development, supports pucca houses with basic amenities for eligible rural households.",faiss_windowed_max,FAISS windowed-max,1.0,0.36363636363636365,0.4,0.6090334038837438,1.0,0.0
pilot,human_validated_canonical,all_34,v2q-027,multi_hop,"What livelihood mechanism does PM SVANidhi offer street vendors, and which other programme from its ministry addresses housing shortages for eligible urban households?","PM SVANidhi offers street vendors collateral-free working-capital loans, interest subsidy, and digital-payment incentives. PMAY-U, under the same Ministry of Housing and Urban Affairs, provides housing support for eligible urban households.",faiss_windowed_max,FAISS windowed-max,1.0,0.2,0.1,0.36297209628774124,1.0,0.0
pilot,human_validated_canonical,all_34,v2q-028,multi_hop,"What does PMKVY Recognition of Prior Learning certify, and which other pathway from its ministry serves candidates seeking fresh short-term skills training?","PMKVY Recognition of Prior Learning certifies candidates’ existing skills. PMKVY Short-Term Training, under the same Ministry of Skill Development and Entrepreneurship, provides fresh skilling, reskilling, or upskilling.",faiss_windowed_max,FAISS windowed-max,1.0,0.6153846153846154,0.8,0.7283977934882587,1.0,0.0
pilot,human_validated_canonical,all_34,v2q-029,multi_hop,"What migrant-focused facility distinguishes Ujjwala 2.0, and what clean-cooking transition was established by its predecessor programme?","Ujjwala 2.0 added 1.6 crore LPG connections with a special facility for migrant households. Its predecessor, Pradhan Mantri Ujjwala Yojana, sought to replace traditional cooking fuels with LPG access for rural and deprived households.",faiss_windowed_max,FAISS windowed-max,0.5,1.0,0.5,0.6919362709093179,1.0,1.0
pilot,human_validated_canonical,all_34,v2q-030,multi_hop,"What retirement benefit does APY offer, and which life-insurance programme administered through the same department covers death from any cause?","APY offers guaranteed monthly pension options after age 60. PMJJBY, associated with the same Department of Financial Services, provides life cover for death due to any reason.",faiss_windowed_max,FAISS windowed-max,1.0,1.0,0.5,0.9747429528567877,1.0,1.0
pilot,human_validated_canonical,all_34,v2q-031,synthesis,"How do three finance-sector programmes combine basic banking, life insurance, and accident insurance?",PMJDY provides universal banking and access to financial services; PMJJBY supplies life cover for death from any cause; PMSBY supplies accidental-death and disability cover.,faiss_windowed_max,FAISS windowed-max,1.0,0.4,0.2,0.4722375848593862,1.0,0.0
pilot,human_validated_canonical,all_34,v2q-032,synthesis,"How do three farmer programmes separately address crop loss, current income needs, and old-age income security?","PMFBY insures crops against specified losses; PM-KISAN transfers ₹6,000 annually to eligible farmer families; PM-KMY provides eligible small and marginal farmers an assured ₹3,000 monthly pension from age 60.",faiss_windowed_max,FAISS windowed-max,1.0,1.0,1.0,0.9862996544290681,1.0,1.0
pilot,human_validated_canonical,all_34,v2q-033,synthesis,"How do three programmes support micro-enterprises, new enterprise creation, and street-vendor livelihoods through different financial mechanisms?","PMMY provides micro-credit to eligible micro-enterprises; PMEGP uses a credit-linked subsidy to establish new micro-enterprises; PM SVANidhi provides street vendors collateral-free working-capital loans, interest subsidy, and digital-payment incentives.",faiss_windowed_max,FAISS windowed-max,1.0,0.7,0.7,0.6746053082437771,1.0,0.0
pilot,human_validated_canonical,all_34,v2q-034,synthesis,"How do three programmes meet distinct household needs for rural housing, clean cooking, and food security?",PMAY-G supports pucca rural housing with basic amenities; PMUY provides LPG access to deprived households replacing traditional cooking fuels; PMGKAY provides free foodgrains to eligible AAY and PHH ration-card holders.,faiss_windowed_max,FAISS windowed-max,1.0,0.36363636363636365,0.4,0.3130951348903007,1.0,0.0
pilot,human_validated_canonical,all_34,v2q-001,exact_lookup,What is the minimum house size specified under PMAY-G?,"The minimum house size is 25 square metres, including a dedicated hygienic cooking area.",graph_v3_2,Entity Graph v3.2,1.0,0.8571428571428571,0.6,0.9367360409530254,1.0,0.0
pilot,human_validated_canonical,all_34,v2q-002,exact_lookup,"What maximum premium rates can farmers pay under PMFBY for Kharif, Rabi, and annual commercial or horticultural crops?","Farmers pay at most 2% for Kharif food and oilseed crops, 1.5% for Rabi food and oilseed crops, and 5% for annual commercial or horticultural crops.",graph_v3_2,Entity Graph v3.2,0.5,1.0,0.6,0.75939205516242,1.0,1.0
pilot,human_validated_canonical,all_34,v2q-003,exact_lookup,What revised overdraft limit and RuPay accidental-insurance cover are stated for PMJDY?,"PMJDY states a revised overdraft limit of ₹10,000 and accidental-insurance cover of ₹2 lakh for RuPay cardholders.",graph_v3_2,Entity Graph v3.2,1.0,1.0,0.3,1.0,1.0,1.0
pilot,human_validated_canonical,all_34,v2q-004,exact_lookup,What is the maximum micro-loan amount stated for PMMY?,PMMY facilitates micro-credit loans up to ₹20 lakh for eligible income-generating micro-enterprises.,graph_v3_2,Entity Graph v3.2,1.0,0.6666666666666666,0.2,0.8670870086853021,1.0,0.0
pilot,human_validated_canonical,all_34,v2q-005,exact_lookup,How many days of wage employment does MGNREGA guarantee a rural household in a financial year?,MGNREGA guarantees at least 100 days of wage employment per financial year to a rural household whose adult members volunteer for unskilled work.,graph_v3_2,Entity Graph v3.2,1.0,1.0,0.4,0.8617841900037279,1.0,1.0
pilot,human_validated_canonical,all_34,v2q-006,exact_lookup,What annual hospitalisation cover does AB-PMJAY provide per eligible family?,AB-PMJAY provides cashless hospitalisation cover of ₹5 lakh per family per year for secondary and tertiary healthcare.,graph_v3_2,Entity Graph v3.2,1.0,1.0,0.5,1.0,1.0,1.0
pilot,human_validated_canonical,all_34,v2q-007,terminology,"What is the full form of PMJJBY, and which event does its life insurance cover?",PMJJBY stands for Pradhan Mantri Jeevan Jyoti Bima Yojana and provides life-insurance cover for death due to any reason.,graph_v3_2,Entity Graph v3.2,1.0,1.0,0.3,0.9364501857286789,1.0,1.0
pilot,human_validated_canonical,all_34,v2q-008,terminology,"Which accident-insurance programme is abbreviated PMSBY, and which outcomes trigger its cover?",PMSBY stands for Pradhan Mantri Suraksha Bima Yojana and covers accidental death and disability.,graph_v3_2,Entity Graph v3.2,1.0,1.0,0.2,1.0,1.0,1.0
pilot,human_validated_canonical,all_34,v2q-009,terminology,"What does APY stand for, and what monthly pension range does it guarantee after age 60?","APY stands for Atal Pension Yojana and offers guaranteed monthly pension options from ₹1,000 to ₹5,000 after age 60.",graph_v3_2,Entity Graph v3.2,1.0,1.0,0.4,1.0,1.0,1.0
pilot,human_validated_canonical,all_34,v2q-010,terminology,"What is the full form of PM POSHAN, and what meal benefit does it provide?",PM POSHAN means Prime Minister's Overarching Scheme for Holistic Nourishment and provides one hot cooked meal to children in government and government-aided schools.,graph_v3_2,Entity Graph v3.2,1.0,1.0,0.2,1.0,1.0,1.0
pilot,human_validated_canonical,all_34,v2q-011,terminology,"What does PM JANMAN stand for, and which communities does it target?",PM JANMAN stands for PM Janjati Adivasi Nyaya Maha Abhiyan and targets Particularly Vulnerable Tribal Groups.,graph_v3_2,Entity Graph v3.2,1.0,1.0,0.3,1.0,1.0,1.0
pilot,human_validated_canonical,all_34,v2q-012,terminology,"What does PM SVANidhi stand for, and who is its intended beneficiary group?",PM SVANidhi stands for PM Street Vendor’s AtmaNirbhar Nidhi and supports street vendors through working-capital and related incentives.,graph_v3_2,Entity Graph v3.2,1.0,1.0,0.3,1.0,1.0,1.0
pilot,human_validated_canonical,all_34,v2q-013,paraphrase,Which initiative helps women in low-income countryside homes replace smoke-producing solid cooking materials with bottled gas?,Pradhan Mantri Ujjwala Yojana provides LPG access to rural and deprived households that previously relied on traditional cooking fuels.,graph_v3_2,Entity Graph v3.2,0.0,0.0,0.0,0.0,0.0,0.0
pilot,human_validated_canonical,all_34,v2q-014,paraphrase,"Under the national ration programme, what monthly cereal allocation goes to families in the poorest entitlement tier and to each person in the priority tier?","AAY families receive 35 kilograms per family per month, while PHH beneficiaries receive 5 kilograms per person per month.",graph_v3_2,Entity Graph v3.2,0.0,0.0,0.0,0.0,0.0,0.0
pilot,human_validated_canonical,all_34,v2q-015,paraphrase,Which initiative helps job-seekers and established craftspeople launch small businesses outside agriculture?,"The Prime Minister's Employment Generation Programme supports new micro-enterprises to create self-employment for traditional artisans, unemployed youth, and other eligible beneficiaries.",graph_v3_2,Entity Graph v3.2,0.0,0.0,0.0,0.0,0.0,0.0
pilot,human_validated_canonical,all_34,v2q-016,paraphrase,How can an experienced worker obtain formal recognition for skills learned outside a training course?,"PMKVY 4.0 Recognition of Prior Learning assesses, upskills, and certifies candidates who already possess relevant skills or prior-learning experience.",graph_v3_2,Entity Graph v3.2,0.0,0.0,0.0,0.0,0.0,0.0
pilot,human_validated_canonical,all_34,v2q-017,paraphrase,Which training route serves people no longer in education or work who need an initial occupational skill?,"PMKVY 4.0 Short-Term Training provides fresh skilling, reskilling, or upskilling for groups including school or college dropouts and unemployed youth.",graph_v3_2,Entity Graph v3.2,0.0,0.0,0.0,0.0,0.0,0.0
pilot,human_validated_canonical,all_34,v2q-018,paraphrase,Which initiative helps city households across officially defined lower and middle income bands obtain permanent homes?,"Pradhan Mantri Awas Yojana–Urban addresses urban housing shortages and supports eligible EWS, LIG, and MIG households, including slum dwellers.",graph_v3_2,Entity Graph v3.2,0.0,0.0,0.0,0.0,0.0,0.0
pilot,human_validated_canonical,all_34,v2q-019,entity_relation,What role does the Ministry of Petroleum and Natural Gas have in Ujjwala 2.0?,"The ministry introduced Ujjwala 2.0 to provide LPG connections and promote clean cooking fuel among poor, rural, and deprived households.",graph_v3_2,Entity Graph v3.2,1.0,1.0,0.5,1.0,1.0,1.0
pilot,human_validated_canonical,all_34,v2q-020,entity_relation,How do NSDC and SPIAs divide responsibility in the Special Projects arm of the national skill mission?,"NSDC supports the ministry’s implementation, while Special Projects Implementing Agencies deliver the projects on the ground.",graph_v3_2,Entity Graph v3.2,1.0,0.3333333333333333,0.3,0.639182383043437,1.0,0.0
pilot,human_validated_canonical,all_34,v2q-021,entity_relation,How do insurance companies and banks participate in PMFBY?,PMFBY is implemented through a network of insurance companies and banks to provide crop-insurance protection to farmers.,graph_v3_2,Entity Graph v3.2,0.5,1.0,0.6,0.75939205516242,1.0,1.0
pilot,human_validated_canonical,all_34,v2q-022,entity_relation,Which finance programme relies on Member Lending Institutions to extend assistance to non-corporate micro-enterprises?,Eligible Member Lending Institutions extend PMMY financial assistance and provide the scheme’s micro-loans to qualifying micro and small enterprises.,graph_v3_2,Entity Graph v3.2,1.0,0.6666666666666666,0.2,0.7349350438281765,1.0,0.0
pilot,human_validated_canonical,all_34,v2q-023,entity_relation,What role does a Gram Panchayat play when a household registers for MGNREGA?,"A household may apply through its local Gram Panchayat, which verifies residence, household identity, and adult membership details.",graph_v3_2,Entity Graph v3.2,1.0,1.0,0.4,1.0,1.0,1.0
pilot,human_validated_canonical,all_34,v2q-024,entity_relation,Which national health-assurance programme does NHA implement under the health ministry?,The National Health Authority implements AB-PMJAY under the Ministry of Health and Family Welfare.,graph_v3_2,Entity Graph v3.2,1.0,0.8,0.4,0.9020243604942442,1.0,0.0
pilot,human_validated_canonical,all_34,v2q-025,multi_hop,"What banking function does PMJDY provide, and which other programme from its ministry finances income-generating micro-enterprises?","PMJDY provides universal banking services for unbanked households. PMMY, under the same Ministry of Finance, provides micro-credit for income-generating micro-enterprises.",graph_v3_2,Entity Graph v3.2,1.0,0.6666666666666666,0.4,0.7438998803693911,1.0,0.0
pilot,human_validated_canonical,all_34,v2q-026,multi_hop,"What employment guarantee does MGNREGA provide, and which other programme from its ministry supplies pucca houses to rural households?","MGNREGA guarantees at least 100 days of wage employment to qualifying rural households. PMAY-G, under the same Ministry of Rural Development, supports pucca houses with basic amenities for eligible rural households.",graph_v3_2,Entity Graph v3.2,1.0,0.5454545454545454,0.6,0.6732148197534753,1.0,0.0
pilot,human_validated_canonical,all_34,v2q-027,multi_hop,"What livelihood mechanism does PM SVANidhi offer street vendors, and which other programme from its ministry addresses housing shortages for eligible urban households?","PM SVANidhi offers street vendors collateral-free working-capital loans, interest subsidy, and digital-payment incentives. PMAY-U, under the same Ministry of Housing and Urban Affairs, provides housing support for eligible urban households.",graph_v3_2,Entity Graph v3.2,1.0,0.8,0.4,0.812018285041175,1.0,0.0
pilot,human_validated_canonical,all_34,v2q-028,multi_hop,"What does PMKVY Recognition of Prior Learning certify, and which other pathway from its ministry serves candidates seeking fresh short-term skills training?","PMKVY Recognition of Prior Learning certifies candidates’ existing skills. PMKVY Short-Term Training, under the same Ministry of Skill Development and Entrepreneurship, provides fresh skilling, reskilling, or upskilling.",graph_v3_2,Entity Graph v3.2,1.0,0.6153846153846154,0.8,0.8321471982848566,1.0,0.0
pilot,human_validated_canonical,all_34,v2q-029,multi_hop,"What migrant-focused facility distinguishes Ujjwala 2.0, and what clean-cooking transition was established by its predecessor programme?","Ujjwala 2.0 added 1.6 crore LPG connections with a special facility for migrant households. Its predecessor, Pradhan Mantri Ujjwala Yojana, sought to replace traditional cooking fuels with LPG access for rural and deprived households.",graph_v3_2,Entity Graph v3.2,1.0,0.8,0.4,0.6971533001755515,1.0,0.0
pilot,human_validated_canonical,all_34,v2q-030,multi_hop,"What retirement benefit does APY offer, and which life-insurance programme administered through the same department covers death from any cause?","APY offers guaranteed monthly pension options after age 60. PMJJBY, associated with the same Department of Financial Services, provides life cover for death due to any reason.",graph_v3_2,Entity Graph v3.2,1.0,1.0,0.5,0.9708923176105698,1.0,1.0
pilot,human_validated_canonical,all_34,v2q-031,synthesis,"How do three finance-sector programmes combine basic banking, life insurance, and accident insurance?",PMJDY provides universal banking and access to financial services; PMJJBY supplies life cover for death from any cause; PMSBY supplies accidental-death and disability cover.,graph_v3_2,Entity Graph v3.2,0.0,0.0,0.0,0.0,0.0,0.0
pilot,human_validated_canonical,all_34,v2q-032,synthesis,"How do three farmer programmes separately address crop loss, current income needs, and old-age income security?","PMFBY insures crops against specified losses; PM-KISAN transfers ₹6,000 annually to eligible farmer families; PM-KMY provides eligible small and marginal farmers an assured ₹3,000 monthly pension from age 60.",graph_v3_2,Entity Graph v3.2,0.0,0.0,0.0,0.0,0.0,0.0
pilot,human_validated_canonical,all_34,v2q-033,synthesis,"How do three programmes support micro-enterprises, new enterprise creation, and street-vendor livelihoods through different financial mechanisms?","PMMY provides micro-credit to eligible micro-enterprises; PMEGP uses a credit-linked subsidy to establish new micro-enterprises; PM SVANidhi provides street vendors collateral-free working-capital loans, interest subsidy, and digital-payment incentives.",graph_v3_2,Entity Graph v3.2,0.0,0.0,0.0,0.0,0.0,0.0
pilot,human_validated_canonical,all_34,v2q-034,synthesis,"How do three programmes meet distinct household needs for rural housing, clean cooking, and food security?",PMAY-G supports pucca rural housing with basic amenities; PMUY provides LPG access to deprived households replacing traditional cooking fuels; PMGKAY provides free foodgrains to eligible AAY and PHH ration-card holders.,graph_v3_2,Entity Graph v3.2,0.0,0.0,0.0,0.0,0.0,0.0
pilot,human_validated_canonical,all_34,v2q-001,exact_lookup,What is the minimum house size specified under PMAY-G?,"The minimum house size is 25 square metres, including a dedicated hygienic cooking area.",hybrid_rrf,Hybrid RRF,1.0,0.8571428571428571,0.6,0.9367360409530254,1.0,0.0
pilot,human_validated_canonical,all_34,v2q-002,exact_lookup,"What maximum premium rates can farmers pay under PMFBY for Kharif, Rabi, and annual commercial or horticultural crops?","Farmers pay at most 2% for Kharif food and oilseed crops, 1.5% for Rabi food and oilseed crops, and 5% for annual commercial or horticultural crops.",hybrid_rrf,Hybrid RRF,1.0,1.0,0.6,1.0,1.0,1.0
pilot,human_validated_canonical,all_34,v2q-003,exact_lookup,What revised overdraft limit and RuPay accidental-insurance cover are stated for PMJDY?,"PMJDY states a revised overdraft limit of ₹10,000 and accidental-insurance cover of ₹2 lakh for RuPay cardholders.",hybrid_rrf,Hybrid RRF,1.0,1.0,0.3,1.0,1.0,1.0
pilot,human_validated_canonical,all_34,v2q-004,exact_lookup,What is the maximum micro-loan amount stated for PMMY?,PMMY facilitates micro-credit loans up to ₹20 lakh for eligible income-generating micro-enterprises.,hybrid_rrf,Hybrid RRF,1.0,0.6666666666666666,0.2,0.8670870086853021,1.0,0.0
pilot,human_validated_canonical,all_34,v2q-005,exact_lookup,How many days of wage employment does MGNREGA guarantee a rural household in a financial year?,MGNREGA guarantees at least 100 days of wage employment per financial year to a rural household whose adult members volunteer for unskilled work.,hybrid_rrf,Hybrid RRF,1.0,1.0,0.4,0.8940187669412318,1.0,1.0
pilot,human_validated_canonical,all_34,v2q-006,exact_lookup,What annual hospitalisation cover does AB-PMJAY provide per eligible family?,AB-PMJAY provides cashless hospitalisation cover of ₹5 lakh per family per year for secondary and tertiary healthcare.,hybrid_rrf,Hybrid RRF,1.0,1.0,0.5,0.978646063123196,1.0,1.0
pilot,human_validated_canonical,all_34,v2q-007,terminology,"What is the full form of PMJJBY, and which event does its life insurance cover?",PMJJBY stands for Pradhan Mantri Jeevan Jyoti Bima Yojana and provides life-insurance cover for death due to any reason.,hybrid_rrf,Hybrid RRF,1.0,1.0,0.3,1.0,1.0,1.0
pilot,human_validated_canonical,all_34,v2q-008,terminology,"Which accident-insurance programme is abbreviated PMSBY, and which outcomes trigger its cover?",PMSBY stands for Pradhan Mantri Suraksha Bima Yojana and covers accidental death and disability.,hybrid_rrf,Hybrid RRF,1.0,1.0,0.2,1.0,1.0,1.0
pilot,human_validated_canonical,all_34,v2q-009,terminology,"What does APY stand for, and what monthly pension range does it guarantee after age 60?","APY stands for Atal Pension Yojana and offers guaranteed monthly pension options from ₹1,000 to ₹5,000 after age 60.",hybrid_rrf,Hybrid RRF,1.0,1.0,0.4,0.9687707507974168,1.0,1.0
pilot,human_validated_canonical,all_34,v2q-010,terminology,"What is the full form of PM POSHAN, and what meal benefit does it provide?",PM POSHAN means Prime Minister's Overarching Scheme for Holistic Nourishment and provides one hot cooked meal to children in government and government-aided schools.,hybrid_rrf,Hybrid RRF,1.0,1.0,0.2,1.0,1.0,1.0
pilot,human_validated_canonical,all_34,v2q-011,terminology,"What does PM JANMAN stand for, and which communities does it target?",PM JANMAN stands for PM Janjati Adivasi Nyaya Maha Abhiyan and targets Particularly Vulnerable Tribal Groups.,hybrid_rrf,Hybrid RRF,1.0,1.0,0.3,1.0,1.0,1.0
pilot,human_validated_canonical,all_34,v2q-012,terminology,"What does PM SVANidhi stand for, and who is its intended beneficiary group?",PM SVANidhi stands for PM Street Vendor’s AtmaNirbhar Nidhi and supports street vendors through working-capital and related incentives.,hybrid_rrf,Hybrid RRF,1.0,1.0,0.3,0.8539432076387756,1.0,1.0
pilot,human_validated_canonical,all_34,v2q-013,paraphrase,Which initiative helps women in low-income countryside homes replace smoke-producing solid cooking materials with bottled gas?,Pradhan Mantri Ujjwala Yojana provides LPG access to rural and deprived households that previously relied on traditional cooking fuels.,hybrid_rrf,Hybrid RRF,1.0,0.5714285714285714,0.4,0.6589260358421596,1.0,0.0
pilot,human_validated_canonical,all_34,v2q-014,paraphrase,"Under the national ration programme, what monthly cereal allocation goes to families in the poorest entitlement tier and to each person in the priority tier?","AAY families receive 35 kilograms per family per month, while PHH beneficiaries receive 5 kilograms per person per month.",hybrid_rrf,Hybrid RRF,1.0,1.0,0.3,0.9617761342179452,1.0,1.0
pilot,human_validated_canonical,all_34,v2q-015,paraphrase,Which initiative helps job-seekers and established craftspeople launch small businesses outside agriculture?,"The Prime Minister's Employment Generation Programme supports new micro-enterprises to create self-employment for traditional artisans, unemployed youth, and other eligible beneficiaries.",hybrid_rrf,Hybrid RRF,0.0,0.0,0.0,0.0,0.0,0.0
pilot,human_validated_canonical,all_34,v2q-016,paraphrase,How can an experienced worker obtain formal recognition for skills learned outside a training course?,"PMKVY 4.0 Recognition of Prior Learning assesses, upskills, and certifies candidates who already possess relevant skills or prior-learning experience.",hybrid_rrf,Hybrid RRF,1.0,0.8,0.4,0.8887223390544889,1.0,0.0
pilot,human_validated_canonical,all_34,v2q-017,paraphrase,Which training route serves people no longer in education or work who need an initial occupational skill?,"PMKVY 4.0 Short-Term Training provides fresh skilling, reskilling, or upskilling for groups including school or college dropouts and unemployed youth.",hybrid_rrf,Hybrid RRF,1.0,0.6,0.3,0.7944981616784152,1.0,0.0
pilot,human_validated_canonical,all_34,v2q-018,paraphrase,Which initiative helps city households across officially defined lower and middle income bands obtain permanent homes?,"Pradhan Mantri Awas Yojana–Urban addresses urban housing shortages and supports eligible EWS, LIG, and MIG households, including slum dwellers.",hybrid_rrf,Hybrid RRF,1.0,1.0,0.2,1.0,1.0,1.0
pilot,human_validated_canonical,all_34,v2q-019,entity_relation,What role does the Ministry of Petroleum and Natural Gas have in Ujjwala 2.0?,"The ministry introduced Ujjwala 2.0 to provide LPG connections and promote clean cooking fuel among poor, rural, and deprived households.",hybrid_rrf,Hybrid RRF,1.0,1.0,0.5,1.0,1.0,1.0
pilot,human_validated_canonical,all_34,v2q-020,entity_relation,How do NSDC and SPIAs divide responsibility in the Special Projects arm of the national skill mission?,"NSDC supports the ministry’s implementation, while Special Projects Implementing Agencies deliver the projects on the ground.",hybrid_rrf,Hybrid RRF,1.0,0.8888888888888888,0.8,0.9268231925760118,1.0,0.0
pilot,human_validated_canonical,all_34,v2q-021,entity_relation,How do insurance companies and banks participate in PMFBY?,PMFBY is implemented through a network of insurance companies and banks to provide crop-insurance protection to farmers.,hybrid_rrf,Hybrid RRF,1.0,1.0,0.6,0.9308665529255559,1.0,1.0
pilot,human_validated_canonical,all_34,v2q-022,entity_relation,Which finance programme relies on Member Lending Institutions to extend assistance to non-corporate micro-enterprises?,Eligible Member Lending Institutions extend PMMY financial assistance and provide the scheme’s micro-loans to qualifying micro and small enterprises.,hybrid_rrf,Hybrid RRF,1.0,0.6666666666666666,0.2,0.8403030283801005,1.0,0.0
pilot,human_validated_canonical,all_34,v2q-023,entity_relation,What role does a Gram Panchayat play when a household registers for MGNREGA?,"A household may apply through its local Gram Panchayat, which verifies residence, household identity, and adult membership details.",hybrid_rrf,Hybrid RRF,1.0,1.0,0.4,1.0,1.0,1.0
pilot,human_validated_canonical,all_34,v2q-024,entity_relation,Which national health-assurance programme does NHA implement under the health ministry?,The National Health Authority implements AB-PMJAY under the Ministry of Health and Family Welfare.,hybrid_rrf,Hybrid RRF,1.0,0.8,0.4,0.9020243604942442,1.0,0.0
pilot,human_validated_canonical,all_34,v2q-025,multi_hop,"What banking function does PMJDY provide, and which other programme from its ministry finances income-generating micro-enterprises?","PMJDY provides universal banking services for unbanked households. PMMY, under the same Ministry of Finance, provides micro-credit for income-generating micro-enterprises.",hybrid_rrf,Hybrid RRF,1.0,0.8333333333333334,0.5,0.9074698988224679,1.0,0.0
pilot,human_validated_canonical,all_34,v2q-026,multi_hop,"What employment guarantee does MGNREGA provide, and which other programme from its ministry supplies pucca houses to rural households?","MGNREGA guarantees at least 100 days of wage employment to qualifying rural households. PMAY-G, under the same Ministry of Rural Development, supports pucca houses with basic amenities for eligible rural households.",hybrid_rrf,Hybrid RRF,1.0,0.6363636363636364,0.7,0.8655111095721011,1.0,0.0
pilot,human_validated_canonical,all_34,v2q-027,multi_hop,"What livelihood mechanism does PM SVANidhi offer street vendors, and which other programme from its ministry addresses housing shortages for eligible urban households?","PM SVANidhi offers street vendors collateral-free working-capital loans, interest subsidy, and digital-payment incentives. PMAY-U, under the same Ministry of Housing and Urban Affairs, provides housing support for eligible urban households.",hybrid_rrf,Hybrid RRF,1.0,0.8,0.4,0.7495215535370101,1.0,0.0
pilot,human_validated_canonical,all_34,v2q-028,multi_hop,"What does PMKVY Recognition of Prior Learning certify, and which other pathway from its ministry serves candidates seeking fresh short-term skills training?","PMKVY Recognition of Prior Learning certifies candidates’ existing skills. PMKVY Short-Term Training, under the same Ministry of Skill Development and Entrepreneurship, provides fresh skilling, reskilling, or upskilling.",hybrid_rrf,Hybrid RRF,1.0,0.7692307692307693,1.0,0.881576276675749,1.0,0.0
pilot,human_validated_canonical,all_34,v2q-029,multi_hop,"What migrant-focused facility distinguishes Ujjwala 2.0, and what clean-cooking transition was established by its predecessor programme?","Ujjwala 2.0 added 1.6 crore LPG connections with a special facility for migrant households. Its predecessor, Pradhan Mantri Ujjwala Yojana, sought to replace traditional cooking fuels with LPG access for rural and deprived households.",hybrid_rrf,Hybrid RRF,1.0,1.0,0.5,0.9333168256517765,1.0,1.0
pilot,human_validated_canonical,all_34,v2q-030,multi_hop,"What retirement benefit does APY offer, and which life-insurance programme administered through the same department covers death from any cause?","APY offers guaranteed monthly pension options after age 60. PMJJBY, associated with the same Department of Financial Services, provides life cover for death due to any reason.",hybrid_rrf,Hybrid RRF,1.0,1.0,0.5,1.0,1.0,1.0
pilot,human_validated_canonical,all_34,v2q-031,synthesis,"How do three finance-sector programmes combine basic banking, life insurance, and accident insurance?",PMJDY provides universal banking and access to financial services; PMJJBY supplies life cover for death from any cause; PMSBY supplies accidental-death and disability cover.,hybrid_rrf,Hybrid RRF,1.0,0.8,0.4,0.9297916128016405,1.0,0.0
pilot,human_validated_canonical,all_34,v2q-032,synthesis,"How do three farmer programmes separately address crop loss, current income needs, and old-age income security?","PMFBY insures crops against specified losses; PM-KISAN transfers ₹6,000 annually to eligible farmer families; PM-KMY provides eligible small and marginal farmers an assured ₹3,000 monthly pension from age 60.",hybrid_rrf,Hybrid RRF,0.5,0.7,0.7,0.6115097351114764,1.0,0.0
pilot,human_validated_canonical,all_34,v2q-033,synthesis,"How do three programmes support micro-enterprises, new enterprise creation, and street-vendor livelihoods through different financial mechanisms?","PMMY provides micro-credit to eligible micro-enterprises; PMEGP uses a credit-linked subsidy to establish new micro-enterprises; PM SVANidhi provides street vendors collateral-free working-capital loans, interest subsidy, and digital-payment incentives.",hybrid_rrf,Hybrid RRF,1.0,0.7,0.7,0.7718743833295889,1.0,0.0
pilot,human_validated_canonical,all_34,v2q-034,synthesis,"How do three programmes meet distinct household needs for rural housing, clean cooking, and food security?",PMAY-G supports pucca rural housing with basic amenities; PMUY provides LPG access to deprived households replacing traditional cooking fuels; PMGKAY provides free foodgrains to eligible AAY and PHH ration-card holders.,hybrid_rrf,Hybrid RRF,1.0,0.6363636363636364,0.7,0.8094088652851236,1.0,0.0
pilot,human_validated_canonical,all_34,v2q-001,exact_lookup,What is the minimum house size specified under PMAY-G?,"The minimum house size is 25 square metres, including a dedicated hygienic cooking area.",prompt_rag_claude,Prompt-RAG Claude,1.0,0.2857142857142857,0.2,0.6190744388306226,1.0,0.0
pilot,human_validated_canonical,all_34,v2q-002,exact_lookup,"What maximum premium rates can farmers pay under PMFBY for Kharif, Rabi, and annual commercial or horticultural crops?","Farmers pay at most 2% for Kharif food and oilseed crops, 1.5% for Rabi food and oilseed crops, and 5% for annual commercial or horticultural crops.",prompt_rag_claude,Prompt-RAG Claude,1.0,0.5,0.3,0.7273339048874958,1.0,0.0
pilot,human_validated_canonical,all_34,v2q-003,exact_lookup,What revised overdraft limit and RuPay accidental-insurance cover are stated for PMJDY?,"PMJDY states a revised overdraft limit of ₹10,000 and accidental-insurance cover of ₹2 lakh for RuPay cardholders.",prompt_rag_claude,Prompt-RAG Claude,1.0,0.6666666666666666,0.2,0.8670870086853021,1.0,0.0
pilot,human_validated_canonical,all_34,v2q-004,exact_lookup,What is the maximum micro-loan amount stated for PMMY?,PMMY facilitates micro-credit loans up to ₹20 lakh for eligible income-generating micro-enterprises.,prompt_rag_claude,Prompt-RAG Claude,1.0,1.0,0.3,1.0,1.0,1.0
pilot,human_validated_canonical,all_34,v2q-005,exact_lookup,How many days of wage employment does MGNREGA guarantee a rural household in a financial year?,MGNREGA guarantees at least 100 days of wage employment per financial year to a rural household whose adult members volunteer for unskilled work.,prompt_rag_claude,Prompt-RAG Claude,1.0,1.0,0.4,0.9690768164202486,1.0,1.0
pilot,human_validated_canonical,all_34,v2q-006,exact_lookup,What annual hospitalisation cover does AB-PMJAY provide per eligible family?,AB-PMJAY provides cashless hospitalisation cover of ₹5 lakh per family per year for secondary and tertiary healthcare.,prompt_rag_claude,Prompt-RAG Claude,1.0,0.8,0.4,0.9155230494702449,1.0,0.0
pilot,human_validated_canonical,all_34,v2q-007,terminology,"What is the full form of PMJJBY, and which event does its life insurance cover?",PMJJBY stands for Pradhan Mantri Jeevan Jyoti Bima Yojana and provides life-insurance cover for death due to any reason.,prompt_rag_claude,Prompt-RAG Claude,1.0,0.3333333333333333,0.1,0.6387878864795979,1.0,0.0
pilot,human_validated_canonical,all_34,v2q-008,terminology,"Which accident-insurance programme is abbreviated PMSBY, and which outcomes trigger its cover?",PMSBY stands for Pradhan Mantri Suraksha Bima Yojana and covers accidental death and disability.,prompt_rag_claude,Prompt-RAG Claude,1.0,1.0,0.2,1.0,1.0,1.0
pilot,human_validated_canonical,all_34,v2q-009,terminology,"What does APY stand for, and what monthly pension range does it guarantee after age 60?","APY stands for Atal Pension Yojana and offers guaranteed monthly pension options from ₹1,000 to ₹5,000 after age 60.",prompt_rag_claude,Prompt-RAG Claude,1.0,1.0,0.4,1.0,1.0,1.0
pilot,human_validated_canonical,all_34,v2q-010,terminology,"What is the full form of PM POSHAN, and what meal benefit does it provide?",PM POSHAN means Prime Minister's Overarching Scheme for Holistic Nourishment and provides one hot cooked meal to children in government and government-aided schools.,prompt_rag_claude,Prompt-RAG Claude,1.0,1.0,0.2,1.0,1.0,1.0
pilot,human_validated_canonical,all_34,v2q-011,terminology,"What does PM JANMAN stand for, and which communities does it target?",PM JANMAN stands for PM Janjati Adivasi Nyaya Maha Abhiyan and targets Particularly Vulnerable Tribal Groups.,prompt_rag_claude,Prompt-RAG Claude,1.0,1.0,0.3,1.0,1.0,1.0
pilot,human_validated_canonical,all_34,v2q-012,terminology,"What does PM SVANidhi stand for, and who is its intended beneficiary group?",PM SVANidhi stands for PM Street Vendor’s AtmaNirbhar Nidhi and supports street vendors through working-capital and related incentives.,prompt_rag_claude,Prompt-RAG Claude,1.0,0.6666666666666666,0.2,0.6993694869720469,1.0,0.0
pilot,human_validated_canonical,all_34,v2q-013,paraphrase,Which initiative helps women in low-income countryside homes replace smoke-producing solid cooking materials with bottled gas?,Pradhan Mantri Ujjwala Yojana provides LPG access to rural and deprived households that previously relied on traditional cooking fuels.,prompt_rag_claude,Prompt-RAG Claude,1.0,0.7142857142857143,0.5,0.8953093694570126,1.0,0.0
pilot,human_validated_canonical,all_34,v2q-014,paraphrase,"Under the national ration programme, what monthly cereal allocation goes to families in the poorest entitlement tier and to each person in the priority tier?","AAY families receive 35 kilograms per family per month, while PHH beneficiaries receive 5 kilograms per person per month.",prompt_rag_claude,Prompt-RAG Claude,1.0,1.0,0.3,0.9439279501848503,1.0,1.0
pilot,human_validated_canonical,all_34,v2q-015,paraphrase,Which initiative helps job-seekers and established craftspeople launch small businesses outside agriculture?,"The Prime Minister's Employment Generation Programme supports new micro-enterprises to create self-employment for traditional artisans, unemployed youth, and other eligible beneficiaries.",prompt_rag_claude,Prompt-RAG Claude,1.0,0.3333333333333333,0.1,0.5316519652587917,1.0,0.0
pilot,human_validated_canonical,all_34,v2q-016,paraphrase,How can an experienced worker obtain formal recognition for skills learned outside a training course?,"PMKVY 4.0 Recognition of Prior Learning assesses, upskills, and certifies candidates who already possess relevant skills or prior-learning experience.",prompt_rag_claude,Prompt-RAG Claude,1.0,1.0,0.5,0.9557034395662896,1.0,1.0
pilot,human_validated_canonical,all_34,v2q-017,paraphrase,Which training route serves people no longer in education or work who need an initial occupational skill?,"PMKVY 4.0 Short-Term Training provides fresh skilling, reskilling, or upskilling for groups including school or college dropouts and unemployed youth.",prompt_rag_claude,Prompt-RAG Claude,1.0,1.0,0.5,0.9605753368118396,1.0,1.0
pilot,human_validated_canonical,all_34,v2q-018,paraphrase,Which initiative helps city households across officially defined lower and middle income bands obtain permanent homes?,"Pradhan Mantri Awas Yojana–Urban addresses urban housing shortages and supports eligible EWS, LIG, and MIG households, including slum dwellers.",prompt_rag_claude,Prompt-RAG Claude,1.0,1.0,0.2,1.0,1.0,1.0
pilot,human_validated_canonical,all_34,v2q-019,entity_relation,What role does the Ministry of Petroleum and Natural Gas have in Ujjwala 2.0?,"The ministry introduced Ujjwala 2.0 to provide LPG connections and promote clean cooking fuel among poor, rural, and deprived households.",prompt_rag_claude,Prompt-RAG Claude,1.0,1.0,0.5,0.9065280314885752,1.0,1.0
pilot,human_validated_canonical,all_34,v2q-020,entity_relation,How do NSDC and SPIAs divide responsibility in the Special Projects arm of the national skill mission?,"NSDC supports the ministry’s implementation, while Special Projects Implementing Agencies deliver the projects on the ground.",prompt_rag_claude,Prompt-RAG Claude,1.0,0.5555555555555556,0.5,0.6708877628637713,1.0,0.0
pilot,human_validated_canonical,all_34,v2q-021,entity_relation,How do insurance companies and banks participate in PMFBY?,PMFBY is implemented through a network of insurance companies and banks to provide crop-insurance protection to farmers.,prompt_rag_claude,Prompt-RAG Claude,1.0,1.0,0.6,1.0,1.0,1.0
pilot,human_validated_canonical,all_34,v2q-022,entity_relation,Which finance programme relies on Member Lending Institutions to extend assistance to non-corporate micro-enterprises?,Eligible Member Lending Institutions extend PMMY financial assistance and provide the scheme’s micro-loans to qualifying micro and small enterprises.,prompt_rag_claude,Prompt-RAG Claude,1.0,1.0,0.3,1.0,1.0,1.0
pilot,human_validated_canonical,all_34,v2q-023,entity_relation,What role does a Gram Panchayat play when a household registers for MGNREGA?,"A household may apply through its local Gram Panchayat, which verifies residence, household identity, and adult membership details.",prompt_rag_claude,Prompt-RAG Claude,1.0,1.0,0.4,1.0,1.0,1.0
pilot,human_validated_canonical,all_34,v2q-024,entity_relation,Which national health-assurance programme does NHA implement under the health ministry?,The National Health Authority implements AB-PMJAY under the Ministry of Health and Family Welfare.,prompt_rag_claude,Prompt-RAG Claude,1.0,0.8,0.4,0.9020243604942442,1.0,0.0
pilot,human_validated_canonical,all_34,v2q-025,multi_hop,"What banking function does PMJDY provide, and which other programme from its ministry finances income-generating micro-enterprises?","PMJDY provides universal banking services for unbanked households. PMMY, under the same Ministry of Finance, provides micro-credit for income-generating micro-enterprises.",prompt_rag_claude,Prompt-RAG Claude,1.0,1.0,0.6,1.0,1.0,1.0
pilot,human_validated_canonical,all_34,v2q-026,multi_hop,"What employment guarantee does MGNREGA provide, and which other programme from its ministry supplies pucca houses to rural households?","MGNREGA guarantees at least 100 days of wage employment to qualifying rural households. PMAY-G, under the same Ministry of Rural Development, supports pucca houses with basic amenities for eligible rural households.",prompt_rag_claude,Prompt-RAG Claude,1.0,0.9090909090909091,1.0,0.9885447677333545,1.0,0.0
pilot,human_validated_canonical,all_34,v2q-027,multi_hop,"What livelihood mechanism does PM SVANidhi offer street vendors, and which other programme from its ministry addresses housing shortages for eligible urban households?","PM SVANidhi offers street vendors collateral-free working-capital loans, interest subsidy, and digital-payment incentives. PMAY-U, under the same Ministry of Housing and Urban Affairs, provides housing support for eligible urban households.",prompt_rag_claude,Prompt-RAG Claude,1.0,1.0,0.5,0.9920466006454153,1.0,1.0
pilot,human_validated_canonical,all_34,v2q-028,multi_hop,"What does PMKVY Recognition of Prior Learning certify, and which other pathway from its ministry serves candidates seeking fresh short-term skills training?","PMKVY Recognition of Prior Learning certifies candidates’ existing skills. PMKVY Short-Term Training, under the same Ministry of Skill Development and Entrepreneurship, provides fresh skilling, reskilling, or upskilling.",prompt_rag_claude,Prompt-RAG Claude,1.0,0.6153846153846154,0.8,0.885001328693579,1.0,0.0
pilot,human_validated_canonical,all_34,v2q-029,multi_hop,"What migrant-focused facility distinguishes Ujjwala 2.0, and what clean-cooking transition was established by its predecessor programme?","Ujjwala 2.0 added 1.6 crore LPG connections with a special facility for migrant households. Its predecessor, Pradhan Mantri Ujjwala Yojana, sought to replace traditional cooking fuels with LPG access for rural and deprived households.",prompt_rag_claude,Prompt-RAG Claude,1.0,1.0,0.5,0.9714089025373848,1.0,1.0
pilot,human_validated_canonical,all_34,v2q-030,multi_hop,"What retirement benefit does APY offer, and which life-insurance programme administered through the same department covers death from any cause?","APY offers guaranteed monthly pension options after age 60. PMJJBY, associated with the same Department of Financial Services, provides life cover for death due to any reason.",prompt_rag_claude,Prompt-RAG Claude,1.0,1.0,0.5,1.0,1.0,1.0
pilot,human_validated_canonical,all_34,v2q-031,synthesis,"How do three finance-sector programmes combine basic banking, life insurance, and accident insurance?",PMJDY provides universal banking and access to financial services; PMJJBY supplies life cover for death from any cause; PMSBY supplies accidental-death and disability cover.,prompt_rag_claude,Prompt-RAG Claude,1.0,1.0,0.5,1.0,1.0,1.0
pilot,human_validated_canonical,all_34,v2q-032,synthesis,"How do three farmer programmes separately address crop loss, current income needs, and old-age income security?","PMFBY insures crops against specified losses; PM-KISAN transfers ₹6,000 annually to eligible farmer families; PM-KMY provides eligible small and marginal farmers an assured ₹3,000 monthly pension from age 60.",prompt_rag_claude,Prompt-RAG Claude,0.25,0.5,0.5,0.4042872722961695,1.0,0.0
pilot,human_validated_canonical,all_34,v2q-033,synthesis,"How do three programmes support micro-enterprises, new enterprise creation, and street-vendor livelihoods through different financial mechanisms?","PMMY provides micro-credit to eligible micro-enterprises; PMEGP uses a credit-linked subsidy to establish new micro-enterprises; PM SVANidhi provides street vendors collateral-free working-capital loans, interest subsidy, and digital-payment incentives.",prompt_rag_claude,Prompt-RAG Claude,1.0,1.0,1.0,0.9829166404752318,1.0,1.0
pilot,human_validated_canonical,all_34,v2q-034,synthesis,"How do three programmes meet distinct household needs for rural housing, clean cooking, and food security?",PMAY-G supports pucca rural housing with basic amenities; PMUY provides LPG access to deprived households replacing traditional cooking fuels; PMGKAY provides free foodgrains to eligible AAY and PHH ration-card holders.,prompt_rag_claude,Prompt-RAG Claude,1.0,0.7272727272727273,0.8,0.8562817881797212,1.0,0.0
phase8_r4,owner_validated_exploratory,test,q_0001,exact_match,What is Mission Shakti?,"As you may be aware that the Govemment of India has launched 'Mission Shakti' - an integrated women empowerment programme as umbrella scheme for the safety, security and empowerment of women for implementation during the 15'h Finance Commission period 2O2l-22 to 2025-26.",bm25,BM25,1.0,1.0,0.1,1.0,1.0,
phase8_r4,owner_validated_exploratory,test,q_0002,exact_match,What is ICAR Senior Research Fellowship For Post-Graduate Studies In Agricultural Sciences?,"ICAR awards a certain number of Senior Research Fellowships for Ph.D. in an Agricultural University (AU), in different disciplines of agriculture and allied sciences. This is done to encourage talented students to undertake higher agricultural education.",bm25,BM25,1.0,1.0,0.1,1.0,1.0,
phase8_r4,owner_validated_exploratory,dev,q_0003,exact_match,What is National Bamboo Mission?,"The restructured National Bamboo Mission primarily focuses on the development of complete value chain of bamboo sector to link growers with consumers starting from planting material, plantation, creation of facilities, skilled manpower and brand processing marketing, micro, small & medium enterprises, skilled manpower and brand building initiative in a cluster approach mode.",bm25,BM25,0.5,1.0,0.1,0.6309297535714575,1.0,
phase8_r4,owner_validated_exploratory,dev,q_0004,exact_match,What is Internship Programme Of The Department Of Expenditure?,Detailed description The Internship Programme of the Department of Expenditure aims to familiarize willing and eligible undergraduates pursuing five-year integrated courses and Graduates pursuing post-Graduation/ post-Graduates pursuing Research with the overall process of formulation of economic policies of the Government.,bm25,BM25,0.5,1.0,0.1,0.6309297535714575,1.0,
phase8_r4,owner_validated_exploratory,dev,q_0005,exact_match,What is Construction of Hostels for OBC Boys and Girls?,"The Scheme aims at providing hostel facilities to students belonging to socially and educationally backward classes, especially from rural areas, to enable them to pursue secondary and higher education.",bm25,BM25,1.0,1.0,0.1,1.0,1.0,
phase8_r4,owner_validated_exploratory,dev,q_0006,exact_match,What is PM Janjati Adivasi Nyaya Maha Abhiyan (PM JANMAN)?,"The scheme aims to improve the socio-economic status of PVTGs by saturating families and habitations with basic facilities and services. It provides 11 critical infrastructure and welfare interventions, including housing, water, electricity, and connectivity.",bm25,BM25,1.0,1.0,0.1,1.0,1.0,
phase8_r4,owner_validated_exploratory,test,q_0007,exact_match,What is Agricultural Extension?,"Answer: The scheme includes Support to State Extension Programmes for Extension Reforms, Mass Media Support to Agricultural Extension, Agri-Clinic and Agri-Business Centres (ACABC), and Extension Support to Central Institutions",bm25,BM25,1.0,1.0,0.1,1.0,1.0,
phase8_r4,owner_validated_exploratory,test,q_0008,exact_match,What is Scheme for Prevention of Alcoholism and Substance Abuse?,"The aims and objectives of the scheme for prevention of alcoholism and substance abuse are - To support activities of non-governmental organisations, working in the areas of prevention of addiction and rehabilitation of drug users with the rights based approach.",bm25,BM25,1.0,1.0,0.1,1.0,1.0,
phase8_r4,owner_validated_exploratory,dev,q_0009,exact_match,What is Universal Immunization Programme - Rotavirus Vaccine?,"Operational Guidelines Introduction of Rotavirus Vaccine in the Universal Immunization Programme ROTAVIRUS VACCINE IN INDIA 4.1 The Rotavirus Vaccine in UIP Based on recommendation by the National Technical Advisory Group on Immunization (NTAGI), the Ministry of Health and Family Welfare (MoHFW), the Government of India (GoI) decided to introduce Rotavirus vaccine in the Universal Immunization Programme (UIP) in a phased manner.",bm25,BM25,0.2,1.0,0.1,0.38685280723454163,1.0,
phase8_r4,owner_validated_exploratory,dev,q_0010,exact_match,What is Pradhan Mantri Gram Sadak Yojana?,"With the objective of providing rural connectivity, the Government of India launched the Pradhan Mantri Gram Sadak Yojana (referred to as PMGSY-I hereinafter) on 25th December 2000 to provide all-weather access to eligible unconnected habitations.",bm25,BM25,1.0,1.0,0.1,1.0,1.0,
phase8_r4,owner_validated_exploratory,dev,q_0011,exact_match,What is Kisan Vikas Patra Scheme?,"‘Kisan Vikas Patra Scheme’ was relaunched in the year 2014 by the Department of Economic Affairs, Ministry Of Finance, Government of India in view of the popular demand and to revitalize Small Savings. The amount invested in Kisan Vikas Patra (KYP) doubles in 115 months at the present rate.",bm25,BM25,0.5,1.0,0.1,0.6309297535714575,1.0,
phase8_r4,owner_validated_exploratory,test,q_0012,exact_match,What is National Savings Certificates (VIII-Issue) Scheme?,"Answer: The scheme “National Savings Certificates (VIII-Issue) Scheme” was launched by the Department of Economic Affairs, Ministry of Finance, Government of India to promote a culture of long-term savings among individuals.",bm25,BM25,0.3333333333333333,1.0,0.1,0.5,1.0,
phase8_r4,owner_validated_exploratory,test,q_0013,exact_match,What is Atal Mission For Rejuvenation And Urban Transformation?,Detailed description The purpose of the Atal Mission for Rejuvenation and Urban Transformation (AMRUT) is to Ensure that every household has access to a tap with the assured supply of water and a sewerage connection.,bm25,BM25,1.0,1.0,0.1,1.0,1.0,
phase8_r4,owner_validated_exploratory,dev,q_0014,exact_match,What is Maulana Azad National Fellowship For Minority Students?,Maulana Azad National Fellowship For Minority Students was launched in 2009 by the Ministry of Minority Affairs for providing financial aid to students for their higher studies.,bm25,BM25,1.0,1.0,0.1,1.0,1.0,
phase8_r4,owner_validated_exploratory,dev,q_0015,exact_match,What is Kisan Credit Card?,"Eligibility Farmers - individual/joint borrowers who are owner cultivators; Tenant farmers, oral lessees & share croppers; Self Help Groups (SHGs) or Joint Liability Groups (JLGs) of farmers including tenant farmers, share croppers etc Application process Online Visit the website of the bank you wish to apply for the kisan credit card scheme.",bm25,BM25,0.2,1.0,0.1,0.38685280723454163,1.0,
phase8_r4,owner_validated_exploratory,dev,q_0016,exact_match,What is Begum Hazrat Mahal National Scholarship Program?,Begum Hazrat Mahal National scholarship is a scholarship scheme also known as Maulana Azad National scholarship scheme was first announced on 3rd May 2003. It is a national level scholarship started for the benefit of the girl’s student belonging to the minority communities.,bm25,BM25,1.0,1.0,0.1,1.0,1.0,
phase8_r4,owner_validated_exploratory,test,q_0017,exact_match,What is Indira Gandhi National Disability Pension Scheme?,Answer: The Indira Gandhi National Disability Pension Scheme (IGNDPS) was formally launched in February 2009 under the National Social Assistance Programme,bm25,BM25,1.0,1.0,0.1,1.0,1.0,
phase8_r4,owner_validated_exploratory,dev,q_0018,exact_match,What is Atal Pension Yojana?,"Atal Pension Yojana (APY) is an old age income security scheme for a savings account holder in the age group of 18-40 years, who is not an income tax-payee. It helps to address longevity risks among workers in unorganized sector and encourages the workers to voluntarily save for retirement.",bm25,BM25,1.0,1.0,0.1,1.0,1.0,
phase8_r4,owner_validated_exploratory,test,q_0019,exact_match,What is Disha - Early Intervention and School Readiness Scheme?,Answer: Disha-Early Intervention and School Readiness Scheme was launched by the Department of Empowerment of Persons with Disabilities.,bm25,BM25,1.0,1.0,0.1,1.0,1.0,
phase8_r4,owner_validated_exploratory,dev,q_0020,exact_match,What is ICMR- Post Doctoral Fellowship?,"Answer: ICMR- Post Doctoral Fellowship (ICMR-PDF) Scheme is being instituted to foster high-quality research opportunities for promising fresh Ph.D./MD/MS holders in the cutting-edge areas of basic science, communicable and non-communicable diseases, and reproductive health including nutrition at ICMR Institutes /Centers.",bm25,BM25,1.0,1.0,0.1,1.0,1.0,
phase8_r4,owner_validated_exploratory,test,q_0021,terminology_heavy,What does VDP stand for?,Village Development Plan,bm25,BM25,0.3333333333333333,1.0,0.1,0.5,1.0,
phase8_r4,owner_validated_exploratory,test,q_0022,terminology_heavy,What does GFR stand for?,General Financial Rules,bm25,BM25,0.1,1.0,0.1,0.2890648263178879,1.0,
phase8_r4,owner_validated_exploratory,test,q_0023,terminology_heavy,What does MSJE stand for?,Ministry of Social Justice and Empowerment,bm25,BM25,0.0,0.0,0.0,0.0,0.0,
phase8_r4,owner_validated_exploratory,test,q_0024,terminology_heavy,What does NIOS stand for?,National Institute for Open Schooling,bm25,BM25,1.0,1.0,0.1,1.0,1.0,
phase8_r4,owner_validated_exploratory,dev,q_0025,terminology_heavy,What does UIP stand for?,Universal Immunization Programme,bm25,BM25,0.0,0.0,0.0,0.0,0.0,
phase8_r4,owner_validated_exploratory,dev,q_0026,terminology_heavy,What does RVIS stand for?,Rotavirus Vaccine Impact Study,bm25,BM25,0.5,1.0,0.1,0.6309297535714575,1.0,
phase8_r4,owner_validated_exploratory,dev,q_0027,terminology_heavy,What does ICDS stand for?,Integrated Child Development Services,bm25,BM25,0.0,0.0,0.0,0.0,0.0,
phase8_r4,owner_validated_exploratory,dev,q_0028,terminology_heavy,What does AU stand for?,Agricultural University,bm25,BM25,0.5,1.0,0.1,0.6309297535714575,1.0,
phase8_r4,owner_validated_exploratory,dev,q_0029,terminology_heavy,What does BHU stand for?,Banaras Hindu University,bm25,BM25,0.2,1.0,0.1,0.38685280723454163,1.0,
phase8_r4,owner_validated_exploratory,test,q_0030,terminology_heavy,What does KGBV stand for?,Kasturba Gandhi Balika Vidyalaya,bm25,BM25,0.5,1.0,0.1,0.6309297535714575,1.0,
phase8_r4,owner_validated_exploratory,dev,q_0031,terminology_heavy,What does SRLM stand for?,State Rural Livelihood Mission,bm25,BM25,0.3333333333333333,1.0,0.1,0.5,1.0,
phase8_r4,owner_validated_exploratory,test,q_0032,terminology_heavy,What does CSS stand for?,Centrally Sponsored Scheme,bm25,BM25,0.2,1.0,0.1,0.38685280723454163,1.0,
phase8_r4,owner_validated_exploratory,dev,q_0033,terminology_heavy,What does MIDH stand for?,Mission for Integrated Development of Horticulture,bm25,BM25,0.14285714285714285,1.0,0.1,0.3333333333333333,1.0,
phase8_r4,owner_validated_exploratory,dev,q_0034,terminology_heavy,What does IEC stand for?,Information Education and Communication,bm25,BM25,0.0,0.0,0.0,0.0,0.0,
phase8_r4,owner_validated_exploratory,dev,q_0035,terminology_heavy,What does PHC stand for?,Primary Health Centre,bm25,BM25,0.2,1.0,0.1,0.38685280723454163,1.0,
phase8_r4,owner_validated_exploratory,dev,q_0036,terminology_heavy,What does PMMVY stand for?,Pradhan Mantri Matru Vandana Yojana,bm25,BM25,0.0,0.0,0.0,0.0,0.0,
phase8_r4,owner_validated_exploratory,dev,q_0037,terminology_heavy,What does NFSA stand for?,National Food Security Act,bm25,BM25,0.2,1.0,0.1,0.38685280723454163,1.0,
phase8_r4,owner_validated_exploratory,test,q_0038,terminology_heavy,What does NHM stand for?,National Health Mission,bm25,BM25,0.5,1.0,0.1,0.6309297535714575,1.0,
phase8_r4,owner_validated_exploratory,test,q_0039,terminology_heavy,What does NRHM stand for?,National Rural Health Mission,bm25,BM25,0.3333333333333333,1.0,0.1,0.5,1.0,
phase8_r4,owner_validated_exploratory,dev,q_0040,terminology_heavy,What does AVTS stand for?,Advanced Vocational Training Scheme,bm25,BM25,0.16666666666666666,1.0,0.1,0.3562071871080222,1.0,
phase8_r4,owner_validated_exploratory,dev,q_0041,paraphrase,What detail does the source provide about Pradhan Mantri Adi Adarsh Gram Yojana (PMAAGY)?,Answer: The village must have at least 50% Scheduled Tribe population.,bm25,BM25,0.5,1.0,0.1,0.6309297535714575,1.0,
phase8_r4,owner_validated_exploratory,dev,q_0042,paraphrase,What detail does the source provide about Scheme for Prevention of Alcoholism and Substance Abuse?,METHOD OF DRUG TAKING (Please state the number of clients) Oral Sniffing Injecting (IDU) Any other CLIENT’S DETAILS (During the half-year under review) 10.,bm25,BM25,0.0,0.0,0.0,0.0,0.0,
phase8_r4,owner_validated_exploratory,dev,q_0043,paraphrase,What detail does the source provide about NPS Vatsalya Scheme?,"Answer: Yes, Non-Resident Indians (NRIs) and Overseas Citizens of India (OCIs) under 18 years of age can join the scheme.",bm25,BM25,1.0,1.0,0.1,1.0,1.0,
phase8_r4,owner_validated_exploratory,dev,q_0044,paraphrase,What detail does the source provide about MANAGE Internship Programme?,mentioned that the selection is based on evaluation of the proposals received.,bm25,BM25,1.0,1.0,0.1,1.0,1.0,
phase8_r4,owner_validated_exploratory,test,q_0045,paraphrase,What detail does the source provide about AVYAY - National Action Plan for Senior Citizens: Health and Shelter for Senior Citizens?,Answer: The Voluntary Organization must have been registered for a minimum of two years and must demonstrate a track record of at least two years' experience operating in the social sector when submitting the application for the grant.,bm25,BM25,0.3333333333333333,1.0,0.1,0.5,1.0,
phase8_r4,owner_validated_exploratory,test,q_0046,paraphrase,What detail does the source provide about Transgender Persons Welfare Framework?,"(4) Every rule made by the State Government under sub-section (1), shall be laid, as soon as may be after it is made, before each House of the State Legislature where it consists of two Houses, or where such legislature consists of one House, before that House.",bm25,BM25,0.0,0.0,0.0,0.0,0.0,
phase8_r4,owner_validated_exploratory,test,q_0047,paraphrase,What detail does the source provide about Mission Shakti?,implementing organizations should engage a part time doctor for the Centre who should visit the Centre at least once in a week to ensure general health check-up of the residents and also to attend to any emergency situation.,bm25,BM25,0.0,0.0,0.0,0.0,0.0,
phase8_r4,owner_validated_exploratory,dev,q_0048,paraphrase,What detail does the source provide about Welfare Measures for Transgender Persons?,Affidavit that such a person is a ‘third gender’ or ‘transgender’ (if seen as a separate gender category) given by trans community members/leaders who know the person as a transgender or third gender person.,bm25,BM25,0.0,0.0,0.0,0.0,0.0,
phase8_r4,owner_validated_exploratory,test,q_0049,paraphrase,What detail does the source provide about Internship Scheme Of The Department Of Economic Affairs?,job for any other organisation during the internship period.,bm25,BM25,0.3333333333333333,1.0,0.1,0.5,1.0,
phase8_r4,owner_validated_exploratory,dev,q_0050,paraphrase,What detail does the source provide about Universal Immunization Programme - Rotavirus Vaccine?,Bhopal 21.3 38.5 Total 36.8 * Data from two surveillance sites The data from the NRSN from September 2012 to June 2016 is summarized below in Table 10-13.,bm25,BM25,0.0,0.0,0.0,0.0,0.0,
phase8_r4,owner_validated_exploratory,dev,q_0051,paraphrase,What detail does the source provide about ICAR Senior Research Fellowship For Post-Graduate Studies In Agricultural Sciences?,"ICAR awards a certain number of Senior Research Fellowships for Ph.D. in an Agricultural University (AU), in different disciplines of agriculture and allied sciences. This is done to encourage talented students to undertake higher agricultural education.",bm25,BM25,1.0,1.0,0.1,1.0,1.0,
phase8_r4,owner_validated_exploratory,test,q_0052,paraphrase,What detail does the source provide about National Overseas Scholarship For Scheduled Tribes (ST) Students?,study or research and the Institute for which scholarship has been sanctioned.,bm25,BM25,0.2,1.0,0.1,0.38685280723454163,1.0,
phase8_r4,owner_validated_exploratory,dev,q_0053,paraphrase,What detail does the source provide about National Bamboo Mission?,"Detailed description Resultant to this historic amendment, bamboo grown in the non-forest area is out of the scope of regulations on the forest produces.",bm25,BM25,1.0,1.0,0.1,1.0,1.0,
phase8_r4,owner_validated_exploratory,test,q_0054,paraphrase,What detail does the source provide about Internship Programme Of The Department Of Expenditure?,Detailed description The Internship Programme of the Department of Expenditure aims to familiarize willing and eligible undergraduates pursuing five-year integrated courses and Graduates pursuing post-Graduation/ post-Graduates pursuing Research with the overall process of formulation of economic policies of the Government.,bm25,BM25,0.5,1.0,0.1,0.6309297535714575,1.0,
phase8_r4,owner_validated_exploratory,dev,q_0055,paraphrase,What detail does the source provide about Construction of Hostels for OBC Boys and Girls?,"The Scheme aims at providing hostel facilities to students belonging to socially and educationally backward classes, especially from rural areas, to enable them to pursue secondary and higher education.",bm25,BM25,1.0,1.0,0.1,1.0,1.0,
phase8_r4,owner_validated_exploratory,dev,q_0056,paraphrase,What detail does the source provide about SMILE?,(b)The beneficiary should not be availing similar benefits from any other schemes of Centre or state government.,bm25,BM25,0.0,0.0,0.0,0.0,0.0,
phase8_r4,owner_validated_exploratory,dev,q_0057,paraphrase,What detail does the source provide about “Ishan Uday” Special Scholarship Scheme For North Eastern Region?,"applicant should not exceed ₹4,50,000/- per annum from all sources.",bm25,BM25,0.3333333333333333,1.0,0.1,0.5,1.0,
phase8_r4,owner_validated_exploratory,test,q_0058,paraphrase,What detail does the source provide about Pradhan Mantri Anusuchit Jaati Abhyuday Yojana?,"of the same, a print out of the said proposals along with all the requisite documents is to be sent to their respective Administrative Ministries/Departments, who in turn will forward the same to this Ministry along with their recommendations for release of grants-in-aid under the Scheme.",bm25,BM25,0.0,0.0,0.0,0.0,0.0,
phase8_r4,owner_validated_exploratory,test,q_0059,paraphrase,What detail does the source provide about Financial Assistance for Education to the Wards of Beedi/Cine/IOMC/LSDM Workers – Pre & Post-Matric?,"An amount not exceeding Rs.8,000/- per month where such amount is paid monthly or an amount not exceeding Rs.1,00,000/- where it is paid by way of lump sum or instalments; as remuneration of a cine worker for the purpose of this Act.",bm25,BM25,0.3333333333333333,1.0,0.1,0.5,1.0,
phase8_r4,owner_validated_exploratory,dev,q_0060,paraphrase,What detail does the source provide about Internship Scheme Of Employees’ Provident Fund Organisation (EPFO)?,"Soft copies of mark sheets, certificates, and other documentary proofs do not need to be sent with the application.",bm25,BM25,0.5,1.0,0.1,0.6309297535714575,1.0,
phase8_r4,owner_validated_exploratory,dev,q_0061,entity_relation,How are AICTE – Saksham Scholarship Scheme For Specially-Abled Student (Degree) and AICTE – Saksham Scholarship Scheme For Specially-Abled Student (Diploma) related through direct benefit transfer?,"Answer: Scholarship will be disbursed only through Direct Benefit Transfer (DBT) in the bank account of the student by AICTE. Additionally, Answer: Scholarship will be disbursed only through Direct Benefit Transfer (DBT) in the bank account of the student by AICTE.",bm25,BM25,0.3333333333333333,1.0,0.2,0.5706417189553201,1.0,
phase8_r4,owner_validated_exploratory,dev,q_0062,entity_relation,How are Janani Suraksha Yojana (JSY) and Pradhan Mantri Surakshit Matritva Abhiyan related through district hospitals?,"Application Status Tracking To ensure transparency and allow beneficiaries to track their status, a list of Janani Suraksha Yojana beneficiaries, detailing the date of cash disbursement, must be prominently displayed on notice boards at all Sub-centers, Primary Health Centres, Community Health Centres, and District Hospitals. Additionally, Answer: Services are provided at Primary Health Centres, Community Health Centres, District Hospitals, and urban health facilities in both urban and rural areas across the country.",bm25,BM25,0.25,1.0,0.2,0.448643819352159,1.0,
phase8_r4,owner_validated_exploratory,dev,q_0063,entity_relation,How are Coconut Palm Insurance Scheme and Integrated Scheme on Agriculture Cooperation related through ministry of agriculture and farmers welfare?,"The “Coconut Palm Insurance Scheme (CPIS)” is being implemented by the Coconut Development Board, Ministry of Agriculture and Farmers Welfare, Government of India with the objective of insuring coconut palms against natural calamities, climatic risks, pests, diseases, and other perils. Additionally, The Integrated Scheme on Agriculture Cooperation (ISAC) is a Central Sector Scheme of the Ministry of Agriculture and Farmers Welfare, Government of India. It is being implemented through the National Cooperative Development Corporation (NCDC).",bm25,BM25,1.0,1.0,0.2,0.9197207891481876,1.0,
phase8_r4,owner_validated_exploratory,dev,q_0064,entity_relation,How are ICAR Senior Research Fellowship For Post-Graduate Studies In Agricultural Sciences and Indian Agricultural Research Institute - Scholarship related through department of agriculture research and education?,"ICAR awards a certain number of Senior Research Fellowships for Ph.D. in an Agricultural University (AU), in different disciplines of agriculture and allied sciences. This is done to encourage talented students to undertake higher agricultural education. Additionally, The Indian Agricultural Research Institute (IARI) Junior and Senior Scholarship shall be awarded to M.Sc. and Ph.D. students admitted under General Open Competition Scheme.",bm25,BM25,1.0,1.0,0.2,0.9197207891481876,1.0,
phase8_r4,owner_validated_exploratory,dev,q_0065,entity_relation,How are Atal Pension Yojana and Pradhan Mantri Jan Dhan Yojana related through ministry of finance?,"Atal Pension Yojana (APY) is an old age income security scheme for a savings account holder in the age group of 18-40 years, who is not an income tax-payee. It helps to address longevity risks among workers in unorganized sector and encourages the workers to voluntarily save for retirement. Additionally, A National Mission for Financial Inclusion (NMFI), namely, Pradhan Mantri Jan Dhan Yojana (PMJDY) was launched by the Prime Minister across the country on 28th August, 2014. It envisages to provide universal banking services for every unbanked adult in the country.",bm25,BM25,1.0,1.0,0.2,0.8503449055347546,1.0,
phase8_r4,owner_validated_exploratory,dev,q_0066,entity_relation,How are Mission on Integrated Development of Horticulture- NHM and HMNEH and National Agriculture Insurance Scheme related through department of agriculture farmers welfare?,"The scheme aims to promote the holistic growth of the horticulture sector through production enhancement, productivity improvement, post-harvest management, processing, marketing support, skill development, and infrastructure creation for horticulture crops while augmenting farmers’ income. Additionally, The National Agriculture Insurance Scheme (NAIS) was introduced by the Government of India to provide comprehensive insurance coverage and financial support to farmers against crop losses due to natural calamities, pests, and diseases.",bm25,BM25,1.0,0.5,0.1,0.6131471927654584,1.0,
phase8_r4,owner_validated_exploratory,dev,q_0067,entity_relation,How are Indira Gandhi National Disability Pension Scheme and Mission Shakti related through primary health centre?,"Disability certificate:- Disability certificate (80% and More) issued from Chief Medical Officer, Community Health Centre or Primary Health Centre will be accepted. Additionally, k) Certificate of identity with photograph issued by a Gazetted Officer on official letterhead; l) Health Card issued by Primary Health Centre (PHC) or Government Hospital; m) Any other document specified by the State Government or Union Territory Administration 3.",bm25,BM25,0.5,0.5,0.1,0.38685280723454163,1.0,
phase8_r4,owner_validated_exploratory,test,q_0068,entity_relation,How are Mahatma Gandhi National Rural Employment Guarantee Act and National Family Benefit Scheme related through ministry of rural development?,"An employment scheme by the MoRD, providing provide at least 100 days of guaranteed wage employment in a financial year to every rural household whose adult members volunteer to do unskilled work. Any Indian citizen above the age of 18 years and residing in a rural area can apply to this scheme. Additionally, A family welfare scheme under the umbrella scheme ‘National Social Assistance Programme’ (NSAP) by MoRD. In this scheme, financial assistance is provided to the bereaved households in case of the death of the primary breadwinner irrespective of the cause of death.",bm25,BM25,1.0,0.5,0.1,0.6131471927654584,1.0,
phase8_r4,owner_validated_exploratory,test,q_0069,entity_relation,How are Aam Aadmi Bima Yojana and Central Sector Scheme for Rehabilitation of Bonded Labourer related through ministry of labour and employment?,"The Aam Aadmi Bima Yojana (AABY) is a social security scheme for rural landless households implemented by the Ministry of Labour & Employment, Government of India. The scheme provides insurance coverage to the head of the household or an earning member of the family in the age group of 18 to 59. Additionally, bonded labourers, including financial support for marriage. Offering special care for disabled individuals, in line with the national policy for disabled people. Providing employable skill development training for adult bonded labourers who do not fall into the above categories.",bm25,BM25,1.0,1.0,0.2,1.0,1.0,
phase8_r4,owner_validated_exploratory,dev,q_0070,entity_relation,How are Food Safety & Standards Authority Of India (FSSAI) Internship Scheme and Pradhan Mantri Surakshit Matritva Abhiyan related through ministry of health family welfare?,"The Internship Program by the FSSAI provides interns with unique learning opportunities in various areas of food regulation of food safety administration. FSSAI is a statutory body established under the Food Safety & Standards Act, 2006 under the aegis of the Ministry of Health & Family Welfare. Additionally, instructions and priority attention for continued care. Question: What is the minimum documentation required for me to register and receive antenatal care services at the designated health facility? Answer: You need Mother and Child Protection Card (if available), Aadhaar Card or any government issued identity proof, and previous medical records, with minimal documentation to ensure universal access. Question: When was this national maternal health program launched and which government ministry is responsible for its implementation across the country? Answer: The scheme was launched on 9th Jun",bm25,BM25,1.0,1.0,0.2,0.7977228895450266,1.0,
phase8_r4,owner_validated_exploratory,test,q_0071,entity_relation,How are Janani Suraksha Yojana (JSY) and Welfare Measures for Transgender Persons related through government hospitals?,"Free Diet: Hot cooked meals in Government Hospitals and Tertiary Care Centers; two dry packs of biscuits and a milk packet in Primary Health Centres/Community Health Centres. Additionally, The members also exposed that their primary need is house and requested to provide house and employment opportunity in Government Hospitals and AmmaUnavuThittam.",bm25,BM25,0.3333333333333333,1.0,0.1,0.5,1.0,
phase8_r4,owner_validated_exploratory,test,q_0072,entity_relation,"How are AICTE – Mitacs Globalink Research Internship (GRI) Scheme and AICTE - YOUTH UNDERTAKING VISIT FOR ACQUIRING KNOWLEDGE (YUVAK): STUDY TOUR OF ATAL TUNNEL, HIMACHAL PRADESH related through ministry of education?","The scheme aims to promote collaborative research between India and Canada. Through this scheme, fully funded international research internships are provided to eligible Indian undergraduate students. Additionally, The scheme is intended for providing Financial Grant for conducting a Study Tour of ATAL TUNNEL by Students / faculty of AICTE approved Institutions in the field of technical education.",bm25,BM25,1.0,1.0,0.2,0.9197207891481876,1.0,
phase8_r4,owner_validated_exploratory,test,q_0073,entity_relation,How are Aam Aadmi Bima Yojana and Internship Scheme Of Employees’ Provident Fund Organisation (EPFO) related through ministry of labour and employment level: central scheme?,"The Aam Aadmi Bima Yojana (AABY) is a social security scheme for rural landless households implemented by the Ministry of Labour & Employment, Government of India. The scheme provides insurance coverage to the head of the household or an earning member of the family in the age group of 18 to 59. Additionally, The Internship Scheme of Employees’ Provident Fund Organization invites applications for Internships from students for engagement as “Interns” with EPFO. The “Interns” shall have an opportunity to know about the EPFO’s functioning and Departmental Policy issues in EPFO and Government of India.",bm25,BM25,1.0,1.0,0.2,1.0,1.0,
phase8_r4,owner_validated_exploratory,test,q_0074,entity_relation,How are Credit Linked Subsidy Scheme for Middle Income Group and Micro Finance Scheme of NMDFC related through backward classes?,"Note: Preference from MIG segments, may be given to women (with overriding preference to widows, and single working women), persons belonging to Scheduled Castes/Scheduled Tribes/Other Backward Classes, persons with disabilities, and Transgender. Additionally, The remaining up to 25% may belong to weaker sections, including Scheduled Castes, Scheduled Tribes, Other Backward Classes, or Persons with Disabilities.",bm25,BM25,0.5,1.0,0.2,0.6934264036172708,1.0,
phase8_r4,owner_validated_exploratory,dev,q_0075,entity_relation,How are Mahatma Gandhi National Rural Employment Guarantee Act and National Food Security Mission NFSM related through gram panchayat?,"Application process Offline Step 1: The application for registration may be given on plain paper to the local Gram Panchayat. Additionally, Gram Panchayat should be involved in selection of beneficiary farmers.",bm25,BM25,0.3333333333333333,1.0,0.2,0.4911492931622974,1.0,
phase8_r4,owner_validated_exploratory,dev,q_0076,entity_relation,How are Pradhan Mantri Jan Dhan Yojana and Pradhan Mantri Jeevan Jyoti Bima Yojana related through department of financial service implementing?,"A National Mission for Financial Inclusion (NMFI), namely, Pradhan Mantri Jan Dhan Yojana (PMJDY) was launched by the Prime Minister across the country on 28th August, 2014. It envisages to provide universal banking services for every unbanked adult in the country. Additionally, Pradhan Mantri Jeevan Jyoti Bima Yojana (PMJJBY) is an insurance scheme offering life insurance cover for death due to any reason. It is a one-year cover, renewable from year to year. The scheme is offered by banks/post offices and administered through life insurance companies.",bm25,BM25,1.0,1.0,0.2,1.0,1.0,
phase8_r4,owner_validated_exploratory,test,q_0077,entity_relation,How are Indira Gandhi National Disability Pension Scheme and Indira Gandhi National Widow Pension Scheme related through gram panchayat / municipality?,"to by Gram Sabha / Ward Sabhas, Gram Panchayats / Municipalities the Verification Officer directly submits his recommendations to the Sanctioning Authority under intimation to the Gram Panchayat / Municipality. Additionally, If the time limits are not adhered to by Gram Sabha / Ward Sabhas, Gram Panchayats / Municipalities the Verification Officer directly submits his recommendations to the Sanctioning Authority under intimation to the Gram Panchayat / Municipality.",bm25,BM25,1.0,1.0,0.2,0.8772153153380493,1.0,
phase8_r4,owner_validated_exploratory,dev,q_0078,entity_relation,How are CIFE - Institutional Fellowship and SMILE related through the university/institute?,"Program in the University/Institute other than that from where he/she has obtained the Bachelor's Degree. Additionally, The University/Institute will not charge any fee for verification.",bm25,BM25,1.0,0.5,0.1,0.6131471927654584,1.0,
phase8_r4,owner_validated_exploratory,test,q_0079,entity_relation,How are Indira Gandhi National Widow Pension Scheme and Mahatma Gandhi National Rural Employment Guarantee Act related through ministry of rural development department?,"A non-contributory pension scheme to provide social security to widows of poor family (BPL) of the society. Additionally, An employment scheme by the MoRD, providing provide at least 100 days of guaranteed wage employment in a financial year to every rural household whose adult members volunteer to do unskilled work. Any Indian citizen above the age of 18 years and residing in a rural area can apply to this scheme.",bm25,BM25,0.5,1.0,0.2,0.6509209298071326,1.0,
phase8_r4,owner_validated_exploratory,dev,q_0080,entity_relation,How are Centrally Sponsored Scheme of Upgradation of Merit of Scheduled Caste Students and PM Janjati Adivasi Nyaya Maha Abhiyan (PM JANMAN) related through states and union territories?,"Answer: A maximum of 2,050 fresh students are covered annually under the scheme, with implementation across 19 States and Union Territories. Additionally, The applicant must reside in one of the 18 States and Union Territories having a notified Particularly Vulnerable Tribal Group population.",bm25,BM25,0.3333333333333333,1.0,0.2,0.5437713091520254,1.0,
phase8_r4,owner_validated_exploratory,dev,q_0081,multi_hop,What combined evidence connects National Savings Certificates (VIII-Issue) Scheme and Pradhan Mantri Jeevan Jyoti Bima Yojana through ministry of finance department?,"The scheme “National Savings Certificates (VIII-Issue) Scheme” was launched by the Department of Economic Affairs, Ministry of Finance, Government of India to promote a culture of long-term savings among individuals. Additionally, Pradhan Mantri Jeevan Jyoti Bima Yojana (PMJJBY) is an insurance scheme offering life insurance cover for death due to any reason. It is a one-year cover, renewable from year to year. The scheme is offered by banks/post offices and administered through life insurance companies.",bm25,BM25,1.0,1.0,0.2,0.9197207891481876,1.0,
phase8_r4,owner_validated_exploratory,dev,q_0082,multi_hop,What combined evidence connects Scheme for Prevention of Alcoholism and Substance Abuse and SMILE through national institute of social defence?,"has successfully completed programme on ------------------- organized by National Institute of Social Defence, New Delhi in collaboration with RRTC -------------------- held at. Additionally, The National Institute of Social Defence has to prepare an annual action plan and submit it to the Ministry by March positively with a proper budget (h)Constitution of a committee in all educational organizations for transgender persons to deal with cases of any harassment or discrimination.",bm25,BM25,0.5,0.5,0.1,0.38685280723454163,1.0,
phase8_r4,owner_validated_exploratory,test,q_0083,multi_hop,What combined evidence connects Ambedkar Social Innovation and Incubation Mission (ASIIM) and Credit Enhancement Guarantee Scheme For The Scheduled Castes through scheduled caste?,"Selection and Automatic Incubation The start-up ideas presented by Scheduled Caste (SC)/Scheduled Caste Divyang students that have been selected by the Technology Business Incubators (TBIs) will be automatically selected for incubation under the Ambedkar Social Innovation and Incubation Mission (ASIIM). Additionally, 3: After approval of the loan, the MLI shall issue a valid Sanction Letter/Letter of Intent (LoI) to the Scheduled Caste beneficiary, enterprise, company, firm, society, sole proprietorship firm, or individual.",bm25,BM25,0.5,1.0,0.2,0.5802792108518124,1.0,
phase8_r4,owner_validated_exploratory,dev,q_0084,multi_hop,What combined evidence connects Mahila Samman Savings Certificate and National Savings Certificates (VIII-Issue) Scheme through department of economic affairs implementing?,"The scheme aims to provide a secure savings option with assured returns for women. Through this scheme, 7.5% interest and flexible savings benefits are provided to women and minor girls. Additionally, The scheme “National Savings Certificates (VIII-Issue) Scheme” was launched by the Department of Economic Affairs, Ministry of Finance, Government of India to promote a culture of long-term savings among individuals.",bm25,BM25,1.0,1.0,0.2,1.0,1.0,
phase8_r4,owner_validated_exploratory,dev,q_0085,multi_hop,What combined evidence connects Micro Finance Scheme of NMDFC and National Mission on Edible Oils- Oil Palm through self help groups?,"Answer: The scheme benefits members of Self Help Groups (SHGs), primarily minority women, who are engaged in small trade or income-generating activities and have limited access to formal banking systems. Additionally, Answer: The State Governments may develop a sound mechanism for involvement of PRIs in the formulation, prioritization of activities & identification of beneficiaries at grass root level and ensure involvement of NGOs, Self Help Groups and Private companies for selection of beneficiary, identification and mapping of priority areas, liaising with processors, state officials and SAUs, etc.",bm25,BM25,0.5,1.0,0.2,0.6509209298071326,1.0,
phase8_r4,owner_validated_exploratory,test,q_0086,multi_hop,What combined evidence connects Indira Gandhi National Widow Pension Scheme and Janani Suraksha Yojana (JSY) through below poverty line?,"The applicant must belong to a household identified as living Below Poverty Line (BPL) as per the criteria prescribed by the Government of India. Additionally, The applicant does not need any marriage or Below Poverty Line (BPL) certification if delivering in a Government or accredited private health institution.",bm25,BM25,0.2,1.0,0.2,0.45560514958746035,1.0,
phase8_r4,owner_validated_exploratory,test,q_0087,multi_hop,What combined evidence connects Begum Hazrat Mahal National Scholarship Program and Maulana Azad National Fellowship For Minority Students through ministry of minority affairs?,"Begum Hazrat Mahal National scholarship is a scholarship scheme also known as Maulana Azad National scholarship scheme was first announced on 3rd May 2003. It is a national level scholarship started for the benefit of the girl’s student belonging to the minority communities. Additionally, Maulana Azad National Fellowship For Minority Students was launched in 2009 by the Ministry of Minority Affairs for providing financial aid to students for their higher studies.",bm25,BM25,1.0,1.0,0.2,0.9197207891481876,1.0,
phase8_r4,owner_validated_exploratory,dev,q_0088,multi_hop,What combined evidence connects Internship Scheme Of The Department Of Economic Affairs and Kisan Vikas Patra Scheme through department of economic affairs?,"Answer: This internship is neither a job nor any such assurance thereof in the Department of Economic Affairs. Additionally, Answer: ‘Kisan Vikas Patra Scheme’ was relaunched in the year 2014 by the Department of Economic Affairs, Ministry Of Finance, Government of India in view of the popular demand and to revitalize Small Savings.",bm25,BM25,0.5,1.0,0.2,0.6509209298071326,1.0,
phase8_r4,owner_validated_exploratory,test,q_0089,multi_hop,What combined evidence connects AVYAY - National Action Plan for Senior Citizens: Health and Shelter for Senior Citizens and SMILE through the companies act?,"Answer: The Non-Governmental Organization must be a charitable company licensed specifically under Section 25 of the Companies Act, 1958, to meet the eligibility requirements for receiving grant-in-aid. Additionally, (b)A registered public Trust (c)A Company established under Section 25 of the Companies Act, B.",bm25,BM25,1.0,0.5,0.1,0.6131471927654584,1.0,
phase8_r4,owner_validated_exploratory,test,q_0090,multi_hop,What combined evidence connects Agricultural Extension and ICAR Senior Research Fellowship For Post-Graduate Studies In Agricultural Sciences through department of agriculture research?,"Extension Division endeavours towards successful implementation of Agricultural Extension activities. Through its various programmes, schemes and activities, Extension Division helps farmers to get information regarding scientific research and new knowledge in agricultural practices. Additionally, ICAR awards a certain number of Senior Research Fellowships for Ph.D. in an Agricultural University (AU), in different disciplines of agriculture and allied sciences. This is done to encourage talented students to undertake higher agricultural education.",bm25,BM25,1.0,0.5,0.1,0.6131471927654584,1.0,
phase8_r4,owner_validated_exploratory,dev,q_0091,multi_hop,What combined evidence connects Indira Gandhi National Widow Pension Scheme and Pradhan Mantri Gram Sadak Yojana through department of rural development?,"A non-contributory pension scheme to provide social security to widows of poor family (BPL) of the society. Additionally, With the objective of providing rural connectivity, the Government of India launched the Pradhan Mantri Gram Sadak Yojana (referred to as PMGSY-I hereinafter) on 25th December 2000 to provide all-weather access to eligible unconnected habitations.",bm25,BM25,1.0,1.0,0.2,1.0,1.0,
phase8_r4,owner_validated_exploratory,dev,q_0092,multi_hop,What combined evidence connects Begum Hazrat Mahal National Scholarship Program and SMILE through the state government/union territory administration?,"The State Government/Union Territory Administration can also directly cancel the award if duly satisfied with the reasons of violation of these regulations governing the scheme. Additionally, (c)The scholarship shall be awarded to students studying in a government or private higher secondary school/college/university, including such residential institutes of the Government and eligible private institutes selected and notified in a transparent manner by the State Government/Union Territory Administration concerned.",bm25,BM25,1.0,1.0,0.2,0.8503449055347546,1.0,
phase8_r4,owner_validated_exploratory,test,q_0093,multi_hop,What combined evidence connects Construction of Hostels for OBC Boys and Girls and Disha - Early Intervention and School Readiness Scheme through ministry of social justice?,"The Scheme aims at providing hostel facilities to students belonging to socially and educationally backward classes, especially from rural areas, to enable them to pursue secondary and higher education. Additionally, This scheme aims at setting up Disha Centres for early intervention for Person with Disability (PwD) in 0-10 years of age covered under the National Trust Act, through therapies, trainings and providing support to family members.",bm25,BM25,1.0,1.0,0.2,1.0,1.0,
phase8_r4,owner_validated_exploratory,dev,q_0094,multi_hop,What combined evidence connects ICAR Junior Research Fellowship For Post-Graduate Studies In Agricultural Sciences and ICAR Senior Research Fellowship For Post-Graduate Studies In Agricultural Sciences through aligarh muslim university?,"Banaras Hindu University (BHU), Aligarh Muslim University (AMU), Visva Bharti, and Nagaland University, collectively hereinafter referred to as the Agricultural Universities (AUs). Additionally, Banaras Hindu University (BHU), Aligarh Muslim University (AMU), Visva Bharti, and Nagaland University, collectively hereinafter referred to as the Agricultural Universities (AUs).",bm25,BM25,1.0,1.0,0.2,1.0,1.0,
phase8_r4,owner_validated_exploratory,dev,q_0095,multi_hop,What combined evidence connects AICTE e-Shodh Sindhu Scheme (eSS) and AICTE SHORT TERM TRAINING PROGRAMME-SFURTI SCHEME through department of higher education?,"AICTE e-Shodh Sindhu Scheme (eSS) provides subscriptions of e-Resources like Web of Science, Scopus, ASME, ASCE and Bentham Science to institutions. Additionally, Short Term Training Programme-SFURTI Program aims to provide financial assistance from AICTE to the institutions for conducting faculty and student trainings to enable faculty members and students in the field of technical education.",bm25,BM25,1.0,1.0,0.2,0.9197207891481876,1.0,
phase8_r4,owner_validated_exploratory,dev,q_0096,multi_hop,What combined evidence connects AICTE – Mitacs Globalink Research Internship (GRI) Scheme and AICTE SHORT TERM TRAINING PROGRAMME-SFURTI SCHEME through ministry of education department?,"The scheme aims to promote collaborative research between India and Canada. Through this scheme, fully funded international research internships are provided to eligible Indian undergraduate students. Additionally, Short Term Training Programme-SFURTI Program aims to provide financial assistance from AICTE to the institutions for conducting faculty and student trainings to enable faculty members and students in the field of technical education.",bm25,BM25,1.0,1.0,0.2,0.9197207891481876,1.0,
phase8_r4,owner_validated_exploratory,dev,q_0097,multi_hop,What combined evidence connects Mission on Integrated Development of Horticulture- NHM and HMNEH and Pradhan Mantri Gram Sadak Yojana through himalayan states?,"The Government of India contributes 60% of the programme cost and States contribute 40%; for North Eastern and Himalayan States, the sharing pattern is 90:10. Additionally, For North Eastern and Himalayan States (Jammu & Kashmir, Uttarakhand, and Himachal Pradesh) 90% of a project is the Union Government funds, and 10% of this cost, is the State Government funds.",bm25,BM25,1.0,1.0,0.2,1.0,1.0,
phase8_r4,owner_validated_exploratory,test,q_0098,multi_hop,What combined evidence connects Coconut Palm Insurance Scheme and Kera Suraksha Insurance Scheme through coconut development board?,"Loss assessment certification is required to be furnished by the Coconut Development Board (CDB)/Agriculture/Horticulture Department/State Agriculture University (SAU), as authorized by the insurance company for each district, justifying cause for loss of palm, within 15 days from the intimation of loss. Additionally, Answer: Application form duly filled in and countersigned by Agriculture officer/Panchayath President/CPF office bearers/CPC Directors along with premium share and age proof needs to be sent to Chairman, Coconut Development Board, Kera Bhavan, SRVHS Road, Kochi - 682011, Kerala.",bm25,BM25,0.25,1.0,0.2,0.448643819352159,1.0,
phase8_r4,owner_validated_exploratory,test,q_0099,multi_hop,What combined evidence connects Pradhan Mantri Awas Yojana - Urban and Swachh Bharat Mission – Urban 2.0 through ministry of housing & urban affairs level?,"Pradhan Mantri Awas Yojana - Urban (PMAY-U) Scheme was launched on 25th June 2015 by the Hon’ble Prime Minister to provide all-weather pucca houses to all eligible urban households across the nation with the vision of ‘Housing for All’. Additionally, A sanitation scheme for the construction of Individual Household Latrines (IHHL) for urban households.",bm25,BM25,1.0,1.0,0.2,1.0,1.0,
phase8_r4,owner_validated_exploratory,dev,q_0100,multi_hop,What combined evidence connects Institutional Support for Development and Marketing of Tribal Products/Produce and PM Janjati Adivasi Nyaya Maha Abhiyan (PM JANMAN) through ministry of tribal affairs?,"details of grants received from the Central Government so far under this scheme and UC pending Copies of annual reports/Balance sheets for the last three years Any other document, as required Additionally, The scheme aims to improve the socio-economic status of PVTGs by saturating families and habitations with basic facilities and services. It provides 11 critical infrastructure and welfare interventions, including housing, water, electricity, and connectivity.",bm25,BM25,1.0,1.0,0.2,0.8315546295836225,1.0,
phase8_r4,owner_validated_exploratory,test,q_0001,exact_match,What is Mission Shakti?,"As you may be aware that the Govemment of India has launched 'Mission Shakti' - an integrated women empowerment programme as umbrella scheme for the safety, security and empowerment of women for implementation during the 15'h Finance Commission period 2O2l-22 to 2025-26.",faiss_cosine,FAISS normalized-cosine,0.1,1.0,0.1,0.2890648263178879,1.0,
phase8_r4,owner_validated_exploratory,test,q_0002,exact_match,What is ICAR Senior Research Fellowship For Post-Graduate Studies In Agricultural Sciences?,"ICAR awards a certain number of Senior Research Fellowships for Ph.D. in an Agricultural University (AU), in different disciplines of agriculture and allied sciences. This is done to encourage talented students to undertake higher agricultural education.",faiss_cosine,FAISS normalized-cosine,0.3333333333333333,1.0,0.1,0.5,1.0,
phase8_r4,owner_validated_exploratory,dev,q_0003,exact_match,What is National Bamboo Mission?,"The restructured National Bamboo Mission primarily focuses on the development of complete value chain of bamboo sector to link growers with consumers starting from planting material, plantation, creation of facilities, skilled manpower and brand processing marketing, micro, small & medium enterprises, skilled manpower and brand building initiative in a cluster approach mode.",faiss_cosine,FAISS normalized-cosine,1.0,1.0,0.1,1.0,1.0,
phase8_r4,owner_validated_exploratory,dev,q_0004,exact_match,What is Internship Programme Of The Department Of Expenditure?,Detailed description The Internship Programme of the Department of Expenditure aims to familiarize willing and eligible undergraduates pursuing five-year integrated courses and Graduates pursuing post-Graduation/ post-Graduates pursuing Research with the overall process of formulation of economic policies of the Government.,faiss_cosine,FAISS normalized-cosine,1.0,1.0,0.1,1.0,1.0,
phase8_r4,owner_validated_exploratory,dev,q_0005,exact_match,What is Construction of Hostels for OBC Boys and Girls?,"The Scheme aims at providing hostel facilities to students belonging to socially and educationally backward classes, especially from rural areas, to enable them to pursue secondary and higher education.",faiss_cosine,FAISS normalized-cosine,1.0,1.0,0.1,1.0,1.0,
phase8_r4,owner_validated_exploratory,dev,q_0006,exact_match,What is PM Janjati Adivasi Nyaya Maha Abhiyan (PM JANMAN)?,"The scheme aims to improve the socio-economic status of PVTGs by saturating families and habitations with basic facilities and services. It provides 11 critical infrastructure and welfare interventions, including housing, water, electricity, and connectivity.",faiss_cosine,FAISS normalized-cosine,1.0,1.0,0.1,1.0,1.0,
phase8_r4,owner_validated_exploratory,test,q_0007,exact_match,What is Agricultural Extension?,"Answer: The scheme includes Support to State Extension Programmes for Extension Reforms, Mass Media Support to Agricultural Extension, Agri-Clinic and Agri-Business Centres (ACABC), and Extension Support to Central Institutions",faiss_cosine,FAISS normalized-cosine,0.16666666666666666,1.0,0.1,0.3562071871080222,1.0,
phase8_r4,owner_validated_exploratory,test,q_0008,exact_match,What is Scheme for Prevention of Alcoholism and Substance Abuse?,"The aims and objectives of the scheme for prevention of alcoholism and substance abuse are - To support activities of non-governmental organisations, working in the areas of prevention of addiction and rehabilitation of drug users with the rights based approach.",faiss_cosine,FAISS normalized-cosine,0.25,1.0,0.1,0.43067655807339306,1.0,
phase8_r4,owner_validated_exploratory,dev,q_0009,exact_match,What is Universal Immunization Programme - Rotavirus Vaccine?,"Operational Guidelines Introduction of Rotavirus Vaccine in the Universal Immunization Programme ROTAVIRUS VACCINE IN INDIA 4.1 The Rotavirus Vaccine in UIP Based on recommendation by the National Technical Advisory Group on Immunization (NTAGI), the Ministry of Health and Family Welfare (MoHFW), the Government of India (GoI) decided to introduce Rotavirus vaccine in the Universal Immunization Programme (UIP) in a phased manner.",faiss_cosine,FAISS normalized-cosine,0.0,0.0,0.0,0.0,0.0,
phase8_r4,owner_validated_exploratory,dev,q_0010,exact_match,What is Pradhan Mantri Gram Sadak Yojana?,"With the objective of providing rural connectivity, the Government of India launched the Pradhan Mantri Gram Sadak Yojana (referred to as PMGSY-I hereinafter) on 25th December 2000 to provide all-weather access to eligible unconnected habitations.",faiss_cosine,FAISS normalized-cosine,1.0,1.0,0.1,1.0,1.0,
phase8_r4,owner_validated_exploratory,dev,q_0011,exact_match,What is Kisan Vikas Patra Scheme?,"‘Kisan Vikas Patra Scheme’ was relaunched in the year 2014 by the Department of Economic Affairs, Ministry Of Finance, Government of India in view of the popular demand and to revitalize Small Savings. The amount invested in Kisan Vikas Patra (KYP) doubles in 115 months at the present rate.",faiss_cosine,FAISS normalized-cosine,1.0,1.0,0.1,1.0,1.0,
phase8_r4,owner_validated_exploratory,test,q_0012,exact_match,What is National Savings Certificates (VIII-Issue) Scheme?,"Answer: The scheme “National Savings Certificates (VIII-Issue) Scheme” was launched by the Department of Economic Affairs, Ministry of Finance, Government of India to promote a culture of long-term savings among individuals.",faiss_cosine,FAISS normalized-cosine,0.2,1.0,0.1,0.38685280723454163,1.0,
phase8_r4,owner_validated_exploratory,test,q_0013,exact_match,What is Atal Mission For Rejuvenation And Urban Transformation?,Detailed description The purpose of the Atal Mission for Rejuvenation and Urban Transformation (AMRUT) is to Ensure that every household has access to a tap with the assured supply of water and a sewerage connection.,faiss_cosine,FAISS normalized-cosine,1.0,1.0,0.1,1.0,1.0,
phase8_r4,owner_validated_exploratory,dev,q_0014,exact_match,What is Maulana Azad National Fellowship For Minority Students?,Maulana Azad National Fellowship For Minority Students was launched in 2009 by the Ministry of Minority Affairs for providing financial aid to students for their higher studies.,faiss_cosine,FAISS normalized-cosine,1.0,1.0,0.1,1.0,1.0,
phase8_r4,owner_validated_exploratory,dev,q_0015,exact_match,What is Kisan Credit Card?,"Eligibility Farmers - individual/joint borrowers who are owner cultivators; Tenant farmers, oral lessees & share croppers; Self Help Groups (SHGs) or Joint Liability Groups (JLGs) of farmers including tenant farmers, share croppers etc Application process Online Visit the website of the bank you wish to apply for the kisan credit card scheme.",faiss_cosine,FAISS normalized-cosine,0.25,1.0,0.1,0.43067655807339306,1.0,
phase8_r4,owner_validated_exploratory,dev,q_0016,exact_match,What is Begum Hazrat Mahal National Scholarship Program?,Begum Hazrat Mahal National scholarship is a scholarship scheme also known as Maulana Azad National scholarship scheme was first announced on 3rd May 2003. It is a national level scholarship started for the benefit of the girl’s student belonging to the minority communities.,faiss_cosine,FAISS normalized-cosine,1.0,1.0,0.1,1.0,1.0,
phase8_r4,owner_validated_exploratory,test,q_0017,exact_match,What is Indira Gandhi National Disability Pension Scheme?,Answer: The Indira Gandhi National Disability Pension Scheme (IGNDPS) was formally launched in February 2009 under the National Social Assistance Programme,faiss_cosine,FAISS normalized-cosine,0.5,1.0,0.1,0.6309297535714575,1.0,
phase8_r4,owner_validated_exploratory,dev,q_0018,exact_match,What is Atal Pension Yojana?,"Atal Pension Yojana (APY) is an old age income security scheme for a savings account holder in the age group of 18-40 years, who is not an income tax-payee. It helps to address longevity risks among workers in unorganized sector and encourages the workers to voluntarily save for retirement.",faiss_cosine,FAISS normalized-cosine,1.0,1.0,0.1,1.0,1.0,
phase8_r4,owner_validated_exploratory,test,q_0019,exact_match,What is Disha - Early Intervention and School Readiness Scheme?,Answer: Disha-Early Intervention and School Readiness Scheme was launched by the Department of Empowerment of Persons with Disabilities.,faiss_cosine,FAISS normalized-cosine,0.5,1.0,0.1,0.6309297535714575,1.0,
phase8_r4,owner_validated_exploratory,dev,q_0020,exact_match,What is ICMR- Post Doctoral Fellowship?,"Answer: ICMR- Post Doctoral Fellowship (ICMR-PDF) Scheme is being instituted to foster high-quality research opportunities for promising fresh Ph.D./MD/MS holders in the cutting-edge areas of basic science, communicable and non-communicable diseases, and reproductive health including nutrition at ICMR Institutes /Centers.",faiss_cosine,FAISS normalized-cosine,1.0,1.0,0.1,1.0,1.0,
phase8_r4,owner_validated_exploratory,test,q_0021,terminology_heavy,What does VDP stand for?,Village Development Plan,faiss_cosine,FAISS normalized-cosine,0.0,0.0,0.0,0.0,0.0,
phase8_r4,owner_validated_exploratory,test,q_0022,terminology_heavy,What does GFR stand for?,General Financial Rules,faiss_cosine,FAISS normalized-cosine,0.0,0.0,0.0,0.0,0.0,
phase8_r4,owner_validated_exploratory,test,q_0023,terminology_heavy,What does MSJE stand for?,Ministry of Social Justice and Empowerment,faiss_cosine,FAISS normalized-cosine,0.14285714285714285,1.0,0.1,0.3333333333333333,1.0,
phase8_r4,owner_validated_exploratory,test,q_0024,terminology_heavy,What does NIOS stand for?,National Institute for Open Schooling,faiss_cosine,FAISS normalized-cosine,0.0,0.0,0.0,0.0,0.0,
phase8_r4,owner_validated_exploratory,dev,q_0025,terminology_heavy,What does UIP stand for?,Universal Immunization Programme,faiss_cosine,FAISS normalized-cosine,0.0,0.0,0.0,0.0,0.0,
phase8_r4,owner_validated_exploratory,dev,q_0026,terminology_heavy,What does RVIS stand for?,Rotavirus Vaccine Impact Study,faiss_cosine,FAISS normalized-cosine,0.0,0.0,0.0,0.0,0.0,
phase8_r4,owner_validated_exploratory,dev,q_0027,terminology_heavy,What does ICDS stand for?,Integrated Child Development Services,faiss_cosine,FAISS normalized-cosine,0.0,0.0,0.0,0.0,0.0,
phase8_r4,owner_validated_exploratory,dev,q_0028,terminology_heavy,What does AU stand for?,Agricultural University,faiss_cosine,FAISS normalized-cosine,0.16666666666666666,1.0,0.1,0.3562071871080222,1.0,
phase8_r4,owner_validated_exploratory,dev,q_0029,terminology_heavy,What does BHU stand for?,Banaras Hindu University,faiss_cosine,FAISS normalized-cosine,0.0,0.0,0.0,0.0,0.0,
phase8_r4,owner_validated_exploratory,test,q_0030,terminology_heavy,What does KGBV stand for?,Kasturba Gandhi Balika Vidyalaya,faiss_cosine,FAISS normalized-cosine,0.0,0.0,0.0,0.0,0.0,
phase8_r4,owner_validated_exploratory,dev,q_0031,terminology_heavy,What does SRLM stand for?,State Rural Livelihood Mission,faiss_cosine,FAISS normalized-cosine,0.0,0.0,0.0,0.0,0.0,
phase8_r4,owner_validated_exploratory,test,q_0032,terminology_heavy,What does CSS stand for?,Centrally Sponsored Scheme,faiss_cosine,FAISS normalized-cosine,0.0,0.0,0.0,0.0,0.0,
phase8_r4,owner_validated_exploratory,dev,q_0033,terminology_heavy,What does MIDH stand for?,Mission for Integrated Development of Horticulture,faiss_cosine,FAISS normalized-cosine,0.0,0.0,0.0,0.0,0.0,
phase8_r4,owner_validated_exploratory,dev,q_0034,terminology_heavy,What does IEC stand for?,Information Education and Communication,faiss_cosine,FAISS normalized-cosine,0.0,0.0,0.0,0.0,0.0,
phase8_r4,owner_validated_exploratory,dev,q_0035,terminology_heavy,What does PHC stand for?,Primary Health Centre,faiss_cosine,FAISS normalized-cosine,0.0,0.0,0.0,0.0,0.0,
phase8_r4,owner_validated_exploratory,dev,q_0036,terminology_heavy,What does PMMVY stand for?,Pradhan Mantri Matru Vandana Yojana,faiss_cosine,FAISS normalized-cosine,0.5,1.0,0.1,0.6309297535714575,1.0,
phase8_r4,owner_validated_exploratory,dev,q_0037,terminology_heavy,What does NFSA stand for?,National Food Security Act,faiss_cosine,FAISS normalized-cosine,0.0,0.0,0.0,0.0,0.0,
phase8_r4,owner_validated_exploratory,test,q_0038,terminology_heavy,What does NHM stand for?,National Health Mission,faiss_cosine,FAISS normalized-cosine,0.0,0.0,0.0,0.0,0.0,
phase8_r4,owner_validated_exploratory,test,q_0039,terminology_heavy,What does NRHM stand for?,National Rural Health Mission,faiss_cosine,FAISS normalized-cosine,0.0,0.0,0.0,0.0,0.0,
phase8_r4,owner_validated_exploratory,dev,q_0040,terminology_heavy,What does AVTS stand for?,Advanced Vocational Training Scheme,faiss_cosine,FAISS normalized-cosine,1.0,1.0,0.1,1.0,1.0,
phase8_r4,owner_validated_exploratory,dev,q_0041,paraphrase,What detail does the source provide about Pradhan Mantri Adi Adarsh Gram Yojana (PMAAGY)?,Answer: The village must have at least 50% Scheduled Tribe population.,faiss_cosine,FAISS normalized-cosine,0.5,1.0,0.1,0.6309297535714575,1.0,
phase8_r4,owner_validated_exploratory,dev,q_0042,paraphrase,What detail does the source provide about Scheme for Prevention of Alcoholism and Substance Abuse?,METHOD OF DRUG TAKING (Please state the number of clients) Oral Sniffing Injecting (IDU) Any other CLIENT’S DETAILS (During the half-year under review) 10.,faiss_cosine,FAISS normalized-cosine,0.0,0.0,0.0,0.0,0.0,
phase8_r4,owner_validated_exploratory,dev,q_0043,paraphrase,What detail does the source provide about NPS Vatsalya Scheme?,"Answer: Yes, Non-Resident Indians (NRIs) and Overseas Citizens of India (OCIs) under 18 years of age can join the scheme.",faiss_cosine,FAISS normalized-cosine,0.0,0.0,0.0,0.0,0.0,
phase8_r4,owner_validated_exploratory,dev,q_0044,paraphrase,What detail does the source provide about MANAGE Internship Programme?,mentioned that the selection is based on evaluation of the proposals received.,faiss_cosine,FAISS normalized-cosine,0.25,1.0,0.1,0.43067655807339306,1.0,
phase8_r4,owner_validated_exploratory,test,q_0045,paraphrase,What detail does the source provide about AVYAY - National Action Plan for Senior Citizens: Health and Shelter for Senior Citizens?,Answer: The Voluntary Organization must have been registered for a minimum of two years and must demonstrate a track record of at least two years' experience operating in the social sector when submitting the application for the grant.,faiss_cosine,FAISS normalized-cosine,0.2,1.0,0.1,0.38685280723454163,1.0,
phase8_r4,owner_validated_exploratory,test,q_0046,paraphrase,What detail does the source provide about Transgender Persons Welfare Framework?,"(4) Every rule made by the State Government under sub-section (1), shall be laid, as soon as may be after it is made, before each House of the State Legislature where it consists of two Houses, or where such legislature consists of one House, before that House.",faiss_cosine,FAISS normalized-cosine,0.0,0.0,0.0,0.0,0.0,
phase8_r4,owner_validated_exploratory,test,q_0047,paraphrase,What detail does the source provide about Mission Shakti?,implementing organizations should engage a part time doctor for the Centre who should visit the Centre at least once in a week to ensure general health check-up of the residents and also to attend to any emergency situation.,faiss_cosine,FAISS normalized-cosine,0.0,0.0,0.0,0.0,0.0,
phase8_r4,owner_validated_exploratory,dev,q_0048,paraphrase,What detail does the source provide about Welfare Measures for Transgender Persons?,Affidavit that such a person is a ‘third gender’ or ‘transgender’ (if seen as a separate gender category) given by trans community members/leaders who know the person as a transgender or third gender person.,faiss_cosine,FAISS normalized-cosine,0.0,0.0,0.0,0.0,0.0,
phase8_r4,owner_validated_exploratory,test,q_0049,paraphrase,What detail does the source provide about Internship Scheme Of The Department Of Economic Affairs?,job for any other organisation during the internship period.,faiss_cosine,FAISS normalized-cosine,0.5,1.0,0.1,0.6309297535714575,1.0,
phase8_r4,owner_validated_exploratory,dev,q_0050,paraphrase,What detail does the source provide about Universal Immunization Programme - Rotavirus Vaccine?,Bhopal 21.3 38.5 Total 36.8 * Data from two surveillance sites The data from the NRSN from September 2012 to June 2016 is summarized below in Table 10-13.,faiss_cosine,FAISS normalized-cosine,0.0,0.0,0.0,0.0,0.0,
phase8_r4,owner_validated_exploratory,dev,q_0051,paraphrase,What detail does the source provide about ICAR Senior Research Fellowship For Post-Graduate Studies In Agricultural Sciences?,"ICAR awards a certain number of Senior Research Fellowships for Ph.D. in an Agricultural University (AU), in different disciplines of agriculture and allied sciences. This is done to encourage talented students to undertake higher agricultural education.",faiss_cosine,FAISS normalized-cosine,0.3333333333333333,1.0,0.1,0.5,1.0,
phase8_r4,owner_validated_exploratory,test,q_0052,paraphrase,What detail does the source provide about National Overseas Scholarship For Scheduled Tribes (ST) Students?,study or research and the Institute for which scholarship has been sanctioned.,faiss_cosine,FAISS normalized-cosine,0.25,1.0,0.1,0.43067655807339306,1.0,
phase8_r4,owner_validated_exploratory,dev,q_0053,paraphrase,What detail does the source provide about National Bamboo Mission?,"Detailed description Resultant to this historic amendment, bamboo grown in the non-forest area is out of the scope of regulations on the forest produces.",faiss_cosine,FAISS normalized-cosine,1.0,1.0,0.1,1.0,1.0,
phase8_r4,owner_validated_exploratory,test,q_0054,paraphrase,What detail does the source provide about Internship Programme Of The Department Of Expenditure?,Detailed description The Internship Programme of the Department of Expenditure aims to familiarize willing and eligible undergraduates pursuing five-year integrated courses and Graduates pursuing post-Graduation/ post-Graduates pursuing Research with the overall process of formulation of economic policies of the Government.,faiss_cosine,FAISS normalized-cosine,1.0,1.0,0.1,1.0,1.0,
phase8_r4,owner_validated_exploratory,dev,q_0055,paraphrase,What detail does the source provide about Construction of Hostels for OBC Boys and Girls?,"The Scheme aims at providing hostel facilities to students belonging to socially and educationally backward classes, especially from rural areas, to enable them to pursue secondary and higher education.",faiss_cosine,FAISS normalized-cosine,0.5,1.0,0.1,0.6309297535714575,1.0,
phase8_r4,owner_validated_exploratory,dev,q_0056,paraphrase,What detail does the source provide about SMILE?,(b)The beneficiary should not be availing similar benefits from any other schemes of Centre or state government.,faiss_cosine,FAISS normalized-cosine,0.2,1.0,0.1,0.38685280723454163,1.0,
phase8_r4,owner_validated_exploratory,dev,q_0057,paraphrase,What detail does the source provide about “Ishan Uday” Special Scholarship Scheme For North Eastern Region?,"applicant should not exceed ₹4,50,000/- per annum from all sources.",faiss_cosine,FAISS normalized-cosine,0.3333333333333333,1.0,0.1,0.5,1.0,
phase8_r4,owner_validated_exploratory,test,q_0058,paraphrase,What detail does the source provide about Pradhan Mantri Anusuchit Jaati Abhyuday Yojana?,"of the same, a print out of the said proposals along with all the requisite documents is to be sent to their respective Administrative Ministries/Departments, who in turn will forward the same to this Ministry along with their recommendations for release of grants-in-aid under the Scheme.",faiss_cosine,FAISS normalized-cosine,0.0,0.0,0.0,0.0,0.0,
phase8_r4,owner_validated_exploratory,test,q_0059,paraphrase,What detail does the source provide about Financial Assistance for Education to the Wards of Beedi/Cine/IOMC/LSDM Workers – Pre & Post-Matric?,"An amount not exceeding Rs.8,000/- per month where such amount is paid monthly or an amount not exceeding Rs.1,00,000/- where it is paid by way of lump sum or instalments; as remuneration of a cine worker for the purpose of this Act.",faiss_cosine,FAISS normalized-cosine,0.5,1.0,0.1,0.6309297535714575,1.0,
phase8_r4,owner_validated_exploratory,dev,q_0060,paraphrase,What detail does the source provide about Internship Scheme Of Employees’ Provident Fund Organisation (EPFO)?,"Soft copies of mark sheets, certificates, and other documentary proofs do not need to be sent with the application.",faiss_cosine,FAISS normalized-cosine,0.5,1.0,0.1,0.6309297535714575,1.0,
phase8_r4,owner_validated_exploratory,dev,q_0061,entity_relation,How are AICTE – Saksham Scholarship Scheme For Specially-Abled Student (Degree) and AICTE – Saksham Scholarship Scheme For Specially-Abled Student (Diploma) related through direct benefit transfer?,"Answer: Scholarship will be disbursed only through Direct Benefit Transfer (DBT) in the bank account of the student by AICTE. Additionally, Answer: Scholarship will be disbursed only through Direct Benefit Transfer (DBT) in the bank account of the student by AICTE.",faiss_cosine,FAISS normalized-cosine,0.2,1.0,0.2,0.45560514958746035,1.0,
phase8_r4,owner_validated_exploratory,dev,q_0062,entity_relation,How are Janani Suraksha Yojana (JSY) and Pradhan Mantri Surakshit Matritva Abhiyan related through district hospitals?,"Application Status Tracking To ensure transparency and allow beneficiaries to track their status, a list of Janani Suraksha Yojana beneficiaries, detailing the date of cash disbursement, must be prominently displayed on notice boards at all Sub-centers, Primary Health Centres, Community Health Centres, and District Hospitals. Additionally, Answer: Services are provided at Primary Health Centres, Community Health Centres, District Hospitals, and urban health facilities in both urban and rural areas across the country.",faiss_cosine,FAISS normalized-cosine,1.0,0.5,0.1,0.6131471927654584,1.0,
phase8_r4,owner_validated_exploratory,dev,q_0063,entity_relation,How are Coconut Palm Insurance Scheme and Integrated Scheme on Agriculture Cooperation related through ministry of agriculture and farmers welfare?,"The “Coconut Palm Insurance Scheme (CPIS)” is being implemented by the Coconut Development Board, Ministry of Agriculture and Farmers Welfare, Government of India with the objective of insuring coconut palms against natural calamities, climatic risks, pests, diseases, and other perils. Additionally, The Integrated Scheme on Agriculture Cooperation (ISAC) is a Central Sector Scheme of the Ministry of Agriculture and Farmers Welfare, Government of India. It is being implemented through the National Cooperative Development Corporation (NCDC).",faiss_cosine,FAISS normalized-cosine,0.5,0.5,0.1,0.38685280723454163,1.0,
phase8_r4,owner_validated_exploratory,dev,q_0064,entity_relation,How are ICAR Senior Research Fellowship For Post-Graduate Studies In Agricultural Sciences and Indian Agricultural Research Institute - Scholarship related through department of agriculture research and education?,"ICAR awards a certain number of Senior Research Fellowships for Ph.D. in an Agricultural University (AU), in different disciplines of agriculture and allied sciences. This is done to encourage talented students to undertake higher agricultural education. Additionally, The Indian Agricultural Research Institute (IARI) Junior and Senior Scholarship shall be awarded to M.Sc. and Ph.D. students admitted under General Open Competition Scheme.",faiss_cosine,FAISS normalized-cosine,0.3333333333333333,0.5,0.1,0.3065735963827292,1.0,
phase8_r4,owner_validated_exploratory,dev,q_0065,entity_relation,How are Atal Pension Yojana and Pradhan Mantri Jan Dhan Yojana related through ministry of finance?,"Atal Pension Yojana (APY) is an old age income security scheme for a savings account holder in the age group of 18-40 years, who is not an income tax-payee. It helps to address longevity risks among workers in unorganized sector and encourages the workers to voluntarily save for retirement. Additionally, A National Mission for Financial Inclusion (NMFI), namely, Pradhan Mantri Jan Dhan Yojana (PMJDY) was launched by the Prime Minister across the country on 28th August, 2014. It envisages to provide universal banking services for every unbanked adult in the country.",faiss_cosine,FAISS normalized-cosine,0.3333333333333333,1.0,0.2,0.5706417189553201,1.0,
phase8_r4,owner_validated_exploratory,dev,q_0066,entity_relation,How are Mission on Integrated Development of Horticulture- NHM and HMNEH and National Agriculture Insurance Scheme related through department of agriculture farmers welfare?,"The scheme aims to promote the holistic growth of the horticulture sector through production enhancement, productivity improvement, post-harvest management, processing, marketing support, skill development, and infrastructure creation for horticulture crops while augmenting farmers’ income. Additionally, The National Agriculture Insurance Scheme (NAIS) was introduced by the Government of India to provide comprehensive insurance coverage and financial support to farmers against crop losses due to natural calamities, pests, and diseases.",faiss_cosine,FAISS normalized-cosine,0.5,0.5,0.1,0.38685280723454163,1.0,
phase8_r4,owner_validated_exploratory,dev,q_0067,entity_relation,How are Indira Gandhi National Disability Pension Scheme and Mission Shakti related through primary health centre?,"Disability certificate:- Disability certificate (80% and More) issued from Chief Medical Officer, Community Health Centre or Primary Health Centre will be accepted. Additionally, k) Certificate of identity with photograph issued by a Gazetted Officer on official letterhead; l) Health Card issued by Primary Health Centre (PHC) or Government Hospital; m) Any other document specified by the State Government or Union Territory Administration 3.",faiss_cosine,FAISS normalized-cosine,0.14285714285714285,0.5,0.1,0.20438239758848611,1.0,
phase8_r4,owner_validated_exploratory,test,q_0068,entity_relation,How are Mahatma Gandhi National Rural Employment Guarantee Act and National Family Benefit Scheme related through ministry of rural development?,"An employment scheme by the MoRD, providing provide at least 100 days of guaranteed wage employment in a financial year to every rural household whose adult members volunteer to do unskilled work. Any Indian citizen above the age of 18 years and residing in a rural area can apply to this scheme. Additionally, A family welfare scheme under the umbrella scheme ‘National Social Assistance Programme’ (NSAP) by MoRD. In this scheme, financial assistance is provided to the bereaved households in case of the death of the primary breadwinner irrespective of the cause of death.",faiss_cosine,FAISS normalized-cosine,1.0,0.5,0.1,0.6131471927654584,1.0,
phase8_r4,owner_validated_exploratory,test,q_0069,entity_relation,How are Aam Aadmi Bima Yojana and Central Sector Scheme for Rehabilitation of Bonded Labourer related through ministry of labour and employment?,"The Aam Aadmi Bima Yojana (AABY) is a social security scheme for rural landless households implemented by the Ministry of Labour & Employment, Government of India. The scheme provides insurance coverage to the head of the household or an earning member of the family in the age group of 18 to 59. Additionally, bonded labourers, including financial support for marriage. Offering special care for disabled individuals, in line with the national policy for disabled people. Providing employable skill development training for adult bonded labourers who do not fall into the above categories.",faiss_cosine,FAISS normalized-cosine,0.5,1.0,0.2,0.6934264036172708,1.0,
phase8_r4,owner_validated_exploratory,dev,q_0070,entity_relation,How are Food Safety & Standards Authority Of India (FSSAI) Internship Scheme and Pradhan Mantri Surakshit Matritva Abhiyan related through ministry of health family welfare?,"The Internship Program by the FSSAI provides interns with unique learning opportunities in various areas of food regulation of food safety administration. FSSAI is a statutory body established under the Food Safety & Standards Act, 2006 under the aegis of the Ministry of Health & Family Welfare. Additionally, instructions and priority attention for continued care. Question: What is the minimum documentation required for me to register and receive antenatal care services at the designated health facility? Answer: You need Mother and Child Protection Card (if available), Aadhaar Card or any government issued identity proof, and previous medical records, with minimal documentation to ensure universal access. Question: When was this national maternal health program launched and which government ministry is responsible for its implementation across the country? Answer: The scheme was launched on 9th Jun",faiss_cosine,FAISS normalized-cosine,1.0,0.5,0.1,0.6131471927654584,1.0,
phase8_r4,owner_validated_exploratory,test,q_0071,entity_relation,How are Janani Suraksha Yojana (JSY) and Welfare Measures for Transgender Persons related through government hospitals?,"Free Diet: Hot cooked meals in Government Hospitals and Tertiary Care Centers; two dry packs of biscuits and a milk packet in Primary Health Centres/Community Health Centres. Additionally, The members also exposed that their primary need is house and requested to provide house and employment opportunity in Government Hospitals and AmmaUnavuThittam.",faiss_cosine,FAISS normalized-cosine,0.2,1.0,0.1,0.38685280723454163,1.0,
phase8_r4,owner_validated_exploratory,test,q_0072,entity_relation,"How are AICTE – Mitacs Globalink Research Internship (GRI) Scheme and AICTE - YOUTH UNDERTAKING VISIT FOR ACQUIRING KNOWLEDGE (YUVAK): STUDY TOUR OF ATAL TUNNEL, HIMACHAL PRADESH related through ministry of education?","The scheme aims to promote collaborative research between India and Canada. Through this scheme, fully funded international research internships are provided to eligible Indian undergraduate students. Additionally, The scheme is intended for providing Financial Grant for conducting a Study Tour of ATAL TUNNEL by Students / faculty of AICTE approved Institutions in the field of technical education.",faiss_cosine,FAISS normalized-cosine,0.5,1.0,0.2,0.6934264036172708,1.0,
phase8_r4,owner_validated_exploratory,test,q_0073,entity_relation,How are Aam Aadmi Bima Yojana and Internship Scheme Of Employees’ Provident Fund Organisation (EPFO) related through ministry of labour and employment level: central scheme?,"The Aam Aadmi Bima Yojana (AABY) is a social security scheme for rural landless households implemented by the Ministry of Labour & Employment, Government of India. The scheme provides insurance coverage to the head of the household or an earning member of the family in the age group of 18 to 59. Additionally, The Internship Scheme of Employees’ Provident Fund Organization invites applications for Internships from students for engagement as “Interns” with EPFO. The “Interns” shall have an opportunity to know about the EPFO’s functioning and Departmental Policy issues in EPFO and Government of India.",faiss_cosine,FAISS normalized-cosine,1.0,1.0,0.2,1.0,1.0,
phase8_r4,owner_validated_exploratory,test,q_0074,entity_relation,How are Credit Linked Subsidy Scheme for Middle Income Group and Micro Finance Scheme of NMDFC related through backward classes?,"Note: Preference from MIG segments, may be given to women (with overriding preference to widows, and single working women), persons belonging to Scheduled Castes/Scheduled Tribes/Other Backward Classes, persons with disabilities, and Transgender. Additionally, The remaining up to 25% may belong to weaker sections, including Scheduled Castes, Scheduled Tribes, Other Backward Classes, or Persons with Disabilities.",faiss_cosine,FAISS normalized-cosine,1.0,1.0,0.2,0.8503449055347546,1.0,
phase8_r4,owner_validated_exploratory,dev,q_0075,entity_relation,How are Mahatma Gandhi National Rural Employment Guarantee Act and National Food Security Mission NFSM related through gram panchayat?,"Application process Offline Step 1: The application for registration may be given on plain paper to the local Gram Panchayat. Additionally, Gram Panchayat should be involved in selection of beneficiary farmers.",faiss_cosine,FAISS normalized-cosine,0.16666666666666666,0.5,0.1,0.21840743681816419,1.0,
phase8_r4,owner_validated_exploratory,dev,q_0076,entity_relation,How are Pradhan Mantri Jan Dhan Yojana and Pradhan Mantri Jeevan Jyoti Bima Yojana related through department of financial service implementing?,"A National Mission for Financial Inclusion (NMFI), namely, Pradhan Mantri Jan Dhan Yojana (PMJDY) was launched by the Prime Minister across the country on 28th August, 2014. It envisages to provide universal banking services for every unbanked adult in the country. Additionally, Pradhan Mantri Jeevan Jyoti Bima Yojana (PMJJBY) is an insurance scheme offering life insurance cover for death due to any reason. It is a one-year cover, renewable from year to year. The scheme is offered by banks/post offices and administered through life insurance companies.",faiss_cosine,FAISS normalized-cosine,1.0,1.0,0.2,1.0,1.0,
phase8_r4,owner_validated_exploratory,test,q_0077,entity_relation,How are Indira Gandhi National Disability Pension Scheme and Indira Gandhi National Widow Pension Scheme related through gram panchayat / municipality?,"to by Gram Sabha / Ward Sabhas, Gram Panchayats / Municipalities the Verification Officer directly submits his recommendations to the Sanctioning Authority under intimation to the Gram Panchayat / Municipality. Additionally, If the time limits are not adhered to by Gram Sabha / Ward Sabhas, Gram Panchayats / Municipalities the Verification Officer directly submits his recommendations to the Sanctioning Authority under intimation to the Gram Panchayat / Municipality.",faiss_cosine,FAISS normalized-cosine,1.0,1.0,0.2,0.8503449055347546,1.0,
phase8_r4,owner_validated_exploratory,dev,q_0078,entity_relation,How are CIFE - Institutional Fellowship and SMILE related through the university/institute?,"Program in the University/Institute other than that from where he/she has obtained the Bachelor's Degree. Additionally, The University/Institute will not charge any fee for verification.",faiss_cosine,FAISS normalized-cosine,0.5,0.5,0.1,0.38685280723454163,1.0,
phase8_r4,owner_validated_exploratory,test,q_0079,entity_relation,How are Indira Gandhi National Widow Pension Scheme and Mahatma Gandhi National Rural Employment Guarantee Act related through ministry of rural development department?,"A non-contributory pension scheme to provide social security to widows of poor family (BPL) of the society. Additionally, An employment scheme by the MoRD, providing provide at least 100 days of guaranteed wage employment in a financial year to every rural household whose adult members volunteer to do unskilled work. Any Indian citizen above the age of 18 years and residing in a rural area can apply to this scheme.",faiss_cosine,FAISS normalized-cosine,1.0,1.0,0.2,1.0,1.0,
phase8_r4,owner_validated_exploratory,dev,q_0080,entity_relation,How are Centrally Sponsored Scheme of Upgradation of Merit of Scheduled Caste Students and PM Janjati Adivasi Nyaya Maha Abhiyan (PM JANMAN) related through states and union territories?,"Answer: A maximum of 2,050 fresh students are covered annually under the scheme, with implementation across 19 States and Union Territories. Additionally, The applicant must reside in one of the 18 States and Union Territories having a notified Particularly Vulnerable Tribal Group population.",faiss_cosine,FAISS normalized-cosine,0.125,0.5,0.1,0.19342640361727081,1.0,
phase8_r4,owner_validated_exploratory,dev,q_0081,multi_hop,What combined evidence connects National Savings Certificates (VIII-Issue) Scheme and Pradhan Mantri Jeevan Jyoti Bima Yojana through ministry of finance department?,"The scheme “National Savings Certificates (VIII-Issue) Scheme” was launched by the Department of Economic Affairs, Ministry of Finance, Government of India to promote a culture of long-term savings among individuals. Additionally, Pradhan Mantri Jeevan Jyoti Bima Yojana (PMJJBY) is an insurance scheme offering life insurance cover for death due to any reason. It is a one-year cover, renewable from year to year. The scheme is offered by banks/post offices and administered through life insurance companies.",faiss_cosine,FAISS normalized-cosine,1.0,1.0,0.2,0.8315546295836225,1.0,
phase8_r4,owner_validated_exploratory,dev,q_0082,multi_hop,What combined evidence connects Scheme for Prevention of Alcoholism and Substance Abuse and SMILE through national institute of social defence?,"has successfully completed programme on ------------------- organized by National Institute of Social Defence, New Delhi in collaboration with RRTC -------------------- held at. Additionally, The National Institute of Social Defence has to prepare an annual action plan and submit it to the Ministry by March positively with a proper budget (h)Constitution of a committee in all educational organizations for transgender persons to deal with cases of any harassment or discrimination.",faiss_cosine,FAISS normalized-cosine,0.0,0.0,0.0,0.0,0.0,
phase8_r4,owner_validated_exploratory,test,q_0083,multi_hop,What combined evidence connects Ambedkar Social Innovation and Incubation Mission (ASIIM) and Credit Enhancement Guarantee Scheme For The Scheduled Castes through scheduled caste?,"Selection and Automatic Incubation The start-up ideas presented by Scheduled Caste (SC)/Scheduled Caste Divyang students that have been selected by the Technology Business Incubators (TBIs) will be automatically selected for incubation under the Ambedkar Social Innovation and Incubation Mission (ASIIM). Additionally, 3: After approval of the loan, the MLI shall issue a valid Sanction Letter/Letter of Intent (LoI) to the Scheduled Caste beneficiary, enterprise, company, firm, society, sole proprietorship firm, or individual.",faiss_cosine,FAISS normalized-cosine,0.5,1.0,0.2,0.5714285040141098,1.0,
phase8_r4,owner_validated_exploratory,dev,q_0084,multi_hop,What combined evidence connects Mahila Samman Savings Certificate and National Savings Certificates (VIII-Issue) Scheme through department of economic affairs implementing?,"The scheme aims to provide a secure savings option with assured returns for women. Through this scheme, 7.5% interest and flexible savings benefits are provided to women and minor girls. Additionally, The scheme “National Savings Certificates (VIII-Issue) Scheme” was launched by the Department of Economic Affairs, Ministry of Finance, Government of India to promote a culture of long-term savings among individuals.",faiss_cosine,FAISS normalized-cosine,1.0,1.0,0.2,1.0,1.0,
phase8_r4,owner_validated_exploratory,dev,q_0085,multi_hop,What combined evidence connects Micro Finance Scheme of NMDFC and National Mission on Edible Oils- Oil Palm through self help groups?,"Answer: The scheme benefits members of Self Help Groups (SHGs), primarily minority women, who are engaged in small trade or income-generating activities and have limited access to formal banking systems. Additionally, Answer: The State Governments may develop a sound mechanism for involvement of PRIs in the formulation, prioritization of activities & identification of beneficiaries at grass root level and ensure involvement of NGOs, Self Help Groups and Private companies for selection of beneficiary, identification and mapping of priority areas, liaising with processors, state officials and SAUs, etc.",faiss_cosine,FAISS normalized-cosine,0.3333333333333333,1.0,0.2,0.5437713091520254,1.0,
phase8_r4,owner_validated_exploratory,test,q_0086,multi_hop,What combined evidence connects Indira Gandhi National Widow Pension Scheme and Janani Suraksha Yojana (JSY) through below poverty line?,"The applicant must belong to a household identified as living Below Poverty Line (BPL) as per the criteria prescribed by the Government of India. Additionally, The applicant does not need any marriage or Below Poverty Line (BPL) certification if delivering in a Government or accredited private health institution.",faiss_cosine,FAISS normalized-cosine,0.16666666666666666,0.5,0.1,0.21840743681816419,1.0,
phase8_r4,owner_validated_exploratory,test,q_0087,multi_hop,What combined evidence connects Begum Hazrat Mahal National Scholarship Program and Maulana Azad National Fellowship For Minority Students through ministry of minority affairs?,"Begum Hazrat Mahal National scholarship is a scholarship scheme also known as Maulana Azad National scholarship scheme was first announced on 3rd May 2003. It is a national level scholarship started for the benefit of the girl’s student belonging to the minority communities. Additionally, Maulana Azad National Fellowship For Minority Students was launched in 2009 by the Ministry of Minority Affairs for providing financial aid to students for their higher studies.",faiss_cosine,FAISS normalized-cosine,1.0,1.0,0.2,1.0,1.0,
phase8_r4,owner_validated_exploratory,dev,q_0088,multi_hop,What combined evidence connects Internship Scheme Of The Department Of Economic Affairs and Kisan Vikas Patra Scheme through department of economic affairs?,"Answer: This internship is neither a job nor any such assurance thereof in the Department of Economic Affairs. Additionally, Answer: ‘Kisan Vikas Patra Scheme’ was relaunched in the year 2014 by the Department of Economic Affairs, Ministry Of Finance, Government of India in view of the popular demand and to revitalize Small Savings.",faiss_cosine,FAISS normalized-cosine,0.3333333333333333,0.5,0.1,0.3065735963827292,1.0,
phase8_r4,owner_validated_exploratory,test,q_0089,multi_hop,What combined evidence connects AVYAY - National Action Plan for Senior Citizens: Health and Shelter for Senior Citizens and SMILE through the companies act?,"Answer: The Non-Governmental Organization must be a charitable company licensed specifically under Section 25 of the Companies Act, 1958, to meet the eligibility requirements for receiving grant-in-aid. Additionally, (b)A registered public Trust (c)A Company established under Section 25 of the Companies Act, B.",faiss_cosine,FAISS normalized-cosine,0.3333333333333333,0.5,0.1,0.3065735963827292,1.0,
phase8_r4,owner_validated_exploratory,test,q_0090,multi_hop,What combined evidence connects Agricultural Extension and ICAR Senior Research Fellowship For Post-Graduate Studies In Agricultural Sciences through department of agriculture research?,"Extension Division endeavours towards successful implementation of Agricultural Extension activities. Through its various programmes, schemes and activities, Extension Division helps farmers to get information regarding scientific research and new knowledge in agricultural practices. Additionally, ICAR awards a certain number of Senior Research Fellowships for Ph.D. in an Agricultural University (AU), in different disciplines of agriculture and allied sciences. This is done to encourage talented students to undertake higher agricultural education.",faiss_cosine,FAISS normalized-cosine,0.5,0.5,0.1,0.38685280723454163,1.0,
phase8_r4,owner_validated_exploratory,dev,q_0091,multi_hop,What combined evidence connects Indira Gandhi National Widow Pension Scheme and Pradhan Mantri Gram Sadak Yojana through department of rural development?,"A non-contributory pension scheme to provide social security to widows of poor family (BPL) of the society. Additionally, With the objective of providing rural connectivity, the Government of India launched the Pradhan Mantri Gram Sadak Yojana (referred to as PMGSY-I hereinafter) on 25th December 2000 to provide all-weather access to eligible unconnected habitations.",faiss_cosine,FAISS normalized-cosine,1.0,1.0,0.2,0.8065735963827293,1.0,
phase8_r4,owner_validated_exploratory,dev,q_0092,multi_hop,What combined evidence connects Begum Hazrat Mahal National Scholarship Program and SMILE through the state government/union territory administration?,"The State Government/Union Territory Administration can also directly cancel the award if duly satisfied with the reasons of violation of these regulations governing the scheme. Additionally, (c)The scholarship shall be awarded to students studying in a government or private higher secondary school/college/university, including such residential institutes of the Government and eligible private institutes selected and notified in a transparent manner by the State Government/Union Territory Administration concerned.",faiss_cosine,FAISS normalized-cosine,1.0,0.5,0.1,0.6131471927654584,1.0,
phase8_r4,owner_validated_exploratory,test,q_0093,multi_hop,What combined evidence connects Construction of Hostels for OBC Boys and Girls and Disha - Early Intervention and School Readiness Scheme through ministry of social justice?,"The Scheme aims at providing hostel facilities to students belonging to socially and educationally backward classes, especially from rural areas, to enable them to pursue secondary and higher education. Additionally, This scheme aims at setting up Disha Centres for early intervention for Person with Disability (PwD) in 0-10 years of age covered under the National Trust Act, through therapies, trainings and providing support to family members.",faiss_cosine,FAISS normalized-cosine,1.0,1.0,0.2,0.7977228895450266,1.0,
phase8_r4,owner_validated_exploratory,dev,q_0094,multi_hop,What combined evidence connects ICAR Junior Research Fellowship For Post-Graduate Studies In Agricultural Sciences and ICAR Senior Research Fellowship For Post-Graduate Studies In Agricultural Sciences through aligarh muslim university?,"Banaras Hindu University (BHU), Aligarh Muslim University (AMU), Visva Bharti, and Nagaland University, collectively hereinafter referred to as the Agricultural Universities (AUs). Additionally, Banaras Hindu University (BHU), Aligarh Muslim University (AMU), Visva Bharti, and Nagaland University, collectively hereinafter referred to as the Agricultural Universities (AUs).",faiss_cosine,FAISS normalized-cosine,0.5,1.0,0.2,0.6934264036172708,1.0,
phase8_r4,owner_validated_exploratory,dev,q_0095,multi_hop,What combined evidence connects AICTE e-Shodh Sindhu Scheme (eSS) and AICTE SHORT TERM TRAINING PROGRAMME-SFURTI SCHEME through department of higher education?,"AICTE e-Shodh Sindhu Scheme (eSS) provides subscriptions of e-Resources like Web of Science, Scopus, ASME, ASCE and Bentham Science to institutions. Additionally, Short Term Training Programme-SFURTI Program aims to provide financial assistance from AICTE to the institutions for conducting faculty and student trainings to enable faculty members and students in the field of technical education.",faiss_cosine,FAISS normalized-cosine,1.0,1.0,0.2,0.9197207891481876,1.0,
phase8_r4,owner_validated_exploratory,dev,q_0096,multi_hop,What combined evidence connects AICTE – Mitacs Globalink Research Internship (GRI) Scheme and AICTE SHORT TERM TRAINING PROGRAMME-SFURTI SCHEME through ministry of education department?,"The scheme aims to promote collaborative research between India and Canada. Through this scheme, fully funded international research internships are provided to eligible Indian undergraduate students. Additionally, Short Term Training Programme-SFURTI Program aims to provide financial assistance from AICTE to the institutions for conducting faculty and student trainings to enable faculty members and students in the field of technical education.",faiss_cosine,FAISS normalized-cosine,1.0,1.0,0.2,0.9197207891481876,1.0,
phase8_r4,owner_validated_exploratory,dev,q_0097,multi_hop,What combined evidence connects Mission on Integrated Development of Horticulture- NHM and HMNEH and Pradhan Mantri Gram Sadak Yojana through himalayan states?,"The Government of India contributes 60% of the programme cost and States contribute 40%; for North Eastern and Himalayan States, the sharing pattern is 90:10. Additionally, For North Eastern and Himalayan States (Jammu & Kashmir, Uttarakhand, and Himachal Pradesh) 90% of a project is the Union Government funds, and 10% of this cost, is the State Government funds.",faiss_cosine,FAISS normalized-cosine,0.5,1.0,0.2,0.6934264036172708,1.0,
phase8_r4,owner_validated_exploratory,test,q_0098,multi_hop,What combined evidence connects Coconut Palm Insurance Scheme and Kera Suraksha Insurance Scheme through coconut development board?,"Loss assessment certification is required to be furnished by the Coconut Development Board (CDB)/Agriculture/Horticulture Department/State Agriculture University (SAU), as authorized by the insurance company for each district, justifying cause for loss of palm, within 15 days from the intimation of loss. Additionally, Answer: Application form duly filled in and countersigned by Agriculture officer/Panchayath President/CPF office bearers/CPC Directors along with premium share and age proof needs to be sent to Chairman, Coconut Development Board, Kera Bhavan, SRVHS Road, Kochi - 682011, Kerala.",faiss_cosine,FAISS normalized-cosine,0.1111111111111111,0.5,0.1,0.18457569677956817,1.0,
phase8_r4,owner_validated_exploratory,test,q_0099,multi_hop,What combined evidence connects Pradhan Mantri Awas Yojana - Urban and Swachh Bharat Mission – Urban 2.0 through ministry of housing & urban affairs level?,"Pradhan Mantri Awas Yojana - Urban (PMAY-U) Scheme was launched on 25th June 2015 by the Hon’ble Prime Minister to provide all-weather pucca houses to all eligible urban households across the nation with the vision of ‘Housing for All’. Additionally, A sanitation scheme for the construction of Individual Household Latrines (IHHL) for urban households.",faiss_cosine,FAISS normalized-cosine,1.0,0.5,0.1,0.6131471927654584,1.0,
phase8_r4,owner_validated_exploratory,dev,q_0100,multi_hop,What combined evidence connects Institutional Support for Development and Marketing of Tribal Products/Produce and PM Janjati Adivasi Nyaya Maha Abhiyan (PM JANMAN) through ministry of tribal affairs?,"details of grants received from the Central Government so far under this scheme and UC pending Copies of annual reports/Balance sheets for the last three years Any other document, as required Additionally, The scheme aims to improve the socio-economic status of PVTGs by saturating families and habitations with basic facilities and services. It provides 11 critical infrastructure and welfare interventions, including housing, water, electricity, and connectivity.",faiss_cosine,FAISS normalized-cosine,0.5,1.0,0.2,0.6509209298071326,1.0,
phase8_r4,owner_validated_exploratory,test,q_0001,exact_match,What is Mission Shakti?,"As you may be aware that the Govemment of India has launched 'Mission Shakti' - an integrated women empowerment programme as umbrella scheme for the safety, security and empowerment of women for implementation during the 15'h Finance Commission period 2O2l-22 to 2025-26.",graph_v4,Entity Graph v4,0.25,1.0,0.1,0.43067655807339306,1.0,
phase8_r4,owner_validated_exploratory,test,q_0002,exact_match,What is ICAR Senior Research Fellowship For Post-Graduate Studies In Agricultural Sciences?,"ICAR awards a certain number of Senior Research Fellowships for Ph.D. in an Agricultural University (AU), in different disciplines of agriculture and allied sciences. This is done to encourage talented students to undertake higher agricultural education.",graph_v4,Entity Graph v4,1.0,1.0,0.1,1.0,1.0,
phase8_r4,owner_validated_exploratory,dev,q_0003,exact_match,What is National Bamboo Mission?,"The restructured National Bamboo Mission primarily focuses on the development of complete value chain of bamboo sector to link growers with consumers starting from planting material, plantation, creation of facilities, skilled manpower and brand processing marketing, micro, small & medium enterprises, skilled manpower and brand building initiative in a cluster approach mode.",graph_v4,Entity Graph v4,0.16666666666666666,1.0,0.1,0.3562071871080222,1.0,
phase8_r4,owner_validated_exploratory,dev,q_0004,exact_match,What is Internship Programme Of The Department Of Expenditure?,Detailed description The Internship Programme of the Department of Expenditure aims to familiarize willing and eligible undergraduates pursuing five-year integrated courses and Graduates pursuing post-Graduation/ post-Graduates pursuing Research with the overall process of formulation of economic policies of the Government.,graph_v4,Entity Graph v4,1.0,1.0,0.1,1.0,1.0,
phase8_r4,owner_validated_exploratory,dev,q_0005,exact_match,What is Construction of Hostels for OBC Boys and Girls?,"The Scheme aims at providing hostel facilities to students belonging to socially and educationally backward classes, especially from rural areas, to enable them to pursue secondary and higher education.",graph_v4,Entity Graph v4,0.0,0.0,0.0,0.0,0.0,
phase8_r4,owner_validated_exploratory,dev,q_0006,exact_match,What is PM Janjati Adivasi Nyaya Maha Abhiyan (PM JANMAN)?,"The scheme aims to improve the socio-economic status of PVTGs by saturating families and habitations with basic facilities and services. It provides 11 critical infrastructure and welfare interventions, including housing, water, electricity, and connectivity.",graph_v4,Entity Graph v4,0.3333333333333333,1.0,0.1,0.5,1.0,
phase8_r4,owner_validated_exploratory,test,q_0007,exact_match,What is Agricultural Extension?,"Answer: The scheme includes Support to State Extension Programmes for Extension Reforms, Mass Media Support to Agricultural Extension, Agri-Clinic and Agri-Business Centres (ACABC), and Extension Support to Central Institutions",graph_v4,Entity Graph v4,0.0,0.0,0.0,0.0,0.0,
phase8_r4,owner_validated_exploratory,test,q_0008,exact_match,What is Scheme for Prevention of Alcoholism and Substance Abuse?,"The aims and objectives of the scheme for prevention of alcoholism and substance abuse are - To support activities of non-governmental organisations, working in the areas of prevention of addiction and rehabilitation of drug users with the rights based approach.",graph_v4,Entity Graph v4,0.0,0.0,0.0,0.0,0.0,
phase8_r4,owner_validated_exploratory,dev,q_0009,exact_match,What is Universal Immunization Programme - Rotavirus Vaccine?,"Operational Guidelines Introduction of Rotavirus Vaccine in the Universal Immunization Programme ROTAVIRUS VACCINE IN INDIA 4.1 The Rotavirus Vaccine in UIP Based on recommendation by the National Technical Advisory Group on Immunization (NTAGI), the Ministry of Health and Family Welfare (MoHFW), the Government of India (GoI) decided to introduce Rotavirus vaccine in the Universal Immunization Programme (UIP) in a phased manner.",graph_v4,Entity Graph v4,0.0,0.0,0.0,0.0,0.0,
phase8_r4,owner_validated_exploratory,dev,q_0010,exact_match,What is Pradhan Mantri Gram Sadak Yojana?,"With the objective of providing rural connectivity, the Government of India launched the Pradhan Mantri Gram Sadak Yojana (referred to as PMGSY-I hereinafter) on 25th December 2000 to provide all-weather access to eligible unconnected habitations.",graph_v4,Entity Graph v4,0.3333333333333333,1.0,0.1,0.5,1.0,
phase8_r4,owner_validated_exploratory,dev,q_0011,exact_match,What is Kisan Vikas Patra Scheme?,"‘Kisan Vikas Patra Scheme’ was relaunched in the year 2014 by the Department of Economic Affairs, Ministry Of Finance, Government of India in view of the popular demand and to revitalize Small Savings. The amount invested in Kisan Vikas Patra (KYP) doubles in 115 months at the present rate.",graph_v4,Entity Graph v4,0.5,1.0,0.1,0.6309297535714575,1.0,
phase8_r4,owner_validated_exploratory,test,q_0012,exact_match,What is National Savings Certificates (VIII-Issue) Scheme?,"Answer: The scheme “National Savings Certificates (VIII-Issue) Scheme” was launched by the Department of Economic Affairs, Ministry of Finance, Government of India to promote a culture of long-term savings among individuals.",graph_v4,Entity Graph v4,0.5,1.0,0.1,0.6309297535714575,1.0,
phase8_r4,owner_validated_exploratory,test,q_0013,exact_match,What is Atal Mission For Rejuvenation And Urban Transformation?,Detailed description The purpose of the Atal Mission for Rejuvenation and Urban Transformation (AMRUT) is to Ensure that every household has access to a tap with the assured supply of water and a sewerage connection.,graph_v4,Entity Graph v4,0.5,1.0,0.1,0.6309297535714575,1.0,
phase8_r4,owner_validated_exploratory,dev,q_0014,exact_match,What is Maulana Azad National Fellowship For Minority Students?,Maulana Azad National Fellowship For Minority Students was launched in 2009 by the Ministry of Minority Affairs for providing financial aid to students for their higher studies.,graph_v4,Entity Graph v4,0.3333333333333333,1.0,0.1,0.5,1.0,
phase8_r4,owner_validated_exploratory,dev,q_0015,exact_match,What is Kisan Credit Card?,"Eligibility Farmers - individual/joint borrowers who are owner cultivators; Tenant farmers, oral lessees & share croppers; Self Help Groups (SHGs) or Joint Liability Groups (JLGs) of farmers including tenant farmers, share croppers etc Application process Online Visit the website of the bank you wish to apply for the kisan credit card scheme.",graph_v4,Entity Graph v4,0.0,0.0,0.0,0.0,0.0,
phase8_r4,owner_validated_exploratory,dev,q_0016,exact_match,What is Begum Hazrat Mahal National Scholarship Program?,Begum Hazrat Mahal National scholarship is a scholarship scheme also known as Maulana Azad National scholarship scheme was first announced on 3rd May 2003. It is a national level scholarship started for the benefit of the girl’s student belonging to the minority communities.,graph_v4,Entity Graph v4,0.5,1.0,0.1,0.6309297535714575,1.0,
phase8_r4,owner_validated_exploratory,test,q_0017,exact_match,What is Indira Gandhi National Disability Pension Scheme?,Answer: The Indira Gandhi National Disability Pension Scheme (IGNDPS) was formally launched in February 2009 under the National Social Assistance Programme,graph_v4,Entity Graph v4,0.0,0.0,0.0,0.0,0.0,
phase8_r4,owner_validated_exploratory,dev,q_0018,exact_match,What is Atal Pension Yojana?,"Atal Pension Yojana (APY) is an old age income security scheme for a savings account holder in the age group of 18-40 years, who is not an income tax-payee. It helps to address longevity risks among workers in unorganized sector and encourages the workers to voluntarily save for retirement.",graph_v4,Entity Graph v4,0.0,0.0,0.0,0.0,0.0,
phase8_r4,owner_validated_exploratory,test,q_0019,exact_match,What is Disha - Early Intervention and School Readiness Scheme?,Answer: Disha-Early Intervention and School Readiness Scheme was launched by the Department of Empowerment of Persons with Disabilities.,graph_v4,Entity Graph v4,0.25,1.0,0.1,0.43067655807339306,1.0,
phase8_r4,owner_validated_exploratory,dev,q_0020,exact_match,What is ICMR- Post Doctoral Fellowship?,"Answer: ICMR- Post Doctoral Fellowship (ICMR-PDF) Scheme is being instituted to foster high-quality research opportunities for promising fresh Ph.D./MD/MS holders in the cutting-edge areas of basic science, communicable and non-communicable diseases, and reproductive health including nutrition at ICMR Institutes /Centers.",graph_v4,Entity Graph v4,0.5,1.0,0.1,0.6309297535714575,1.0,
phase8_r4,owner_validated_exploratory,test,q_0021,terminology_heavy,What does VDP stand for?,Village Development Plan,graph_v4,Entity Graph v4,0.25,1.0,0.1,0.43067655807339306,1.0,
phase8_r4,owner_validated_exploratory,test,q_0022,terminology_heavy,What does GFR stand for?,General Financial Rules,graph_v4,Entity Graph v4,1.0,1.0,0.1,1.0,1.0,
phase8_r4,owner_validated_exploratory,test,q_0023,terminology_heavy,What does MSJE stand for?,Ministry of Social Justice and Empowerment,graph_v4,Entity Graph v4,0.16666666666666666,1.0,0.1,0.3562071871080222,1.0,
phase8_r4,owner_validated_exploratory,test,q_0024,terminology_heavy,What does NIOS stand for?,National Institute for Open Schooling,graph_v4,Entity Graph v4,0.0,0.0,0.0,0.0,0.0,
phase8_r4,owner_validated_exploratory,dev,q_0025,terminology_heavy,What does UIP stand for?,Universal Immunization Programme,graph_v4,Entity Graph v4,0.0,0.0,0.0,0.0,0.0,
phase8_r4,owner_validated_exploratory,dev,q_0026,terminology_heavy,What does RVIS stand for?,Rotavirus Vaccine Impact Study,graph_v4,Entity Graph v4,0.1,1.0,0.1,0.2890648263178879,1.0,
phase8_r4,owner_validated_exploratory,dev,q_0027,terminology_heavy,What does ICDS stand for?,Integrated Child Development Services,graph_v4,Entity Graph v4,0.0,0.0,0.0,0.0,0.0,
phase8_r4,owner_validated_exploratory,dev,q_0028,terminology_heavy,What does AU stand for?,Agricultural University,graph_v4,Entity Graph v4,0.2,1.0,0.1,0.38685280723454163,1.0,
phase8_r4,owner_validated_exploratory,dev,q_0029,terminology_heavy,What does BHU stand for?,Banaras Hindu University,graph_v4,Entity Graph v4,1.0,1.0,0.1,1.0,1.0,
phase8_r4,owner_validated_exploratory,test,q_0030,terminology_heavy,What does KGBV stand for?,Kasturba Gandhi Balika Vidyalaya,graph_v4,Entity Graph v4,0.0,0.0,0.0,0.0,0.0,
phase8_r4,owner_validated_exploratory,dev,q_0031,terminology_heavy,What does SRLM stand for?,State Rural Livelihood Mission,graph_v4,Entity Graph v4,1.0,1.0,0.1,1.0,1.0,
phase8_r4,owner_validated_exploratory,test,q_0032,terminology_heavy,What does CSS stand for?,Centrally Sponsored Scheme,graph_v4,Entity Graph v4,0.5,1.0,0.1,0.6309297535714575,1.0,
phase8_r4,owner_validated_exploratory,dev,q_0033,terminology_heavy,What does MIDH stand for?,Mission for Integrated Development of Horticulture,graph_v4,Entity Graph v4,0.0,0.0,0.0,0.0,0.0,
phase8_r4,owner_validated_exploratory,dev,q_0034,terminology_heavy,What does IEC stand for?,Information Education and Communication,graph_v4,Entity Graph v4,0.0,0.0,0.0,0.0,0.0,
phase8_r4,owner_validated_exploratory,dev,q_0035,terminology_heavy,What does PHC stand for?,Primary Health Centre,graph_v4,Entity Graph v4,0.5,1.0,0.1,0.6309297535714575,1.0,
phase8_r4,owner_validated_exploratory,dev,q_0036,terminology_heavy,What does PMMVY stand for?,Pradhan Mantri Matru Vandana Yojana,graph_v4,Entity Graph v4,0.0,0.0,0.0,0.0,0.0,
phase8_r4,owner_validated_exploratory,dev,q_0037,terminology_heavy,What does NFSA stand for?,National Food Security Act,graph_v4,Entity Graph v4,0.25,1.0,0.1,0.43067655807339306,1.0,
phase8_r4,owner_validated_exploratory,test,q_0038,terminology_heavy,What does NHM stand for?,National Health Mission,graph_v4,Entity Graph v4,1.0,1.0,0.1,1.0,1.0,
phase8_r4,owner_validated_exploratory,test,q_0039,terminology_heavy,What does NRHM stand for?,National Rural Health Mission,graph_v4,Entity Graph v4,0.0,0.0,0.0,0.0,0.0,
phase8_r4,owner_validated_exploratory,dev,q_0040,terminology_heavy,What does AVTS stand for?,Advanced Vocational Training Scheme,graph_v4,Entity Graph v4,1.0,1.0,0.1,1.0,1.0,
phase8_r4,owner_validated_exploratory,dev,q_0041,paraphrase,What detail does the source provide about Pradhan Mantri Adi Adarsh Gram Yojana (PMAAGY)?,Answer: The village must have at least 50% Scheduled Tribe population.,graph_v4,Entity Graph v4,0.3333333333333333,1.0,0.1,0.5,1.0,
phase8_r4,owner_validated_exploratory,dev,q_0042,paraphrase,What detail does the source provide about Scheme for Prevention of Alcoholism and Substance Abuse?,METHOD OF DRUG TAKING (Please state the number of clients) Oral Sniffing Injecting (IDU) Any other CLIENT’S DETAILS (During the half-year under review) 10.,graph_v4,Entity Graph v4,0.125,1.0,0.1,0.31546487678572877,1.0,
phase8_r4,owner_validated_exploratory,dev,q_0043,paraphrase,What detail does the source provide about NPS Vatsalya Scheme?,"Answer: Yes, Non-Resident Indians (NRIs) and Overseas Citizens of India (OCIs) under 18 years of age can join the scheme.",graph_v4,Entity Graph v4,0.5,1.0,0.1,0.6309297535714575,1.0,
phase8_r4,owner_validated_exploratory,dev,q_0044,paraphrase,What detail does the source provide about MANAGE Internship Programme?,mentioned that the selection is based on evaluation of the proposals received.,graph_v4,Entity Graph v4,0.25,1.0,0.1,0.43067655807339306,1.0,
phase8_r4,owner_validated_exploratory,test,q_0045,paraphrase,What detail does the source provide about AVYAY - National Action Plan for Senior Citizens: Health and Shelter for Senior Citizens?,Answer: The Voluntary Organization must have been registered for a minimum of two years and must demonstrate a track record of at least two years' experience operating in the social sector when submitting the application for the grant.,graph_v4,Entity Graph v4,0.25,1.0,0.1,0.43067655807339306,1.0,
phase8_r4,owner_validated_exploratory,test,q_0046,paraphrase,What detail does the source provide about Transgender Persons Welfare Framework?,"(4) Every rule made by the State Government under sub-section (1), shall be laid, as soon as may be after it is made, before each House of the State Legislature where it consists of two Houses, or where such legislature consists of one House, before that House.",graph_v4,Entity Graph v4,0.0,0.0,0.0,0.0,0.0,
phase8_r4,owner_validated_exploratory,test,q_0047,paraphrase,What detail does the source provide about Mission Shakti?,implementing organizations should engage a part time doctor for the Centre who should visit the Centre at least once in a week to ensure general health check-up of the residents and also to attend to any emergency situation.,graph_v4,Entity Graph v4,0.0,0.0,0.0,0.0,0.0,
phase8_r4,owner_validated_exploratory,dev,q_0048,paraphrase,What detail does the source provide about Welfare Measures for Transgender Persons?,Affidavit that such a person is a ‘third gender’ or ‘transgender’ (if seen as a separate gender category) given by trans community members/leaders who know the person as a transgender or third gender person.,graph_v4,Entity Graph v4,0.0,0.0,0.0,0.0,0.0,
phase8_r4,owner_validated_exploratory,test,q_0049,paraphrase,What detail does the source provide about Internship Scheme Of The Department Of Economic Affairs?,job for any other organisation during the internship period.,graph_v4,Entity Graph v4,0.5,1.0,0.1,0.6309297535714575,1.0,
phase8_r4,owner_validated_exploratory,dev,q_0050,paraphrase,What detail does the source provide about Universal Immunization Programme - Rotavirus Vaccine?,Bhopal 21.3 38.5 Total 36.8 * Data from two surveillance sites The data from the NRSN from September 2012 to June 2016 is summarized below in Table 10-13.,graph_v4,Entity Graph v4,0.0,0.0,0.0,0.0,0.0,
phase8_r4,owner_validated_exploratory,dev,q_0051,paraphrase,What detail does the source provide about ICAR Senior Research Fellowship For Post-Graduate Studies In Agricultural Sciences?,"ICAR awards a certain number of Senior Research Fellowships for Ph.D. in an Agricultural University (AU), in different disciplines of agriculture and allied sciences. This is done to encourage talented students to undertake higher agricultural education.",graph_v4,Entity Graph v4,1.0,1.0,0.1,1.0,1.0,
phase8_r4,owner_validated_exploratory,test,q_0052,paraphrase,What detail does the source provide about National Overseas Scholarship For Scheduled Tribes (ST) Students?,study or research and the Institute for which scholarship has been sanctioned.,graph_v4,Entity Graph v4,0.5,1.0,0.1,0.6309297535714575,1.0,
phase8_r4,owner_validated_exploratory,dev,q_0053,paraphrase,What detail does the source provide about National Bamboo Mission?,"Detailed description Resultant to this historic amendment, bamboo grown in the non-forest area is out of the scope of regulations on the forest produces.",graph_v4,Entity Graph v4,0.2,1.0,0.1,0.38685280723454163,1.0,
phase8_r4,owner_validated_exploratory,test,q_0054,paraphrase,What detail does the source provide about Internship Programme Of The Department Of Expenditure?,Detailed description The Internship Programme of the Department of Expenditure aims to familiarize willing and eligible undergraduates pursuing five-year integrated courses and Graduates pursuing post-Graduation/ post-Graduates pursuing Research with the overall process of formulation of economic policies of the Government.,graph_v4,Entity Graph v4,1.0,1.0,0.1,1.0,1.0,
phase8_r4,owner_validated_exploratory,dev,q_0055,paraphrase,What detail does the source provide about Construction of Hostels for OBC Boys and Girls?,"The Scheme aims at providing hostel facilities to students belonging to socially and educationally backward classes, especially from rural areas, to enable them to pursue secondary and higher education.",graph_v4,Entity Graph v4,0.0,0.0,0.0,0.0,0.0,
phase8_r4,owner_validated_exploratory,dev,q_0056,paraphrase,What detail does the source provide about SMILE?,(b)The beneficiary should not be availing similar benefits from any other schemes of Centre or state government.,graph_v4,Entity Graph v4,0.0,0.0,0.0,0.0,0.0,
phase8_r4,owner_validated_exploratory,dev,q_0057,paraphrase,What detail does the source provide about “Ishan Uday” Special Scholarship Scheme For North Eastern Region?,"applicant should not exceed ₹4,50,000/- per annum from all sources.",graph_v4,Entity Graph v4,1.0,1.0,0.1,1.0,1.0,
phase8_r4,owner_validated_exploratory,test,q_0058,paraphrase,What detail does the source provide about Pradhan Mantri Anusuchit Jaati Abhyuday Yojana?,"of the same, a print out of the said proposals along with all the requisite documents is to be sent to their respective Administrative Ministries/Departments, who in turn will forward the same to this Ministry along with their recommendations for release of grants-in-aid under the Scheme.",graph_v4,Entity Graph v4,0.0,0.0,0.0,0.0,0.0,
phase8_r4,owner_validated_exploratory,test,q_0059,paraphrase,What detail does the source provide about Financial Assistance for Education to the Wards of Beedi/Cine/IOMC/LSDM Workers – Pre & Post-Matric?,"An amount not exceeding Rs.8,000/- per month where such amount is paid monthly or an amount not exceeding Rs.1,00,000/- where it is paid by way of lump sum or instalments; as remuneration of a cine worker for the purpose of this Act.",graph_v4,Entity Graph v4,0.25,1.0,0.1,0.43067655807339306,1.0,
phase8_r4,owner_validated_exploratory,dev,q_0060,paraphrase,What detail does the source provide about Internship Scheme Of Employees’ Provident Fund Organisation (EPFO)?,"Soft copies of mark sheets, certificates, and other documentary proofs do not need to be sent with the application.",graph_v4,Entity Graph v4,0.0,0.0,0.0,0.0,0.0,
phase8_r4,owner_validated_exploratory,dev,q_0061,entity_relation,How are AICTE – Saksham Scholarship Scheme For Specially-Abled Student (Degree) and AICTE – Saksham Scholarship Scheme For Specially-Abled Student (Diploma) related through direct benefit transfer?,"Answer: Scholarship will be disbursed only through Direct Benefit Transfer (DBT) in the bank account of the student by AICTE. Additionally, Answer: Scholarship will be disbursed only through Direct Benefit Transfer (DBT) in the bank account of the student by AICTE.",graph_v4,Entity Graph v4,1.0,1.0,0.2,0.7903864795495061,1.0,
phase8_r4,owner_validated_exploratory,dev,q_0062,entity_relation,How are Janani Suraksha Yojana (JSY) and Pradhan Mantri Surakshit Matritva Abhiyan related through district hospitals?,"Application Status Tracking To ensure transparency and allow beneficiaries to track their status, a list of Janani Suraksha Yojana beneficiaries, detailing the date of cash disbursement, must be prominently displayed on notice boards at all Sub-centers, Primary Health Centres, Community Health Centres, and District Hospitals. Additionally, Answer: Services are provided at Primary Health Centres, Community Health Centres, District Hospitals, and urban health facilities in both urban and rural areas across the country.",graph_v4,Entity Graph v4,0.5,1.0,0.2,0.6240505200038379,1.0,
phase8_r4,owner_validated_exploratory,dev,q_0063,entity_relation,How are Coconut Palm Insurance Scheme and Integrated Scheme on Agriculture Cooperation related through ministry of agriculture and farmers welfare?,"The “Coconut Palm Insurance Scheme (CPIS)” is being implemented by the Coconut Development Board, Ministry of Agriculture and Farmers Welfare, Government of India with the objective of insuring coconut palms against natural calamities, climatic risks, pests, diseases, and other perils. Additionally, The Integrated Scheme on Agriculture Cooperation (ISAC) is a Central Sector Scheme of the Ministry of Agriculture and Farmers Welfare, Government of India. It is being implemented through the National Cooperative Development Corporation (NCDC).",graph_v4,Entity Graph v4,0.1111111111111111,0.5,0.1,0.18457569677956817,1.0,
phase8_r4,owner_validated_exploratory,dev,q_0064,entity_relation,How are ICAR Senior Research Fellowship For Post-Graduate Studies In Agricultural Sciences and Indian Agricultural Research Institute - Scholarship related through department of agriculture research and education?,"ICAR awards a certain number of Senior Research Fellowships for Ph.D. in an Agricultural University (AU), in different disciplines of agriculture and allied sciences. This is done to encourage talented students to undertake higher agricultural education. Additionally, The Indian Agricultural Research Institute (IARI) Junior and Senior Scholarship shall be awarded to M.Sc. and Ph.D. students admitted under General Open Competition Scheme.",graph_v4,Entity Graph v4,1.0,1.0,0.2,0.8065735963827293,1.0,
phase8_r4,owner_validated_exploratory,dev,q_0065,entity_relation,How are Atal Pension Yojana and Pradhan Mantri Jan Dhan Yojana related through ministry of finance?,"Atal Pension Yojana (APY) is an old age income security scheme for a savings account holder in the age group of 18-40 years, who is not an income tax-payee. It helps to address longevity risks among workers in unorganized sector and encourages the workers to voluntarily save for retirement. Additionally, A National Mission for Financial Inclusion (NMFI), namely, Pradhan Mantri Jan Dhan Yojana (PMJDY) was launched by the Prime Minister across the country on 28th August, 2014. It envisages to provide universal banking services for every unbanked adult in the country.",graph_v4,Entity Graph v4,1.0,0.5,0.1,0.6131471927654584,1.0,
phase8_r4,owner_validated_exploratory,dev,q_0066,entity_relation,How are Mission on Integrated Development of Horticulture- NHM and HMNEH and National Agriculture Insurance Scheme related through department of agriculture farmers welfare?,"The scheme aims to promote the holistic growth of the horticulture sector through production enhancement, productivity improvement, post-harvest management, processing, marketing support, skill development, and infrastructure creation for horticulture crops while augmenting farmers’ income. Additionally, The National Agriculture Insurance Scheme (NAIS) was introduced by the Government of India to provide comprehensive insurance coverage and financial support to farmers against crop losses due to natural calamities, pests, and diseases.",graph_v4,Entity Graph v4,1.0,1.0,0.2,0.7903864795495061,1.0,
phase8_r4,owner_validated_exploratory,dev,q_0067,entity_relation,How are Indira Gandhi National Disability Pension Scheme and Mission Shakti related through primary health centre?,"Disability certificate:- Disability certificate (80% and More) issued from Chief Medical Officer, Community Health Centre or Primary Health Centre will be accepted. Additionally, k) Certificate of identity with photograph issued by a Gazetted Officer on official letterhead; l) Health Card issued by Primary Health Centre (PHC) or Government Hospital; m) Any other document specified by the State Government or Union Territory Administration 3.",graph_v4,Entity Graph v4,0.16666666666666666,1.0,0.2,0.40298313359773236,1.0,
phase8_r4,owner_validated_exploratory,test,q_0068,entity_relation,How are Mahatma Gandhi National Rural Employment Guarantee Act and National Family Benefit Scheme related through ministry of rural development?,"An employment scheme by the MoRD, providing provide at least 100 days of guaranteed wage employment in a financial year to every rural household whose adult members volunteer to do unskilled work. Any Indian citizen above the age of 18 years and residing in a rural area can apply to this scheme. Additionally, A family welfare scheme under the umbrella scheme ‘National Social Assistance Programme’ (NSAP) by MoRD. In this scheme, financial assistance is provided to the bereaved households in case of the death of the primary breadwinner irrespective of the cause of death.",graph_v4,Entity Graph v4,0.25,0.5,0.1,0.2640681225725909,1.0,
phase8_r4,owner_validated_exploratory,test,q_0069,entity_relation,How are Aam Aadmi Bima Yojana and Central Sector Scheme for Rehabilitation of Bonded Labourer related through ministry of labour and employment?,"The Aam Aadmi Bima Yojana (AABY) is a social security scheme for rural landless households implemented by the Ministry of Labour & Employment, Government of India. The scheme provides insurance coverage to the head of the household or an earning member of the family in the age group of 18 to 59. Additionally, bonded labourers, including financial support for marriage. Offering special care for disabled individuals, in line with the national policy for disabled people. Providing employable skill development training for adult bonded labourers who do not fall into the above categories.",graph_v4,Entity Graph v4,1.0,0.5,0.1,0.6131471927654584,1.0,
phase8_r4,owner_validated_exploratory,dev,q_0070,entity_relation,How are Food Safety & Standards Authority Of India (FSSAI) Internship Scheme and Pradhan Mantri Surakshit Matritva Abhiyan related through ministry of health family welfare?,"The Internship Program by the FSSAI provides interns with unique learning opportunities in various areas of food regulation of food safety administration. FSSAI is a statutory body established under the Food Safety & Standards Act, 2006 under the aegis of the Ministry of Health & Family Welfare. Additionally, instructions and priority attention for continued care. Question: What is the minimum documentation required for me to register and receive antenatal care services at the designated health facility? Answer: You need Mother and Child Protection Card (if available), Aadhaar Card or any government issued identity proof, and previous medical records, with minimal documentation to ensure universal access. Question: When was this national maternal health program launched and which government ministry is responsible for its implementation across the country? Answer: The scheme was launched on 9th Jun",graph_v4,Entity Graph v4,0.2,1.0,0.2,0.41443699955334395,1.0,
phase8_r4,owner_validated_exploratory,test,q_0071,entity_relation,How are Janani Suraksha Yojana (JSY) and Welfare Measures for Transgender Persons related through government hospitals?,"Free Diet: Hot cooked meals in Government Hospitals and Tertiary Care Centers; two dry packs of biscuits and a milk packet in Primary Health Centres/Community Health Centres. Additionally, The members also exposed that their primary need is house and requested to provide house and employment opportunity in Government Hospitals and AmmaUnavuThittam.",graph_v4,Entity Graph v4,1.0,1.0,0.1,1.0,1.0,
phase8_r4,owner_validated_exploratory,test,q_0072,entity_relation,"How are AICTE – Mitacs Globalink Research Internship (GRI) Scheme and AICTE - YOUTH UNDERTAKING VISIT FOR ACQUIRING KNOWLEDGE (YUVAK): STUDY TOUR OF ATAL TUNNEL, HIMACHAL PRADESH related through ministry of education?","The scheme aims to promote collaborative research between India and Canada. Through this scheme, fully funded international research internships are provided to eligible Indian undergraduate students. Additionally, The scheme is intended for providing Financial Grant for conducting a Study Tour of ATAL TUNNEL by Students / faculty of AICTE approved Institutions in the field of technical education.",graph_v4,Entity Graph v4,1.0,1.0,0.2,0.9197207891481876,1.0,
phase8_r4,owner_validated_exploratory,test,q_0073,entity_relation,How are Aam Aadmi Bima Yojana and Internship Scheme Of Employees’ Provident Fund Organisation (EPFO) related through ministry of labour and employment level: central scheme?,"The Aam Aadmi Bima Yojana (AABY) is a social security scheme for rural landless households implemented by the Ministry of Labour & Employment, Government of India. The scheme provides insurance coverage to the head of the household or an earning member of the family in the age group of 18 to 59. Additionally, The Internship Scheme of Employees’ Provident Fund Organization invites applications for Internships from students for engagement as “Interns” with EPFO. The “Interns” shall have an opportunity to know about the EPFO’s functioning and Departmental Policy issues in EPFO and Government of India.",graph_v4,Entity Graph v4,0.0,0.0,0.0,0.0,0.0,
phase8_r4,owner_validated_exploratory,test,q_0074,entity_relation,How are Credit Linked Subsidy Scheme for Middle Income Group and Micro Finance Scheme of NMDFC related through backward classes?,"Note: Preference from MIG segments, may be given to women (with overriding preference to widows, and single working women), persons belonging to Scheduled Castes/Scheduled Tribes/Other Backward Classes, persons with disabilities, and Transgender. Additionally, The remaining up to 25% may belong to weaker sections, including Scheduled Castes, Scheduled Tribes, Other Backward Classes, or Persons with Disabilities.",graph_v4,Entity Graph v4,1.0,0.5,0.1,0.6131471927654584,1.0,
phase8_r4,owner_validated_exploratory,dev,q_0075,entity_relation,How are Mahatma Gandhi National Rural Employment Guarantee Act and National Food Security Mission NFSM related through gram panchayat?,"Application process Offline Step 1: The application for registration may be given on plain paper to the local Gram Panchayat. Additionally, Gram Panchayat should be involved in selection of beneficiary farmers.",graph_v4,Entity Graph v4,1.0,1.0,0.2,1.0,1.0,
phase8_r4,owner_validated_exploratory,dev,q_0076,entity_relation,How are Pradhan Mantri Jan Dhan Yojana and Pradhan Mantri Jeevan Jyoti Bima Yojana related through department of financial service implementing?,"A National Mission for Financial Inclusion (NMFI), namely, Pradhan Mantri Jan Dhan Yojana (PMJDY) was launched by the Prime Minister across the country on 28th August, 2014. It envisages to provide universal banking services for every unbanked adult in the country. Additionally, Pradhan Mantri Jeevan Jyoti Bima Yojana (PMJJBY) is an insurance scheme offering life insurance cover for death due to any reason. It is a one-year cover, renewable from year to year. The scheme is offered by banks/post offices and administered through life insurance companies.",graph_v4,Entity Graph v4,1.0,1.0,0.2,0.9197207891481876,1.0,
phase8_r4,owner_validated_exploratory,test,q_0077,entity_relation,How are Indira Gandhi National Disability Pension Scheme and Indira Gandhi National Widow Pension Scheme related through gram panchayat / municipality?,"to by Gram Sabha / Ward Sabhas, Gram Panchayats / Municipalities the Verification Officer directly submits his recommendations to the Sanctioning Authority under intimation to the Gram Panchayat / Municipality. Additionally, If the time limits are not adhered to by Gram Sabha / Ward Sabhas, Gram Panchayats / Municipalities the Verification Officer directly submits his recommendations to the Sanctioning Authority under intimation to the Gram Panchayat / Municipality.",graph_v4,Entity Graph v4,0.5,1.0,0.2,0.5912352048230277,1.0,
phase8_r4,owner_validated_exploratory,dev,q_0078,entity_relation,How are CIFE - Institutional Fellowship and SMILE related through the university/institute?,"Program in the University/Institute other than that from where he/she has obtained the Bachelor's Degree. Additionally, The University/Institute will not charge any fee for verification.",graph_v4,Entity Graph v4,0.3333333333333333,1.0,0.2,0.5109559939712153,1.0,
phase8_r4,owner_validated_exploratory,test,q_0079,entity_relation,How are Indira Gandhi National Widow Pension Scheme and Mahatma Gandhi National Rural Employment Guarantee Act related through ministry of rural development department?,"A non-contributory pension scheme to provide social security to widows of poor family (BPL) of the society. Additionally, An employment scheme by the MoRD, providing provide at least 100 days of guaranteed wage employment in a financial year to every rural household whose adult members volunteer to do unskilled work. Any Indian citizen above the age of 18 years and residing in a rural area can apply to this scheme.",graph_v4,Entity Graph v4,0.5,0.5,0.1,0.38685280723454163,1.0,
phase8_r4,owner_validated_exploratory,dev,q_0080,entity_relation,How are Centrally Sponsored Scheme of Upgradation of Merit of Scheduled Caste Students and PM Janjati Adivasi Nyaya Maha Abhiyan (PM JANMAN) related through states and union territories?,"Answer: A maximum of 2,050 fresh students are covered annually under the scheme, with implementation across 19 States and Union Territories. Additionally, The applicant must reside in one of the 18 States and Union Territories having a notified Particularly Vulnerable Tribal Group population.",graph_v4,Entity Graph v4,1.0,0.5,0.1,0.6131471927654584,1.0,
phase8_r4,owner_validated_exploratory,dev,q_0081,multi_hop,What combined evidence connects National Savings Certificates (VIII-Issue) Scheme and Pradhan Mantri Jeevan Jyoti Bima Yojana through ministry of finance department?,"The scheme “National Savings Certificates (VIII-Issue) Scheme” was launched by the Department of Economic Affairs, Ministry of Finance, Government of India to promote a culture of long-term savings among individuals. Additionally, Pradhan Mantri Jeevan Jyoti Bima Yojana (PMJJBY) is an insurance scheme offering life insurance cover for death due to any reason. It is a one-year cover, renewable from year to year. The scheme is offered by banks/post offices and administered through life insurance companies.",graph_v4,Entity Graph v4,0.3333333333333333,1.0,0.2,0.5437713091520254,1.0,
phase8_r4,owner_validated_exploratory,dev,q_0082,multi_hop,What combined evidence connects Scheme for Prevention of Alcoholism and Substance Abuse and SMILE through national institute of social defence?,"has successfully completed programme on ------------------- organized by National Institute of Social Defence, New Delhi in collaboration with RRTC -------------------- held at. Additionally, The National Institute of Social Defence has to prepare an annual action plan and submit it to the Ministry by March positively with a proper budget (h)Constitution of a committee in all educational organizations for transgender persons to deal with cases of any harassment or discrimination.",graph_v4,Entity Graph v4,0.5,1.0,0.2,0.5802792108518124,1.0,
phase8_r4,owner_validated_exploratory,test,q_0083,multi_hop,What combined evidence connects Ambedkar Social Innovation and Incubation Mission (ASIIM) and Credit Enhancement Guarantee Scheme For The Scheduled Castes through scheduled caste?,"Selection and Automatic Incubation The start-up ideas presented by Scheduled Caste (SC)/Scheduled Caste Divyang students that have been selected by the Technology Business Incubators (TBIs) will be automatically selected for incubation under the Ambedkar Social Innovation and Incubation Mission (ASIIM). Additionally, 3: After approval of the loan, the MLI shall issue a valid Sanction Letter/Letter of Intent (LoI) to the Scheduled Caste beneficiary, enterprise, company, firm, society, sole proprietorship firm, or individual.",graph_v4,Entity Graph v4,0.2,1.0,0.2,0.45560514958746035,1.0,
phase8_r4,owner_validated_exploratory,dev,q_0084,multi_hop,What combined evidence connects Mahila Samman Savings Certificate and National Savings Certificates (VIII-Issue) Scheme through department of economic affairs implementing?,"The scheme aims to provide a secure savings option with assured returns for women. Through this scheme, 7.5% interest and flexible savings benefits are provided to women and minor girls. Additionally, The scheme “National Savings Certificates (VIII-Issue) Scheme” was launched by the Department of Economic Affairs, Ministry of Finance, Government of India to promote a culture of long-term savings among individuals.",graph_v4,Entity Graph v4,1.0,1.0,0.2,1.0,1.0,
phase8_r4,owner_validated_exploratory,dev,q_0085,multi_hop,What combined evidence connects Micro Finance Scheme of NMDFC and National Mission on Edible Oils- Oil Palm through self help groups?,"Answer: The scheme benefits members of Self Help Groups (SHGs), primarily minority women, who are engaged in small trade or income-generating activities and have limited access to formal banking systems. Additionally, Answer: The State Governments may develop a sound mechanism for involvement of PRIs in the formulation, prioritization of activities & identification of beneficiaries at grass root level and ensure involvement of NGOs, Self Help Groups and Private companies for selection of beneficiary, identification and mapping of priority areas, liaising with processors, state officials and SAUs, etc.",graph_v4,Entity Graph v4,1.0,0.5,0.1,0.6131471927654584,1.0,
phase8_r4,owner_validated_exploratory,test,q_0086,multi_hop,What combined evidence connects Indira Gandhi National Widow Pension Scheme and Janani Suraksha Yojana (JSY) through below poverty line?,"The applicant must belong to a household identified as living Below Poverty Line (BPL) as per the criteria prescribed by the Government of India. Additionally, The applicant does not need any marriage or Below Poverty Line (BPL) certification if delivering in a Government or accredited private health institution.",graph_v4,Entity Graph v4,1.0,1.0,0.2,0.8503449055347546,1.0,
phase8_r4,owner_validated_exploratory,test,q_0087,multi_hop,What combined evidence connects Begum Hazrat Mahal National Scholarship Program and Maulana Azad National Fellowship For Minority Students through ministry of minority affairs?,"Begum Hazrat Mahal National scholarship is a scholarship scheme also known as Maulana Azad National scholarship scheme was first announced on 3rd May 2003. It is a national level scholarship started for the benefit of the girl’s student belonging to the minority communities. Additionally, Maulana Azad National Fellowship For Minority Students was launched in 2009 by the Ministry of Minority Affairs for providing financial aid to students for their higher studies.",graph_v4,Entity Graph v4,0.2,1.0,0.2,0.4415801103577823,1.0,
phase8_r4,owner_validated_exploratory,dev,q_0088,multi_hop,What combined evidence connects Internship Scheme Of The Department Of Economic Affairs and Kisan Vikas Patra Scheme through department of economic affairs?,"Answer: This internship is neither a job nor any such assurance thereof in the Department of Economic Affairs. Additionally, Answer: ‘Kisan Vikas Patra Scheme’ was relaunched in the year 2014 by the Department of Economic Affairs, Ministry Of Finance, Government of India in view of the popular demand and to revitalize Small Savings.",graph_v4,Entity Graph v4,1.0,1.0,0.2,0.7977228895450266,1.0,
phase8_r4,owner_validated_exploratory,test,q_0089,multi_hop,What combined evidence connects AVYAY - National Action Plan for Senior Citizens: Health and Shelter for Senior Citizens and SMILE through the companies act?,"Answer: The Non-Governmental Organization must be a charitable company licensed specifically under Section 25 of the Companies Act, 1958, to meet the eligibility requirements for receiving grant-in-aid. Additionally, (b)A registered public Trust (c)A Company established under Section 25 of the Companies Act, B.",graph_v4,Entity Graph v4,1.0,0.5,0.1,0.6131471927654584,1.0,
phase8_r4,owner_validated_exploratory,test,q_0090,multi_hop,What combined evidence connects Agricultural Extension and ICAR Senior Research Fellowship For Post-Graduate Studies In Agricultural Sciences through department of agriculture research?,"Extension Division endeavours towards successful implementation of Agricultural Extension activities. Through its various programmes, schemes and activities, Extension Division helps farmers to get information regarding scientific research and new knowledge in agricultural practices. Additionally, ICAR awards a certain number of Senior Research Fellowships for Ph.D. in an Agricultural University (AU), in different disciplines of agriculture and allied sciences. This is done to encourage talented students to undertake higher agricultural education.",graph_v4,Entity Graph v4,1.0,1.0,0.2,0.8315546295836225,1.0,
phase8_r4,owner_validated_exploratory,dev,q_0091,multi_hop,What combined evidence connects Indira Gandhi National Widow Pension Scheme and Pradhan Mantri Gram Sadak Yojana through department of rural development?,"A non-contributory pension scheme to provide social security to widows of poor family (BPL) of the society. Additionally, With the objective of providing rural connectivity, the Government of India launched the Pradhan Mantri Gram Sadak Yojana (referred to as PMGSY-I hereinafter) on 25th December 2000 to provide all-weather access to eligible unconnected habitations.",graph_v4,Entity Graph v4,0.3333333333333333,1.0,0.2,0.5109559939712153,1.0,
phase8_r4,owner_validated_exploratory,dev,q_0092,multi_hop,What combined evidence connects Begum Hazrat Mahal National Scholarship Program and SMILE through the state government/union territory administration?,"The State Government/Union Territory Administration can also directly cancel the award if duly satisfied with the reasons of violation of these regulations governing the scheme. Additionally, (c)The scholarship shall be awarded to students studying in a government or private higher secondary school/college/university, including such residential institutes of the Government and eligible private institutes selected and notified in a transparent manner by the State Government/Union Territory Administration concerned.",graph_v4,Entity Graph v4,1.0,1.0,0.2,0.9197207891481876,1.0,
phase8_r4,owner_validated_exploratory,test,q_0093,multi_hop,What combined evidence connects Construction of Hostels for OBC Boys and Girls and Disha - Early Intervention and School Readiness Scheme through ministry of social justice?,"The Scheme aims at providing hostel facilities to students belonging to socially and educationally backward classes, especially from rural areas, to enable them to pursue secondary and higher education. Additionally, This scheme aims at setting up Disha Centres for early intervention for Person with Disability (PwD) in 0-10 years of age covered under the National Trust Act, through therapies, trainings and providing support to family members.",graph_v4,Entity Graph v4,1.0,0.5,0.1,0.6131471927654584,1.0,
phase8_r4,owner_validated_exploratory,dev,q_0094,multi_hop,What combined evidence connects ICAR Junior Research Fellowship For Post-Graduate Studies In Agricultural Sciences and ICAR Senior Research Fellowship For Post-Graduate Studies In Agricultural Sciences through aligarh muslim university?,"Banaras Hindu University (BHU), Aligarh Muslim University (AMU), Visva Bharti, and Nagaland University, collectively hereinafter referred to as the Agricultural Universities (AUs). Additionally, Banaras Hindu University (BHU), Aligarh Muslim University (AMU), Visva Bharti, and Nagaland University, collectively hereinafter referred to as the Agricultural Universities (AUs).",graph_v4,Entity Graph v4,1.0,1.0,0.2,1.0,1.0,
phase8_r4,owner_validated_exploratory,dev,q_0095,multi_hop,What combined evidence connects AICTE e-Shodh Sindhu Scheme (eSS) and AICTE SHORT TERM TRAINING PROGRAMME-SFURTI SCHEME through department of higher education?,"AICTE e-Shodh Sindhu Scheme (eSS) provides subscriptions of e-Resources like Web of Science, Scopus, ASME, ASCE and Bentham Science to institutions. Additionally, Short Term Training Programme-SFURTI Program aims to provide financial assistance from AICTE to the institutions for conducting faculty and student trainings to enable faculty members and students in the field of technical education.",graph_v4,Entity Graph v4,0.1111111111111111,0.5,0.1,0.18457569677956817,1.0,
phase8_r4,owner_validated_exploratory,dev,q_0096,multi_hop,What combined evidence connects AICTE – Mitacs Globalink Research Internship (GRI) Scheme and AICTE SHORT TERM TRAINING PROGRAMME-SFURTI SCHEME through ministry of education department?,"The scheme aims to promote collaborative research between India and Canada. Through this scheme, fully funded international research internships are provided to eligible Indian undergraduate students. Additionally, Short Term Training Programme-SFURTI Program aims to provide financial assistance from AICTE to the institutions for conducting faculty and student trainings to enable faculty members and students in the field of technical education.",graph_v4,Entity Graph v4,1.0,0.5,0.1,0.6131471927654584,1.0,
phase8_r4,owner_validated_exploratory,dev,q_0097,multi_hop,What combined evidence connects Mission on Integrated Development of Horticulture- NHM and HMNEH and Pradhan Mantri Gram Sadak Yojana through himalayan states?,"The Government of India contributes 60% of the programme cost and States contribute 40%; for North Eastern and Himalayan States, the sharing pattern is 90:10. Additionally, For North Eastern and Himalayan States (Jammu & Kashmir, Uttarakhand, and Himachal Pradesh) 90% of a project is the Union Government funds, and 10% of this cost, is the State Government funds.",graph_v4,Entity Graph v4,1.0,1.0,0.2,0.9197207891481876,1.0,
phase8_r4,owner_validated_exploratory,test,q_0098,multi_hop,What combined evidence connects Coconut Palm Insurance Scheme and Kera Suraksha Insurance Scheme through coconut development board?,"Loss assessment certification is required to be furnished by the Coconut Development Board (CDB)/Agriculture/Horticulture Department/State Agriculture University (SAU), as authorized by the insurance company for each district, justifying cause for loss of palm, within 15 days from the intimation of loss. Additionally, Answer: Application form duly filled in and countersigned by Agriculture officer/Panchayath President/CPF office bearers/CPC Directors along with premium share and age proof needs to be sent to Chairman, Coconut Development Board, Kera Bhavan, SRVHS Road, Kochi - 682011, Kerala.",graph_v4,Entity Graph v4,0.25,1.0,0.2,0.46845052016107697,1.0,
phase8_r4,owner_validated_exploratory,test,q_0099,multi_hop,What combined evidence connects Pradhan Mantri Awas Yojana - Urban and Swachh Bharat Mission – Urban 2.0 through ministry of housing & urban affairs level?,"Pradhan Mantri Awas Yojana - Urban (PMAY-U) Scheme was launched on 25th June 2015 by the Hon’ble Prime Minister to provide all-weather pucca houses to all eligible urban households across the nation with the vision of ‘Housing for All’. Additionally, A sanitation scheme for the construction of Individual Household Latrines (IHHL) for urban households.",graph_v4,Entity Graph v4,0.5,1.0,0.2,0.5714285040141098,1.0,
phase8_r4,owner_validated_exploratory,dev,q_0100,multi_hop,What combined evidence connects Institutional Support for Development and Marketing of Tribal Products/Produce and PM Janjati Adivasi Nyaya Maha Abhiyan (PM JANMAN) through ministry of tribal affairs?,"details of grants received from the Central Government so far under this scheme and UC pending Copies of annual reports/Balance sheets for the last three years Any other document, as required Additionally, The scheme aims to improve the socio-economic status of PVTGs by saturating families and habitations with basic facilities and services. It provides 11 critical infrastructure and welfare interventions, including housing, water, electricity, and connectivity.",graph_v4,Entity Graph v4,1.0,0.5,0.1,0.6131471927654584,1.0,
phase8_r4,owner_validated_exploratory,test,q_0001,exact_match,What is Mission Shakti?,"As you may be aware that the Govemment of India has launched 'Mission Shakti' - an integrated women empowerment programme as umbrella scheme for the safety, security and empowerment of women for implementation during the 15'h Finance Commission period 2O2l-22 to 2025-26.",hybrid_r4,Hybrid RRF (R4),0.5,1.0,0.1,0.6309297535714575,1.0,
phase8_r4,owner_validated_exploratory,test,q_0002,exact_match,What is ICAR Senior Research Fellowship For Post-Graduate Studies In Agricultural Sciences?,"ICAR awards a certain number of Senior Research Fellowships for Ph.D. in an Agricultural University (AU), in different disciplines of agriculture and allied sciences. This is done to encourage talented students to undertake higher agricultural education.",hybrid_r4,Hybrid RRF (R4),1.0,1.0,0.1,1.0,1.0,
phase8_r4,owner_validated_exploratory,dev,q_0003,exact_match,What is National Bamboo Mission?,"The restructured National Bamboo Mission primarily focuses on the development of complete value chain of bamboo sector to link growers with consumers starting from planting material, plantation, creation of facilities, skilled manpower and brand processing marketing, micro, small & medium enterprises, skilled manpower and brand building initiative in a cluster approach mode.",hybrid_r4,Hybrid RRF (R4),0.5,1.0,0.1,0.6309297535714575,1.0,
phase8_r4,owner_validated_exploratory,dev,q_0004,exact_match,What is Internship Programme Of The Department Of Expenditure?,Detailed description The Internship Programme of the Department of Expenditure aims to familiarize willing and eligible undergraduates pursuing five-year integrated courses and Graduates pursuing post-Graduation/ post-Graduates pursuing Research with the overall process of formulation of economic policies of the Government.,hybrid_r4,Hybrid RRF (R4),0.5,1.0,0.1,0.6309297535714575,1.0,
phase8_r4,owner_validated_exploratory,dev,q_0005,exact_match,What is Construction of Hostels for OBC Boys and Girls?,"The Scheme aims at providing hostel facilities to students belonging to socially and educationally backward classes, especially from rural areas, to enable them to pursue secondary and higher education.",hybrid_r4,Hybrid RRF (R4),1.0,1.0,0.1,1.0,1.0,
phase8_r4,owner_validated_exploratory,dev,q_0006,exact_match,What is PM Janjati Adivasi Nyaya Maha Abhiyan (PM JANMAN)?,"The scheme aims to improve the socio-economic status of PVTGs by saturating families and habitations with basic facilities and services. It provides 11 critical infrastructure and welfare interventions, including housing, water, electricity, and connectivity.",hybrid_r4,Hybrid RRF (R4),1.0,1.0,0.1,1.0,1.0,
phase8_r4,owner_validated_exploratory,test,q_0007,exact_match,What is Agricultural Extension?,"Answer: The scheme includes Support to State Extension Programmes for Extension Reforms, Mass Media Support to Agricultural Extension, Agri-Clinic and Agri-Business Centres (ACABC), and Extension Support to Central Institutions",hybrid_r4,Hybrid RRF (R4),0.5,1.0,0.1,0.6309297535714575,1.0,
phase8_r4,owner_validated_exploratory,test,q_0008,exact_match,What is Scheme for Prevention of Alcoholism and Substance Abuse?,"The aims and objectives of the scheme for prevention of alcoholism and substance abuse are - To support activities of non-governmental organisations, working in the areas of prevention of addiction and rehabilitation of drug users with the rights based approach.",hybrid_r4,Hybrid RRF (R4),1.0,1.0,0.1,1.0,1.0,
phase8_r4,owner_validated_exploratory,dev,q_0009,exact_match,What is Universal Immunization Programme - Rotavirus Vaccine?,"Operational Guidelines Introduction of Rotavirus Vaccine in the Universal Immunization Programme ROTAVIRUS VACCINE IN INDIA 4.1 The Rotavirus Vaccine in UIP Based on recommendation by the National Technical Advisory Group on Immunization (NTAGI), the Ministry of Health and Family Welfare (MoHFW), the Government of India (GoI) decided to introduce Rotavirus vaccine in the Universal Immunization Programme (UIP) in a phased manner.",hybrid_r4,Hybrid RRF (R4),0.2,1.0,0.1,0.38685280723454163,1.0,
phase8_r4,owner_validated_exploratory,dev,q_0010,exact_match,What is Pradhan Mantri Gram Sadak Yojana?,"With the objective of providing rural connectivity, the Government of India launched the Pradhan Mantri Gram Sadak Yojana (referred to as PMGSY-I hereinafter) on 25th December 2000 to provide all-weather access to eligible unconnected habitations.",hybrid_r4,Hybrid RRF (R4),1.0,1.0,0.1,1.0,1.0,
phase8_r4,owner_validated_exploratory,dev,q_0011,exact_match,What is Kisan Vikas Patra Scheme?,"‘Kisan Vikas Patra Scheme’ was relaunched in the year 2014 by the Department of Economic Affairs, Ministry Of Finance, Government of India in view of the popular demand and to revitalize Small Savings. The amount invested in Kisan Vikas Patra (KYP) doubles in 115 months at the present rate.",hybrid_r4,Hybrid RRF (R4),0.5,1.0,0.1,0.6309297535714575,1.0,
phase8_r4,owner_validated_exploratory,test,q_0012,exact_match,What is National Savings Certificates (VIII-Issue) Scheme?,"Answer: The scheme “National Savings Certificates (VIII-Issue) Scheme” was launched by the Department of Economic Affairs, Ministry of Finance, Government of India to promote a culture of long-term savings among individuals.",hybrid_r4,Hybrid RRF (R4),0.3333333333333333,1.0,0.1,0.5,1.0,
phase8_r4,owner_validated_exploratory,test,q_0013,exact_match,What is Atal Mission For Rejuvenation And Urban Transformation?,Detailed description The purpose of the Atal Mission for Rejuvenation and Urban Transformation (AMRUT) is to Ensure that every household has access to a tap with the assured supply of water and a sewerage connection.,hybrid_r4,Hybrid RRF (R4),1.0,1.0,0.1,1.0,1.0,
phase8_r4,owner_validated_exploratory,dev,q_0014,exact_match,What is Maulana Azad National Fellowship For Minority Students?,Maulana Azad National Fellowship For Minority Students was launched in 2009 by the Ministry of Minority Affairs for providing financial aid to students for their higher studies.,hybrid_r4,Hybrid RRF (R4),1.0,1.0,0.1,1.0,1.0,
phase8_r4,owner_validated_exploratory,dev,q_0015,exact_match,What is Kisan Credit Card?,"Eligibility Farmers - individual/joint borrowers who are owner cultivators; Tenant farmers, oral lessees & share croppers; Self Help Groups (SHGs) or Joint Liability Groups (JLGs) of farmers including tenant farmers, share croppers etc Application process Online Visit the website of the bank you wish to apply for the kisan credit card scheme.",hybrid_r4,Hybrid RRF (R4),0.2,1.0,0.1,0.38685280723454163,1.0,
phase8_r4,owner_validated_exploratory,dev,q_0016,exact_match,What is Begum Hazrat Mahal National Scholarship Program?,Begum Hazrat Mahal National scholarship is a scholarship scheme also known as Maulana Azad National scholarship scheme was first announced on 3rd May 2003. It is a national level scholarship started for the benefit of the girl’s student belonging to the minority communities.,hybrid_r4,Hybrid RRF (R4),1.0,1.0,0.1,1.0,1.0,
phase8_r4,owner_validated_exploratory,test,q_0017,exact_match,What is Indira Gandhi National Disability Pension Scheme?,Answer: The Indira Gandhi National Disability Pension Scheme (IGNDPS) was formally launched in February 2009 under the National Social Assistance Programme,hybrid_r4,Hybrid RRF (R4),0.5,1.0,0.1,0.6309297535714575,1.0,
phase8_r4,owner_validated_exploratory,dev,q_0018,exact_match,What is Atal Pension Yojana?,"Atal Pension Yojana (APY) is an old age income security scheme for a savings account holder in the age group of 18-40 years, who is not an income tax-payee. It helps to address longevity risks among workers in unorganized sector and encourages the workers to voluntarily save for retirement.",hybrid_r4,Hybrid RRF (R4),1.0,1.0,0.1,1.0,1.0,
phase8_r4,owner_validated_exploratory,test,q_0019,exact_match,What is Disha - Early Intervention and School Readiness Scheme?,Answer: Disha-Early Intervention and School Readiness Scheme was launched by the Department of Empowerment of Persons with Disabilities.,hybrid_r4,Hybrid RRF (R4),1.0,1.0,0.1,1.0,1.0,
phase8_r4,owner_validated_exploratory,dev,q_0020,exact_match,What is ICMR- Post Doctoral Fellowship?,"Answer: ICMR- Post Doctoral Fellowship (ICMR-PDF) Scheme is being instituted to foster high-quality research opportunities for promising fresh Ph.D./MD/MS holders in the cutting-edge areas of basic science, communicable and non-communicable diseases, and reproductive health including nutrition at ICMR Institutes /Centers.",hybrid_r4,Hybrid RRF (R4),1.0,1.0,0.1,1.0,1.0,
phase8_r4,owner_validated_exploratory,test,q_0021,terminology_heavy,What does VDP stand for?,Village Development Plan,hybrid_r4,Hybrid RRF (R4),0.3333333333333333,1.0,0.1,0.5,1.0,
phase8_r4,owner_validated_exploratory,test,q_0022,terminology_heavy,What does GFR stand for?,General Financial Rules,hybrid_r4,Hybrid RRF (R4),0.1,1.0,0.1,0.2890648263178879,1.0,
phase8_r4,owner_validated_exploratory,test,q_0023,terminology_heavy,What does MSJE stand for?,Ministry of Social Justice and Empowerment,hybrid_r4,Hybrid RRF (R4),0.0,0.0,0.0,0.0,0.0,
phase8_r4,owner_validated_exploratory,test,q_0024,terminology_heavy,What does NIOS stand for?,National Institute for Open Schooling,hybrid_r4,Hybrid RRF (R4),1.0,1.0,0.1,1.0,1.0,
phase8_r4,owner_validated_exploratory,dev,q_0025,terminology_heavy,What does UIP stand for?,Universal Immunization Programme,hybrid_r4,Hybrid RRF (R4),0.0,0.0,0.0,0.0,0.0,
phase8_r4,owner_validated_exploratory,dev,q_0026,terminology_heavy,What does RVIS stand for?,Rotavirus Vaccine Impact Study,hybrid_r4,Hybrid RRF (R4),0.5,1.0,0.1,0.6309297535714575,1.0,
phase8_r4,owner_validated_exploratory,dev,q_0027,terminology_heavy,What does ICDS stand for?,Integrated Child Development Services,hybrid_r4,Hybrid RRF (R4),0.0,0.0,0.0,0.0,0.0,
phase8_r4,owner_validated_exploratory,dev,q_0028,terminology_heavy,What does AU stand for?,Agricultural University,hybrid_r4,Hybrid RRF (R4),0.5,1.0,0.1,0.6309297535714575,1.0,
phase8_r4,owner_validated_exploratory,dev,q_0029,terminology_heavy,What does BHU stand for?,Banaras Hindu University,hybrid_r4,Hybrid RRF (R4),0.25,1.0,0.1,0.43067655807339306,1.0,
phase8_r4,owner_validated_exploratory,test,q_0030,terminology_heavy,What does KGBV stand for?,Kasturba Gandhi Balika Vidyalaya,hybrid_r4,Hybrid RRF (R4),0.5,1.0,0.1,0.6309297535714575,1.0,
phase8_r4,owner_validated_exploratory,dev,q_0031,terminology_heavy,What does SRLM stand for?,State Rural Livelihood Mission,hybrid_r4,Hybrid RRF (R4),0.3333333333333333,1.0,0.1,0.5,1.0,
phase8_r4,owner_validated_exploratory,test,q_0032,terminology_heavy,What does CSS stand for?,Centrally Sponsored Scheme,hybrid_r4,Hybrid RRF (R4),0.3333333333333333,1.0,0.1,0.5,1.0,
phase8_r4,owner_validated_exploratory,dev,q_0033,terminology_heavy,What does MIDH stand for?,Mission for Integrated Development of Horticulture,hybrid_r4,Hybrid RRF (R4),0.14285714285714285,1.0,0.1,0.3333333333333333,1.0,
phase8_r4,owner_validated_exploratory,dev,q_0034,terminology_heavy,What does IEC stand for?,Information Education and Communication,hybrid_r4,Hybrid RRF (R4),0.0,0.0,0.0,0.0,0.0,
phase8_r4,owner_validated_exploratory,dev,q_0035,terminology_heavy,What does PHC stand for?,Primary Health Centre,hybrid_r4,Hybrid RRF (R4),0.25,1.0,0.1,0.43067655807339306,1.0,
phase8_r4,owner_validated_exploratory,dev,q_0036,terminology_heavy,What does PMMVY stand for?,Pradhan Mantri Matru Vandana Yojana,hybrid_r4,Hybrid RRF (R4),0.125,1.0,0.1,0.31546487678572877,1.0,
phase8_r4,owner_validated_exploratory,dev,q_0037,terminology_heavy,What does NFSA stand for?,National Food Security Act,hybrid_r4,Hybrid RRF (R4),0.2,1.0,0.1,0.38685280723454163,1.0,
phase8_r4,owner_validated_exploratory,test,q_0038,terminology_heavy,What does NHM stand for?,National Health Mission,hybrid_r4,Hybrid RRF (R4),0.5,1.0,0.1,0.6309297535714575,1.0,
phase8_r4,owner_validated_exploratory,test,q_0039,terminology_heavy,What does NRHM stand for?,National Rural Health Mission,hybrid_r4,Hybrid RRF (R4),0.3333333333333333,1.0,0.1,0.5,1.0,
phase8_r4,owner_validated_exploratory,dev,q_0040,terminology_heavy,What does AVTS stand for?,Advanced Vocational Training Scheme,hybrid_r4,Hybrid RRF (R4),0.5,1.0,0.1,0.6309297535714575,1.0,
phase8_r4,owner_validated_exploratory,dev,q_0041,paraphrase,What detail does the source provide about Pradhan Mantri Adi Adarsh Gram Yojana (PMAAGY)?,Answer: The village must have at least 50% Scheduled Tribe population.,hybrid_r4,Hybrid RRF (R4),0.5,1.0,0.1,0.6309297535714575,1.0,
phase8_r4,owner_validated_exploratory,dev,q_0042,paraphrase,What detail does the source provide about Scheme for Prevention of Alcoholism and Substance Abuse?,METHOD OF DRUG TAKING (Please state the number of clients) Oral Sniffing Injecting (IDU) Any other CLIENT’S DETAILS (During the half-year under review) 10.,hybrid_r4,Hybrid RRF (R4),0.0,0.0,0.0,0.0,0.0,
phase8_r4,owner_validated_exploratory,dev,q_0043,paraphrase,What detail does the source provide about NPS Vatsalya Scheme?,"Answer: Yes, Non-Resident Indians (NRIs) and Overseas Citizens of India (OCIs) under 18 years of age can join the scheme.",hybrid_r4,Hybrid RRF (R4),1.0,1.0,0.1,1.0,1.0,
phase8_r4,owner_validated_exploratory,dev,q_0044,paraphrase,What detail does the source provide about MANAGE Internship Programme?,mentioned that the selection is based on evaluation of the proposals received.,hybrid_r4,Hybrid RRF (R4),1.0,1.0,0.1,1.0,1.0,
phase8_r4,owner_validated_exploratory,test,q_0045,paraphrase,What detail does the source provide about AVYAY - National Action Plan for Senior Citizens: Health and Shelter for Senior Citizens?,Answer: The Voluntary Organization must have been registered for a minimum of two years and must demonstrate a track record of at least two years' experience operating in the social sector when submitting the application for the grant.,hybrid_r4,Hybrid RRF (R4),0.3333333333333333,1.0,0.1,0.5,1.0,
phase8_r4,owner_validated_exploratory,test,q_0046,paraphrase,What detail does the source provide about Transgender Persons Welfare Framework?,"(4) Every rule made by the State Government under sub-section (1), shall be laid, as soon as may be after it is made, before each House of the State Legislature where it consists of two Houses, or where such legislature consists of one House, before that House.",hybrid_r4,Hybrid RRF (R4),0.0,0.0,0.0,0.0,0.0,
phase8_r4,owner_validated_exploratory,test,q_0047,paraphrase,What detail does the source provide about Mission Shakti?,implementing organizations should engage a part time doctor for the Centre who should visit the Centre at least once in a week to ensure general health check-up of the residents and also to attend to any emergency situation.,hybrid_r4,Hybrid RRF (R4),0.0,0.0,0.0,0.0,0.0,
phase8_r4,owner_validated_exploratory,dev,q_0048,paraphrase,What detail does the source provide about Welfare Measures for Transgender Persons?,Affidavit that such a person is a ‘third gender’ or ‘transgender’ (if seen as a separate gender category) given by trans community members/leaders who know the person as a transgender or third gender person.,hybrid_r4,Hybrid RRF (R4),0.0,0.0,0.0,0.0,0.0,
phase8_r4,owner_validated_exploratory,test,q_0049,paraphrase,What detail does the source provide about Internship Scheme Of The Department Of Economic Affairs?,job for any other organisation during the internship period.,hybrid_r4,Hybrid RRF (R4),0.5,1.0,0.1,0.6309297535714575,1.0,
phase8_r4,owner_validated_exploratory,dev,q_0050,paraphrase,What detail does the source provide about Universal Immunization Programme - Rotavirus Vaccine?,Bhopal 21.3 38.5 Total 36.8 * Data from two surveillance sites The data from the NRSN from September 2012 to June 2016 is summarized below in Table 10-13.,hybrid_r4,Hybrid RRF (R4),0.0,0.0,0.0,0.0,0.0,
phase8_r4,owner_validated_exploratory,dev,q_0051,paraphrase,What detail does the source provide about ICAR Senior Research Fellowship For Post-Graduate Studies In Agricultural Sciences?,"ICAR awards a certain number of Senior Research Fellowships for Ph.D. in an Agricultural University (AU), in different disciplines of agriculture and allied sciences. This is done to encourage talented students to undertake higher agricultural education.",hybrid_r4,Hybrid RRF (R4),1.0,1.0,0.1,1.0,1.0,
phase8_r4,owner_validated_exploratory,test,q_0052,paraphrase,What detail does the source provide about National Overseas Scholarship For Scheduled Tribes (ST) Students?,study or research and the Institute for which scholarship has been sanctioned.,hybrid_r4,Hybrid RRF (R4),0.25,1.0,0.1,0.43067655807339306,1.0,
phase8_r4,owner_validated_exploratory,dev,q_0053,paraphrase,What detail does the source provide about National Bamboo Mission?,"Detailed description Resultant to this historic amendment, bamboo grown in the non-forest area is out of the scope of regulations on the forest produces.",hybrid_r4,Hybrid RRF (R4),1.0,1.0,0.1,1.0,1.0,
phase8_r4,owner_validated_exploratory,test,q_0054,paraphrase,What detail does the source provide about Internship Programme Of The Department Of Expenditure?,Detailed description The Internship Programme of the Department of Expenditure aims to familiarize willing and eligible undergraduates pursuing five-year integrated courses and Graduates pursuing post-Graduation/ post-Graduates pursuing Research with the overall process of formulation of economic policies of the Government.,hybrid_r4,Hybrid RRF (R4),0.5,1.0,0.1,0.6309297535714575,1.0,
phase8_r4,owner_validated_exploratory,dev,q_0055,paraphrase,What detail does the source provide about Construction of Hostels for OBC Boys and Girls?,"The Scheme aims at providing hostel facilities to students belonging to socially and educationally backward classes, especially from rural areas, to enable them to pursue secondary and higher education.",hybrid_r4,Hybrid RRF (R4),1.0,1.0,0.1,1.0,1.0,
phase8_r4,owner_validated_exploratory,dev,q_0056,paraphrase,What detail does the source provide about SMILE?,(b)The beneficiary should not be availing similar benefits from any other schemes of Centre or state government.,hybrid_r4,Hybrid RRF (R4),0.0,0.0,0.0,0.0,0.0,
phase8_r4,owner_validated_exploratory,dev,q_0057,paraphrase,What detail does the source provide about “Ishan Uday” Special Scholarship Scheme For North Eastern Region?,"applicant should not exceed ₹4,50,000/- per annum from all sources.",hybrid_r4,Hybrid RRF (R4),0.3333333333333333,1.0,0.1,0.5,1.0,
phase8_r4,owner_validated_exploratory,test,q_0058,paraphrase,What detail does the source provide about Pradhan Mantri Anusuchit Jaati Abhyuday Yojana?,"of the same, a print out of the said proposals along with all the requisite documents is to be sent to their respective Administrative Ministries/Departments, who in turn will forward the same to this Ministry along with their recommendations for release of grants-in-aid under the Scheme.",hybrid_r4,Hybrid RRF (R4),0.0,0.0,0.0,0.0,0.0,
phase8_r4,owner_validated_exploratory,test,q_0059,paraphrase,What detail does the source provide about Financial Assistance for Education to the Wards of Beedi/Cine/IOMC/LSDM Workers – Pre & Post-Matric?,"An amount not exceeding Rs.8,000/- per month where such amount is paid monthly or an amount not exceeding Rs.1,00,000/- where it is paid by way of lump sum or instalments; as remuneration of a cine worker for the purpose of this Act.",hybrid_r4,Hybrid RRF (R4),0.3333333333333333,1.0,0.1,0.5,1.0,
phase8_r4,owner_validated_exploratory,dev,q_0060,paraphrase,What detail does the source provide about Internship Scheme Of Employees’ Provident Fund Organisation (EPFO)?,"Soft copies of mark sheets, certificates, and other documentary proofs do not need to be sent with the application.",hybrid_r4,Hybrid RRF (R4),0.5,1.0,0.1,0.6309297535714575,1.0,
phase8_r4,owner_validated_exploratory,dev,q_0061,entity_relation,How are AICTE – Saksham Scholarship Scheme For Specially-Abled Student (Degree) and AICTE – Saksham Scholarship Scheme For Specially-Abled Student (Diploma) related through direct benefit transfer?,"Answer: Scholarship will be disbursed only through Direct Benefit Transfer (DBT) in the bank account of the student by AICTE. Additionally, Answer: Scholarship will be disbursed only through Direct Benefit Transfer (DBT) in the bank account of the student by AICTE.",hybrid_r4,Hybrid RRF (R4),0.3333333333333333,1.0,0.2,0.5706417189553201,1.0,
phase8_r4,owner_validated_exploratory,dev,q_0062,entity_relation,How are Janani Suraksha Yojana (JSY) and Pradhan Mantri Surakshit Matritva Abhiyan related through district hospitals?,"Application Status Tracking To ensure transparency and allow beneficiaries to track their status, a list of Janani Suraksha Yojana beneficiaries, detailing the date of cash disbursement, must be prominently displayed on notice boards at all Sub-centers, Primary Health Centres, Community Health Centres, and District Hospitals. Additionally, Answer: Services are provided at Primary Health Centres, Community Health Centres, District Hospitals, and urban health facilities in both urban and rural areas across the country.",hybrid_r4,Hybrid RRF (R4),0.5,1.0,0.2,0.5714285040141098,1.0,
phase8_r4,owner_validated_exploratory,dev,q_0063,entity_relation,How are Coconut Palm Insurance Scheme and Integrated Scheme on Agriculture Cooperation related through ministry of agriculture and farmers welfare?,"The “Coconut Palm Insurance Scheme (CPIS)” is being implemented by the Coconut Development Board, Ministry of Agriculture and Farmers Welfare, Government of India with the objective of insuring coconut palms against natural calamities, climatic risks, pests, diseases, and other perils. Additionally, The Integrated Scheme on Agriculture Cooperation (ISAC) is a Central Sector Scheme of the Ministry of Agriculture and Farmers Welfare, Government of India. It is being implemented through the National Cooperative Development Corporation (NCDC).",hybrid_r4,Hybrid RRF (R4),1.0,1.0,0.2,0.9197207891481876,1.0,
phase8_r4,owner_validated_exploratory,dev,q_0064,entity_relation,How are ICAR Senior Research Fellowship For Post-Graduate Studies In Agricultural Sciences and Indian Agricultural Research Institute - Scholarship related through department of agriculture research and education?,"ICAR awards a certain number of Senior Research Fellowships for Ph.D. in an Agricultural University (AU), in different disciplines of agriculture and allied sciences. This is done to encourage talented students to undertake higher agricultural education. Additionally, The Indian Agricultural Research Institute (IARI) Junior and Senior Scholarship shall be awarded to M.Sc. and Ph.D. students admitted under General Open Competition Scheme.",hybrid_r4,Hybrid RRF (R4),1.0,1.0,0.2,0.8772153153380493,1.0,
phase8_r4,owner_validated_exploratory,dev,q_0065,entity_relation,How are Atal Pension Yojana and Pradhan Mantri Jan Dhan Yojana related through ministry of finance?,"Atal Pension Yojana (APY) is an old age income security scheme for a savings account holder in the age group of 18-40 years, who is not an income tax-payee. It helps to address longevity risks among workers in unorganized sector and encourages the workers to voluntarily save for retirement. Additionally, A National Mission for Financial Inclusion (NMFI), namely, Pradhan Mantri Jan Dhan Yojana (PMJDY) was launched by the Prime Minister across the country on 28th August, 2014. It envisages to provide universal banking services for every unbanked adult in the country.",hybrid_r4,Hybrid RRF (R4),1.0,1.0,0.2,0.9197207891481876,1.0,
phase8_r4,owner_validated_exploratory,dev,q_0066,entity_relation,How are Mission on Integrated Development of Horticulture- NHM and HMNEH and National Agriculture Insurance Scheme related through department of agriculture farmers welfare?,"The scheme aims to promote the holistic growth of the horticulture sector through production enhancement, productivity improvement, post-harvest management, processing, marketing support, skill development, and infrastructure creation for horticulture crops while augmenting farmers’ income. Additionally, The National Agriculture Insurance Scheme (NAIS) was introduced by the Government of India to provide comprehensive insurance coverage and financial support to farmers against crop losses due to natural calamities, pests, and diseases.",hybrid_r4,Hybrid RRF (R4),1.0,1.0,0.2,0.7977228895450266,1.0,
phase8_r4,owner_validated_exploratory,dev,q_0067,entity_relation,How are Indira Gandhi National Disability Pension Scheme and Mission Shakti related through primary health centre?,"Disability certificate:- Disability certificate (80% and More) issued from Chief Medical Officer, Community Health Centre or Primary Health Centre will be accepted. Additionally, k) Certificate of identity with photograph issued by a Gazetted Officer on official letterhead; l) Health Card issued by Primary Health Centre (PHC) or Government Hospital; m) Any other document specified by the State Government or Union Territory Administration 3.",hybrid_r4,Hybrid RRF (R4),0.5,0.5,0.1,0.38685280723454163,1.0,
phase8_r4,owner_validated_exploratory,test,q_0068,entity_relation,How are Mahatma Gandhi National Rural Employment Guarantee Act and National Family Benefit Scheme related through ministry of rural development?,"An employment scheme by the MoRD, providing provide at least 100 days of guaranteed wage employment in a financial year to every rural household whose adult members volunteer to do unskilled work. Any Indian citizen above the age of 18 years and residing in a rural area can apply to this scheme. Additionally, A family welfare scheme under the umbrella scheme ‘National Social Assistance Programme’ (NSAP) by MoRD. In this scheme, financial assistance is provided to the bereaved households in case of the death of the primary breadwinner irrespective of the cause of death.",hybrid_r4,Hybrid RRF (R4),1.0,0.5,0.1,0.6131471927654584,1.0,
phase8_r4,owner_validated_exploratory,test,q_0069,entity_relation,How are Aam Aadmi Bima Yojana and Central Sector Scheme for Rehabilitation of Bonded Labourer related through ministry of labour and employment?,"The Aam Aadmi Bima Yojana (AABY) is a social security scheme for rural landless households implemented by the Ministry of Labour & Employment, Government of India. The scheme provides insurance coverage to the head of the household or an earning member of the family in the age group of 18 to 59. Additionally, bonded labourers, including financial support for marriage. Offering special care for disabled individuals, in line with the national policy for disabled people. Providing employable skill development training for adult bonded labourers who do not fall into the above categories.",hybrid_r4,Hybrid RRF (R4),1.0,1.0,0.2,0.9197207891481876,1.0,
phase8_r4,owner_validated_exploratory,dev,q_0070,entity_relation,How are Food Safety & Standards Authority Of India (FSSAI) Internship Scheme and Pradhan Mantri Surakshit Matritva Abhiyan related through ministry of health family welfare?,"The Internship Program by the FSSAI provides interns with unique learning opportunities in various areas of food regulation of food safety administration. FSSAI is a statutory body established under the Food Safety & Standards Act, 2006 under the aegis of the Ministry of Health & Family Welfare. Additionally, instructions and priority attention for continued care. Question: What is the minimum documentation required for me to register and receive antenatal care services at the designated health facility? Answer: You need Mother and Child Protection Card (if available), Aadhaar Card or any government issued identity proof, and previous medical records, with minimal documentation to ensure universal access. Question: When was this national maternal health program launched and which government ministry is responsible for its implementation across the country? Answer: The scheme was launched on 9th Jun",hybrid_r4,Hybrid RRF (R4),1.0,1.0,0.2,0.7977228895450266,1.0,
phase8_r4,owner_validated_exploratory,test,q_0071,entity_relation,How are Janani Suraksha Yojana (JSY) and Welfare Measures for Transgender Persons related through government hospitals?,"Free Diet: Hot cooked meals in Government Hospitals and Tertiary Care Centers; two dry packs of biscuits and a milk packet in Primary Health Centres/Community Health Centres. Additionally, The members also exposed that their primary need is house and requested to provide house and employment opportunity in Government Hospitals and AmmaUnavuThittam.",hybrid_r4,Hybrid RRF (R4),0.5,1.0,0.1,0.6309297535714575,1.0,
phase8_r4,owner_validated_exploratory,test,q_0072,entity_relation,"How are AICTE – Mitacs Globalink Research Internship (GRI) Scheme and AICTE - YOUTH UNDERTAKING VISIT FOR ACQUIRING KNOWLEDGE (YUVAK): STUDY TOUR OF ATAL TUNNEL, HIMACHAL PRADESH related through ministry of education?","The scheme aims to promote collaborative research between India and Canada. Through this scheme, fully funded international research internships are provided to eligible Indian undergraduate students. Additionally, The scheme is intended for providing Financial Grant for conducting a Study Tour of ATAL TUNNEL by Students / faculty of AICTE approved Institutions in the field of technical education.",hybrid_r4,Hybrid RRF (R4),1.0,1.0,0.2,0.9197207891481876,1.0,
phase8_r4,owner_validated_exploratory,test,q_0073,entity_relation,How are Aam Aadmi Bima Yojana and Internship Scheme Of Employees’ Provident Fund Organisation (EPFO) related through ministry of labour and employment level: central scheme?,"The Aam Aadmi Bima Yojana (AABY) is a social security scheme for rural landless households implemented by the Ministry of Labour & Employment, Government of India. The scheme provides insurance coverage to the head of the household or an earning member of the family in the age group of 18 to 59. Additionally, The Internship Scheme of Employees’ Provident Fund Organization invites applications for Internships from students for engagement as “Interns” with EPFO. The “Interns” shall have an opportunity to know about the EPFO’s functioning and Departmental Policy issues in EPFO and Government of India.",hybrid_r4,Hybrid RRF (R4),1.0,1.0,0.2,1.0,1.0,
phase8_r4,owner_validated_exploratory,test,q_0074,entity_relation,How are Credit Linked Subsidy Scheme for Middle Income Group and Micro Finance Scheme of NMDFC related through backward classes?,"Note: Preference from MIG segments, may be given to women (with overriding preference to widows, and single working women), persons belonging to Scheduled Castes/Scheduled Tribes/Other Backward Classes, persons with disabilities, and Transgender. Additionally, The remaining up to 25% may belong to weaker sections, including Scheduled Castes, Scheduled Tribes, Other Backward Classes, or Persons with Disabilities.",hybrid_r4,Hybrid RRF (R4),0.5,1.0,0.2,0.6934264036172708,1.0,
phase8_r4,owner_validated_exploratory,dev,q_0075,entity_relation,How are Mahatma Gandhi National Rural Employment Guarantee Act and National Food Security Mission NFSM related through gram panchayat?,"Application process Offline Step 1: The application for registration may be given on plain paper to the local Gram Panchayat. Additionally, Gram Panchayat should be involved in selection of beneficiary farmers.",hybrid_r4,Hybrid RRF (R4),0.3333333333333333,1.0,0.2,0.5,1.0,
phase8_r4,owner_validated_exploratory,dev,q_0076,entity_relation,How are Pradhan Mantri Jan Dhan Yojana and Pradhan Mantri Jeevan Jyoti Bima Yojana related through department of financial service implementing?,"A National Mission for Financial Inclusion (NMFI), namely, Pradhan Mantri Jan Dhan Yojana (PMJDY) was launched by the Prime Minister across the country on 28th August, 2014. It envisages to provide universal banking services for every unbanked adult in the country. Additionally, Pradhan Mantri Jeevan Jyoti Bima Yojana (PMJJBY) is an insurance scheme offering life insurance cover for death due to any reason. It is a one-year cover, renewable from year to year. The scheme is offered by banks/post offices and administered through life insurance companies.",hybrid_r4,Hybrid RRF (R4),1.0,1.0,0.2,1.0,1.0,
phase8_r4,owner_validated_exploratory,test,q_0077,entity_relation,How are Indira Gandhi National Disability Pension Scheme and Indira Gandhi National Widow Pension Scheme related through gram panchayat / municipality?,"to by Gram Sabha / Ward Sabhas, Gram Panchayats / Municipalities the Verification Officer directly submits his recommendations to the Sanctioning Authority under intimation to the Gram Panchayat / Municipality. Additionally, If the time limits are not adhered to by Gram Sabha / Ward Sabhas, Gram Panchayats / Municipalities the Verification Officer directly submits his recommendations to the Sanctioning Authority under intimation to the Gram Panchayat / Municipality.",hybrid_r4,Hybrid RRF (R4),1.0,1.0,0.2,0.8772153153380493,1.0,
phase8_r4,owner_validated_exploratory,dev,q_0078,entity_relation,How are CIFE - Institutional Fellowship and SMILE related through the university/institute?,"Program in the University/Institute other than that from where he/she has obtained the Bachelor's Degree. Additionally, The University/Institute will not charge any fee for verification.",hybrid_r4,Hybrid RRF (R4),1.0,0.5,0.1,0.6131471927654584,1.0,
phase8_r4,owner_validated_exploratory,test,q_0079,entity_relation,How are Indira Gandhi National Widow Pension Scheme and Mahatma Gandhi National Rural Employment Guarantee Act related through ministry of rural development department?,"A non-contributory pension scheme to provide social security to widows of poor family (BPL) of the society. Additionally, An employment scheme by the MoRD, providing provide at least 100 days of guaranteed wage employment in a financial year to every rural household whose adult members volunteer to do unskilled work. Any Indian citizen above the age of 18 years and residing in a rural area can apply to this scheme.",hybrid_r4,Hybrid RRF (R4),1.0,1.0,0.2,0.9197207891481876,1.0,
phase8_r4,owner_validated_exploratory,dev,q_0080,entity_relation,How are Centrally Sponsored Scheme of Upgradation of Merit of Scheduled Caste Students and PM Janjati Adivasi Nyaya Maha Abhiyan (PM JANMAN) related through states and union territories?,"Answer: A maximum of 2,050 fresh students are covered annually under the scheme, with implementation across 19 States and Union Territories. Additionally, The applicant must reside in one of the 18 States and Union Territories having a notified Particularly Vulnerable Tribal Group population.",hybrid_r4,Hybrid RRF (R4),0.3333333333333333,1.0,0.2,0.5437713091520254,1.0,
phase8_r4,owner_validated_exploratory,dev,q_0081,multi_hop,What combined evidence connects National Savings Certificates (VIII-Issue) Scheme and Pradhan Mantri Jeevan Jyoti Bima Yojana through ministry of finance department?,"The scheme “National Savings Certificates (VIII-Issue) Scheme” was launched by the Department of Economic Affairs, Ministry of Finance, Government of India to promote a culture of long-term savings among individuals. Additionally, Pradhan Mantri Jeevan Jyoti Bima Yojana (PMJJBY) is an insurance scheme offering life insurance cover for death due to any reason. It is a one-year cover, renewable from year to year. The scheme is offered by banks/post offices and administered through life insurance companies.",hybrid_r4,Hybrid RRF (R4),1.0,1.0,0.2,1.0,1.0,
phase8_r4,owner_validated_exploratory,dev,q_0082,multi_hop,What combined evidence connects Scheme for Prevention of Alcoholism and Substance Abuse and SMILE through national institute of social defence?,"has successfully completed programme on ------------------- organized by National Institute of Social Defence, New Delhi in collaboration with RRTC -------------------- held at. Additionally, The National Institute of Social Defence has to prepare an annual action plan and submit it to the Ministry by March positively with a proper budget (h)Constitution of a committee in all educational organizations for transgender persons to deal with cases of any harassment or discrimination.",hybrid_r4,Hybrid RRF (R4),0.5,0.5,0.1,0.38685280723454163,1.0,
phase8_r4,owner_validated_exploratory,test,q_0083,multi_hop,What combined evidence connects Ambedkar Social Innovation and Incubation Mission (ASIIM) and Credit Enhancement Guarantee Scheme For The Scheduled Castes through scheduled caste?,"Selection and Automatic Incubation The start-up ideas presented by Scheduled Caste (SC)/Scheduled Caste Divyang students that have been selected by the Technology Business Incubators (TBIs) will be automatically selected for incubation under the Ambedkar Social Innovation and Incubation Mission (ASIIM). Additionally, 3: After approval of the loan, the MLI shall issue a valid Sanction Letter/Letter of Intent (LoI) to the Scheduled Caste beneficiary, enterprise, company, firm, society, sole proprietorship firm, or individual.",hybrid_r4,Hybrid RRF (R4),0.5,1.0,0.2,0.5714285040141098,1.0,
phase8_r4,owner_validated_exploratory,dev,q_0084,multi_hop,What combined evidence connects Mahila Samman Savings Certificate and National Savings Certificates (VIII-Issue) Scheme through department of economic affairs implementing?,"The scheme aims to provide a secure savings option with assured returns for women. Through this scheme, 7.5% interest and flexible savings benefits are provided to women and minor girls. Additionally, The scheme “National Savings Certificates (VIII-Issue) Scheme” was launched by the Department of Economic Affairs, Ministry of Finance, Government of India to promote a culture of long-term savings among individuals.",hybrid_r4,Hybrid RRF (R4),1.0,1.0,0.2,1.0,1.0,
phase8_r4,owner_validated_exploratory,dev,q_0085,multi_hop,What combined evidence connects Micro Finance Scheme of NMDFC and National Mission on Edible Oils- Oil Palm through self help groups?,"Answer: The scheme benefits members of Self Help Groups (SHGs), primarily minority women, who are engaged in small trade or income-generating activities and have limited access to formal banking systems. Additionally, Answer: The State Governments may develop a sound mechanism for involvement of PRIs in the formulation, prioritization of activities & identification of beneficiaries at grass root level and ensure involvement of NGOs, Self Help Groups and Private companies for selection of beneficiary, identification and mapping of priority areas, liaising with processors, state officials and SAUs, etc.",hybrid_r4,Hybrid RRF (R4),0.5,1.0,0.2,0.6509209298071326,1.0,
phase8_r4,owner_validated_exploratory,test,q_0086,multi_hop,What combined evidence connects Indira Gandhi National Widow Pension Scheme and Janani Suraksha Yojana (JSY) through below poverty line?,"The applicant must belong to a household identified as living Below Poverty Line (BPL) as per the criteria prescribed by the Government of India. Additionally, The applicant does not need any marriage or Below Poverty Line (BPL) certification if delivering in a Government or accredited private health institution.",hybrid_r4,Hybrid RRF (R4),0.2,1.0,0.2,0.45560514958746035,1.0,
phase8_r4,owner_validated_exploratory,test,q_0087,multi_hop,What combined evidence connects Begum Hazrat Mahal National Scholarship Program and Maulana Azad National Fellowship For Minority Students through ministry of minority affairs?,"Begum Hazrat Mahal National scholarship is a scholarship scheme also known as Maulana Azad National scholarship scheme was first announced on 3rd May 2003. It is a national level scholarship started for the benefit of the girl’s student belonging to the minority communities. Additionally, Maulana Azad National Fellowship For Minority Students was launched in 2009 by the Ministry of Minority Affairs for providing financial aid to students for their higher studies.",hybrid_r4,Hybrid RRF (R4),1.0,1.0,0.2,0.9197207891481876,1.0,
phase8_r4,owner_validated_exploratory,dev,q_0088,multi_hop,What combined evidence connects Internship Scheme Of The Department Of Economic Affairs and Kisan Vikas Patra Scheme through department of economic affairs?,"Answer: This internship is neither a job nor any such assurance thereof in the Department of Economic Affairs. Additionally, Answer: ‘Kisan Vikas Patra Scheme’ was relaunched in the year 2014 by the Department of Economic Affairs, Ministry Of Finance, Government of India in view of the popular demand and to revitalize Small Savings.",hybrid_r4,Hybrid RRF (R4),0.3333333333333333,1.0,0.2,0.5706417189553201,1.0,
phase8_r4,owner_validated_exploratory,test,q_0089,multi_hop,What combined evidence connects AVYAY - National Action Plan for Senior Citizens: Health and Shelter for Senior Citizens and SMILE through the companies act?,"Answer: The Non-Governmental Organization must be a charitable company licensed specifically under Section 25 of the Companies Act, 1958, to meet the eligibility requirements for receiving grant-in-aid. Additionally, (b)A registered public Trust (c)A Company established under Section 25 of the Companies Act, B.",hybrid_r4,Hybrid RRF (R4),1.0,0.5,0.1,0.6131471927654584,1.0,
phase8_r4,owner_validated_exploratory,test,q_0090,multi_hop,What combined evidence connects Agricultural Extension and ICAR Senior Research Fellowship For Post-Graduate Studies In Agricultural Sciences through department of agriculture research?,"Extension Division endeavours towards successful implementation of Agricultural Extension activities. Through its various programmes, schemes and activities, Extension Division helps farmers to get information regarding scientific research and new knowledge in agricultural practices. Additionally, ICAR awards a certain number of Senior Research Fellowships for Ph.D. in an Agricultural University (AU), in different disciplines of agriculture and allied sciences. This is done to encourage talented students to undertake higher agricultural education.",hybrid_r4,Hybrid RRF (R4),1.0,0.5,0.1,0.6131471927654584,1.0,
phase8_r4,owner_validated_exploratory,dev,q_0091,multi_hop,What combined evidence connects Indira Gandhi National Widow Pension Scheme and Pradhan Mantri Gram Sadak Yojana through department of rural development?,"A non-contributory pension scheme to provide social security to widows of poor family (BPL) of the society. Additionally, With the objective of providing rural connectivity, the Government of India launched the Pradhan Mantri Gram Sadak Yojana (referred to as PMGSY-I hereinafter) on 25th December 2000 to provide all-weather access to eligible unconnected habitations.",hybrid_r4,Hybrid RRF (R4),1.0,1.0,0.2,1.0,1.0,
phase8_r4,owner_validated_exploratory,dev,q_0092,multi_hop,What combined evidence connects Begum Hazrat Mahal National Scholarship Program and SMILE through the state government/union territory administration?,"The State Government/Union Territory Administration can also directly cancel the award if duly satisfied with the reasons of violation of these regulations governing the scheme. Additionally, (c)The scholarship shall be awarded to students studying in a government or private higher secondary school/college/university, including such residential institutes of the Government and eligible private institutes selected and notified in a transparent manner by the State Government/Union Territory Administration concerned.",hybrid_r4,Hybrid RRF (R4),1.0,1.0,0.2,0.8503449055347546,1.0,
phase8_r4,owner_validated_exploratory,test,q_0093,multi_hop,What combined evidence connects Construction of Hostels for OBC Boys and Girls and Disha - Early Intervention and School Readiness Scheme through ministry of social justice?,"The Scheme aims at providing hostel facilities to students belonging to socially and educationally backward classes, especially from rural areas, to enable them to pursue secondary and higher education. Additionally, This scheme aims at setting up Disha Centres for early intervention for Person with Disability (PwD) in 0-10 years of age covered under the National Trust Act, through therapies, trainings and providing support to family members.",hybrid_r4,Hybrid RRF (R4),1.0,1.0,0.2,1.0,1.0,
phase8_r4,owner_validated_exploratory,dev,q_0094,multi_hop,What combined evidence connects ICAR Junior Research Fellowship For Post-Graduate Studies In Agricultural Sciences and ICAR Senior Research Fellowship For Post-Graduate Studies In Agricultural Sciences through aligarh muslim university?,"Banaras Hindu University (BHU), Aligarh Muslim University (AMU), Visva Bharti, and Nagaland University, collectively hereinafter referred to as the Agricultural Universities (AUs). Additionally, Banaras Hindu University (BHU), Aligarh Muslim University (AMU), Visva Bharti, and Nagaland University, collectively hereinafter referred to as the Agricultural Universities (AUs).",hybrid_r4,Hybrid RRF (R4),1.0,1.0,0.2,1.0,1.0,
phase8_r4,owner_validated_exploratory,dev,q_0095,multi_hop,What combined evidence connects AICTE e-Shodh Sindhu Scheme (eSS) and AICTE SHORT TERM TRAINING PROGRAMME-SFURTI SCHEME through department of higher education?,"AICTE e-Shodh Sindhu Scheme (eSS) provides subscriptions of e-Resources like Web of Science, Scopus, ASME, ASCE and Bentham Science to institutions. Additionally, Short Term Training Programme-SFURTI Program aims to provide financial assistance from AICTE to the institutions for conducting faculty and student trainings to enable faculty members and students in the field of technical education.",hybrid_r4,Hybrid RRF (R4),1.0,1.0,0.2,0.9197207891481876,1.0,
phase8_r4,owner_validated_exploratory,dev,q_0096,multi_hop,What combined evidence connects AICTE – Mitacs Globalink Research Internship (GRI) Scheme and AICTE SHORT TERM TRAINING PROGRAMME-SFURTI SCHEME through ministry of education department?,"The scheme aims to promote collaborative research between India and Canada. Through this scheme, fully funded international research internships are provided to eligible Indian undergraduate students. Additionally, Short Term Training Programme-SFURTI Program aims to provide financial assistance from AICTE to the institutions for conducting faculty and student trainings to enable faculty members and students in the field of technical education.",hybrid_r4,Hybrid RRF (R4),1.0,1.0,0.2,0.9197207891481876,1.0,
phase8_r4,owner_validated_exploratory,dev,q_0097,multi_hop,What combined evidence connects Mission on Integrated Development of Horticulture- NHM and HMNEH and Pradhan Mantri Gram Sadak Yojana through himalayan states?,"The Government of India contributes 60% of the programme cost and States contribute 40%; for North Eastern and Himalayan States, the sharing pattern is 90:10. Additionally, For North Eastern and Himalayan States (Jammu & Kashmir, Uttarakhand, and Himachal Pradesh) 90% of a project is the Union Government funds, and 10% of this cost, is the State Government funds.",hybrid_r4,Hybrid RRF (R4),1.0,1.0,0.2,1.0,1.0,
phase8_r4,owner_validated_exploratory,test,q_0098,multi_hop,What combined evidence connects Coconut Palm Insurance Scheme and Kera Suraksha Insurance Scheme through coconut development board?,"Loss assessment certification is required to be furnished by the Coconut Development Board (CDB)/Agriculture/Horticulture Department/State Agriculture University (SAU), as authorized by the insurance company for each district, justifying cause for loss of palm, within 15 days from the intimation of loss. Additionally, Answer: Application form duly filled in and countersigned by Agriculture officer/Panchayath President/CPF office bearers/CPC Directors along with premium share and age proof needs to be sent to Chairman, Coconut Development Board, Kera Bhavan, SRVHS Road, Kochi - 682011, Kerala.",hybrid_r4,Hybrid RRF (R4),0.2,1.0,0.2,0.42177340954886444,1.0,
phase8_r4,owner_validated_exploratory,test,q_0099,multi_hop,What combined evidence connects Pradhan Mantri Awas Yojana - Urban and Swachh Bharat Mission – Urban 2.0 through ministry of housing & urban affairs level?,"Pradhan Mantri Awas Yojana - Urban (PMAY-U) Scheme was launched on 25th June 2015 by the Hon’ble Prime Minister to provide all-weather pucca houses to all eligible urban households across the nation with the vision of ‘Housing for All’. Additionally, A sanitation scheme for the construction of Individual Household Latrines (IHHL) for urban households.",hybrid_r4,Hybrid RRF (R4),1.0,1.0,0.2,0.9197207891481876,1.0,
phase8_r4,owner_validated_exploratory,dev,q_0100,multi_hop,What combined evidence connects Institutional Support for Development and Marketing of Tribal Products/Produce and PM Janjati Adivasi Nyaya Maha Abhiyan (PM JANMAN) through ministry of tribal affairs?,"details of grants received from the Central Government so far under this scheme and UC pending Copies of annual reports/Balance sheets for the last three years Any other document, as required Additionally, The scheme aims to improve the socio-economic status of PVTGs by saturating families and habitations with basic facilities and services. It provides 11 critical infrastructure and welfare interventions, including housing, water, electricity, and connectivity.",hybrid_r4,Hybrid RRF (R4),1.0,1.0,0.2,0.8315546295836225,1.0,
phase8_r4,owner_validated_exploratory,test,q_0001,exact_match,What is Mission Shakti?,"As you may be aware that the Govemment of India has launched 'Mission Shakti' - an integrated women empowerment programme as umbrella scheme for the safety, security and empowerment of women for implementation during the 15'h Finance Commission period 2O2l-22 to 2025-26.",prompt_rag_claude,Prompt-RAG Claude,0.3333333333333333,1.0,0.1,0.5,1.0,
phase8_r4,owner_validated_exploratory,test,q_0002,exact_match,What is ICAR Senior Research Fellowship For Post-Graduate Studies In Agricultural Sciences?,"ICAR awards a certain number of Senior Research Fellowships for Ph.D. in an Agricultural University (AU), in different disciplines of agriculture and allied sciences. This is done to encourage talented students to undertake higher agricultural education.",prompt_rag_claude,Prompt-RAG Claude,1.0,1.0,0.1,1.0,1.0,
phase8_r4,owner_validated_exploratory,dev,q_0003,exact_match,What is National Bamboo Mission?,"The restructured National Bamboo Mission primarily focuses on the development of complete value chain of bamboo sector to link growers with consumers starting from planting material, plantation, creation of facilities, skilled manpower and brand processing marketing, micro, small & medium enterprises, skilled manpower and brand building initiative in a cluster approach mode.",prompt_rag_claude,Prompt-RAG Claude,1.0,1.0,0.1,1.0,1.0,
phase8_r4,owner_validated_exploratory,dev,q_0004,exact_match,What is Internship Programme Of The Department Of Expenditure?,Detailed description The Internship Programme of the Department of Expenditure aims to familiarize willing and eligible undergraduates pursuing five-year integrated courses and Graduates pursuing post-Graduation/ post-Graduates pursuing Research with the overall process of formulation of economic policies of the Government.,prompt_rag_claude,Prompt-RAG Claude,1.0,1.0,0.1,1.0,1.0,
phase8_r4,owner_validated_exploratory,dev,q_0005,exact_match,What is Construction of Hostels for OBC Boys and Girls?,"The Scheme aims at providing hostel facilities to students belonging to socially and educationally backward classes, especially from rural areas, to enable them to pursue secondary and higher education.",prompt_rag_claude,Prompt-RAG Claude,1.0,1.0,0.1,1.0,1.0,
phase8_r4,owner_validated_exploratory,dev,q_0006,exact_match,What is PM Janjati Adivasi Nyaya Maha Abhiyan (PM JANMAN)?,"The scheme aims to improve the socio-economic status of PVTGs by saturating families and habitations with basic facilities and services. It provides 11 critical infrastructure and welfare interventions, including housing, water, electricity, and connectivity.",prompt_rag_claude,Prompt-RAG Claude,0.3333333333333333,1.0,0.1,0.5,1.0,
phase8_r4,owner_validated_exploratory,test,q_0007,exact_match,What is Agricultural Extension?,"Answer: The scheme includes Support to State Extension Programmes for Extension Reforms, Mass Media Support to Agricultural Extension, Agri-Clinic and Agri-Business Centres (ACABC), and Extension Support to Central Institutions",prompt_rag_claude,Prompt-RAG Claude,0.3333333333333333,1.0,0.1,0.5,1.0,
phase8_r4,owner_validated_exploratory,test,q_0008,exact_match,What is Scheme for Prevention of Alcoholism and Substance Abuse?,"The aims and objectives of the scheme for prevention of alcoholism and substance abuse are - To support activities of non-governmental organisations, working in the areas of prevention of addiction and rehabilitation of drug users with the rights based approach.",prompt_rag_claude,Prompt-RAG Claude,0.5,1.0,0.1,0.6309297535714575,1.0,
phase8_r4,owner_validated_exploratory,dev,q_0009,exact_match,What is Universal Immunization Programme - Rotavirus Vaccine?,"Operational Guidelines Introduction of Rotavirus Vaccine in the Universal Immunization Programme ROTAVIRUS VACCINE IN INDIA 4.1 The Rotavirus Vaccine in UIP Based on recommendation by the National Technical Advisory Group on Immunization (NTAGI), the Ministry of Health and Family Welfare (MoHFW), the Government of India (GoI) decided to introduce Rotavirus vaccine in the Universal Immunization Programme (UIP) in a phased manner.",prompt_rag_claude,Prompt-RAG Claude,1.0,1.0,0.1,1.0,1.0,
phase8_r4,owner_validated_exploratory,dev,q_0010,exact_match,What is Pradhan Mantri Gram Sadak Yojana?,"With the objective of providing rural connectivity, the Government of India launched the Pradhan Mantri Gram Sadak Yojana (referred to as PMGSY-I hereinafter) on 25th December 2000 to provide all-weather access to eligible unconnected habitations.",prompt_rag_claude,Prompt-RAG Claude,1.0,1.0,0.1,1.0,1.0,
phase8_r4,owner_validated_exploratory,dev,q_0011,exact_match,What is Kisan Vikas Patra Scheme?,"‘Kisan Vikas Patra Scheme’ was relaunched in the year 2014 by the Department of Economic Affairs, Ministry Of Finance, Government of India in view of the popular demand and to revitalize Small Savings. The amount invested in Kisan Vikas Patra (KYP) doubles in 115 months at the present rate.",prompt_rag_claude,Prompt-RAG Claude,0.5,1.0,0.1,0.6309297535714575,1.0,
phase8_r4,owner_validated_exploratory,test,q_0012,exact_match,What is National Savings Certificates (VIII-Issue) Scheme?,"Answer: The scheme “National Savings Certificates (VIII-Issue) Scheme” was launched by the Department of Economic Affairs, Ministry of Finance, Government of India to promote a culture of long-term savings among individuals.",prompt_rag_claude,Prompt-RAG Claude,0.3333333333333333,1.0,0.1,0.5,1.0,
phase8_r4,owner_validated_exploratory,test,q_0013,exact_match,What is Atal Mission For Rejuvenation And Urban Transformation?,Detailed description The purpose of the Atal Mission for Rejuvenation and Urban Transformation (AMRUT) is to Ensure that every household has access to a tap with the assured supply of water and a sewerage connection.,prompt_rag_claude,Prompt-RAG Claude,0.5,1.0,0.1,0.6309297535714575,1.0,
phase8_r4,owner_validated_exploratory,dev,q_0014,exact_match,What is Maulana Azad National Fellowship For Minority Students?,Maulana Azad National Fellowship For Minority Students was launched in 2009 by the Ministry of Minority Affairs for providing financial aid to students for their higher studies.,prompt_rag_claude,Prompt-RAG Claude,0.5,1.0,0.1,0.6309297535714575,1.0,
phase8_r4,owner_validated_exploratory,dev,q_0015,exact_match,What is Kisan Credit Card?,"Eligibility Farmers - individual/joint borrowers who are owner cultivators; Tenant farmers, oral lessees & share croppers; Self Help Groups (SHGs) or Joint Liability Groups (JLGs) of farmers including tenant farmers, share croppers etc Application process Online Visit the website of the bank you wish to apply for the kisan credit card scheme.",prompt_rag_claude,Prompt-RAG Claude,0.3333333333333333,1.0,0.1,0.5,1.0,
phase8_r4,owner_validated_exploratory,dev,q_0016,exact_match,What is Begum Hazrat Mahal National Scholarship Program?,Begum Hazrat Mahal National scholarship is a scholarship scheme also known as Maulana Azad National scholarship scheme was first announced on 3rd May 2003. It is a national level scholarship started for the benefit of the girl’s student belonging to the minority communities.,prompt_rag_claude,Prompt-RAG Claude,1.0,1.0,0.1,1.0,1.0,
phase8_r4,owner_validated_exploratory,test,q_0017,exact_match,What is Indira Gandhi National Disability Pension Scheme?,Answer: The Indira Gandhi National Disability Pension Scheme (IGNDPS) was formally launched in February 2009 under the National Social Assistance Programme,prompt_rag_claude,Prompt-RAG Claude,1.0,1.0,0.1,1.0,1.0,
phase8_r4,owner_validated_exploratory,dev,q_0018,exact_match,What is Atal Pension Yojana?,"Atal Pension Yojana (APY) is an old age income security scheme for a savings account holder in the age group of 18-40 years, who is not an income tax-payee. It helps to address longevity risks among workers in unorganized sector and encourages the workers to voluntarily save for retirement.",prompt_rag_claude,Prompt-RAG Claude,1.0,1.0,0.1,1.0,1.0,
phase8_r4,owner_validated_exploratory,test,q_0019,exact_match,What is Disha - Early Intervention and School Readiness Scheme?,Answer: Disha-Early Intervention and School Readiness Scheme was launched by the Department of Empowerment of Persons with Disabilities.,prompt_rag_claude,Prompt-RAG Claude,0.5,1.0,0.1,0.6309297535714575,1.0,
phase8_r4,owner_validated_exploratory,dev,q_0020,exact_match,What is ICMR- Post Doctoral Fellowship?,"Answer: ICMR- Post Doctoral Fellowship (ICMR-PDF) Scheme is being instituted to foster high-quality research opportunities for promising fresh Ph.D./MD/MS holders in the cutting-edge areas of basic science, communicable and non-communicable diseases, and reproductive health including nutrition at ICMR Institutes /Centers.",prompt_rag_claude,Prompt-RAG Claude,0.3333333333333333,1.0,0.1,0.5,1.0,
phase8_r4,owner_validated_exploratory,test,q_0021,terminology_heavy,What does VDP stand for?,Village Development Plan,prompt_rag_claude,Prompt-RAG Claude,0.3333333333333333,1.0,0.1,0.5,1.0,
phase8_r4,owner_validated_exploratory,test,q_0022,terminology_heavy,What does GFR stand for?,General Financial Rules,prompt_rag_claude,Prompt-RAG Claude,0.3333333333333333,1.0,0.1,0.5,1.0,
phase8_r4,owner_validated_exploratory,test,q_0023,terminology_heavy,What does MSJE stand for?,Ministry of Social Justice and Empowerment,prompt_rag_claude,Prompt-RAG Claude,0.16666666666666666,1.0,0.1,0.3562071871080222,1.0,
phase8_r4,owner_validated_exploratory,test,q_0024,terminology_heavy,What does NIOS stand for?,National Institute for Open Schooling,prompt_rag_claude,Prompt-RAG Claude,0.5,1.0,0.1,0.6309297535714575,1.0,
phase8_r4,owner_validated_exploratory,dev,q_0025,terminology_heavy,What does UIP stand for?,Universal Immunization Programme,prompt_rag_claude,Prompt-RAG Claude,0.0,0.0,0.0,0.0,0.0,
phase8_r4,owner_validated_exploratory,dev,q_0026,terminology_heavy,What does RVIS stand for?,Rotavirus Vaccine Impact Study,prompt_rag_claude,Prompt-RAG Claude,0.0,0.0,0.0,0.0,0.0,
phase8_r4,owner_validated_exploratory,dev,q_0027,terminology_heavy,What does ICDS stand for?,Integrated Child Development Services,prompt_rag_claude,Prompt-RAG Claude,1.0,1.0,0.1,1.0,1.0,
phase8_r4,owner_validated_exploratory,dev,q_0028,terminology_heavy,What does AU stand for?,Agricultural University,prompt_rag_claude,Prompt-RAG Claude,0.5,1.0,0.1,0.6309297535714575,1.0,
phase8_r4,owner_validated_exploratory,dev,q_0029,terminology_heavy,What does BHU stand for?,Banaras Hindu University,prompt_rag_claude,Prompt-RAG Claude,0.2,1.0,0.1,0.38685280723454163,1.0,
phase8_r4,owner_validated_exploratory,test,q_0030,terminology_heavy,What does KGBV stand for?,Kasturba Gandhi Balika Vidyalaya,prompt_rag_claude,Prompt-RAG Claude,1.0,1.0,0.1,1.0,1.0,
phase8_r4,owner_validated_exploratory,dev,q_0031,terminology_heavy,What does SRLM stand for?,State Rural Livelihood Mission,prompt_rag_claude,Prompt-RAG Claude,0.1,1.0,0.1,0.2890648263178879,1.0,
phase8_r4,owner_validated_exploratory,test,q_0032,terminology_heavy,What does CSS stand for?,Centrally Sponsored Scheme,prompt_rag_claude,Prompt-RAG Claude,1.0,1.0,0.1,1.0,1.0,
phase8_r4,owner_validated_exploratory,dev,q_0033,terminology_heavy,What does MIDH stand for?,Mission for Integrated Development of Horticulture,prompt_rag_claude,Prompt-RAG Claude,0.25,1.0,0.1,0.43067655807339306,1.0,
phase8_r4,owner_validated_exploratory,dev,q_0034,terminology_heavy,What does IEC stand for?,Information Education and Communication,prompt_rag_claude,Prompt-RAG Claude,0.0,0.0,0.0,0.0,0.0,
phase8_r4,owner_validated_exploratory,dev,q_0035,terminology_heavy,What does PHC stand for?,Primary Health Centre,prompt_rag_claude,Prompt-RAG Claude,0.0,0.0,0.0,0.0,0.0,
phase8_r4,owner_validated_exploratory,dev,q_0036,terminology_heavy,What does PMMVY stand for?,Pradhan Mantri Matru Vandana Yojana,prompt_rag_claude,Prompt-RAG Claude,0.0,0.0,0.0,0.0,0.0,
phase8_r4,owner_validated_exploratory,dev,q_0037,terminology_heavy,What does NFSA stand for?,National Food Security Act,prompt_rag_claude,Prompt-RAG Claude,0.25,1.0,0.1,0.43067655807339306,1.0,
phase8_r4,owner_validated_exploratory,test,q_0038,terminology_heavy,What does NHM stand for?,National Health Mission,prompt_rag_claude,Prompt-RAG Claude,0.2,1.0,0.1,0.38685280723454163,1.0,
phase8_r4,owner_validated_exploratory,test,q_0039,terminology_heavy,What does NRHM stand for?,National Rural Health Mission,prompt_rag_claude,Prompt-RAG Claude,1.0,1.0,0.1,1.0,1.0,
phase8_r4,owner_validated_exploratory,dev,q_0040,terminology_heavy,What does AVTS stand for?,Advanced Vocational Training Scheme,prompt_rag_claude,Prompt-RAG Claude,1.0,1.0,0.1,1.0,1.0,
phase8_r4,owner_validated_exploratory,dev,q_0041,paraphrase,What detail does the source provide about Pradhan Mantri Adi Adarsh Gram Yojana (PMAAGY)?,Answer: The village must have at least 50% Scheduled Tribe population.,prompt_rag_claude,Prompt-RAG Claude,0.5,1.0,0.1,0.6309297535714575,1.0,
phase8_r4,owner_validated_exploratory,dev,q_0042,paraphrase,What detail does the source provide about Scheme for Prevention of Alcoholism and Substance Abuse?,METHOD OF DRUG TAKING (Please state the number of clients) Oral Sniffing Injecting (IDU) Any other CLIENT’S DETAILS (During the half-year under review) 10.,prompt_rag_claude,Prompt-RAG Claude,0.0,0.0,0.0,0.0,0.0,
phase8_r4,owner_validated_exploratory,dev,q_0043,paraphrase,What detail does the source provide about NPS Vatsalya Scheme?,"Answer: Yes, Non-Resident Indians (NRIs) and Overseas Citizens of India (OCIs) under 18 years of age can join the scheme.",prompt_rag_claude,Prompt-RAG Claude,0.2,1.0,0.1,0.38685280723454163,1.0,
phase8_r4,owner_validated_exploratory,dev,q_0044,paraphrase,What detail does the source provide about MANAGE Internship Programme?,mentioned that the selection is based on evaluation of the proposals received.,prompt_rag_claude,Prompt-RAG Claude,0.5,1.0,0.1,0.6309297535714575,1.0,
phase8_r4,owner_validated_exploratory,test,q_0045,paraphrase,What detail does the source provide about AVYAY - National Action Plan for Senior Citizens: Health and Shelter for Senior Citizens?,Answer: The Voluntary Organization must have been registered for a minimum of two years and must demonstrate a track record of at least two years' experience operating in the social sector when submitting the application for the grant.,prompt_rag_claude,Prompt-RAG Claude,0.16666666666666666,1.0,0.1,0.3562071871080222,1.0,
phase8_r4,owner_validated_exploratory,test,q_0046,paraphrase,What detail does the source provide about Transgender Persons Welfare Framework?,"(4) Every rule made by the State Government under sub-section (1), shall be laid, as soon as may be after it is made, before each House of the State Legislature where it consists of two Houses, or where such legislature consists of one House, before that House.",prompt_rag_claude,Prompt-RAG Claude,0.0,0.0,0.0,0.0,0.0,
phase8_r4,owner_validated_exploratory,test,q_0047,paraphrase,What detail does the source provide about Mission Shakti?,implementing organizations should engage a part time doctor for the Centre who should visit the Centre at least once in a week to ensure general health check-up of the residents and also to attend to any emergency situation.,prompt_rag_claude,Prompt-RAG Claude,0.0,0.0,0.0,0.0,0.0,
phase8_r4,owner_validated_exploratory,dev,q_0048,paraphrase,What detail does the source provide about Welfare Measures for Transgender Persons?,Affidavit that such a person is a ‘third gender’ or ‘transgender’ (if seen as a separate gender category) given by trans community members/leaders who know the person as a transgender or third gender person.,prompt_rag_claude,Prompt-RAG Claude,0.0,0.0,0.0,0.0,0.0,
phase8_r4,owner_validated_exploratory,test,q_0049,paraphrase,What detail does the source provide about Internship Scheme Of The Department Of Economic Affairs?,job for any other organisation during the internship period.,prompt_rag_claude,Prompt-RAG Claude,0.3333333333333333,1.0,0.1,0.5,1.0,
phase8_r4,owner_validated_exploratory,dev,q_0050,paraphrase,What detail does the source provide about Universal Immunization Programme - Rotavirus Vaccine?,Bhopal 21.3 38.5 Total 36.8 * Data from two surveillance sites The data from the NRSN from September 2012 to June 2016 is summarized below in Table 10-13.,prompt_rag_claude,Prompt-RAG Claude,0.0,0.0,0.0,0.0,0.0,
phase8_r4,owner_validated_exploratory,dev,q_0051,paraphrase,What detail does the source provide about ICAR Senior Research Fellowship For Post-Graduate Studies In Agricultural Sciences?,"ICAR awards a certain number of Senior Research Fellowships for Ph.D. in an Agricultural University (AU), in different disciplines of agriculture and allied sciences. This is done to encourage talented students to undertake higher agricultural education.",prompt_rag_claude,Prompt-RAG Claude,1.0,1.0,0.1,1.0,1.0,
phase8_r4,owner_validated_exploratory,test,q_0052,paraphrase,What detail does the source provide about National Overseas Scholarship For Scheduled Tribes (ST) Students?,study or research and the Institute for which scholarship has been sanctioned.,prompt_rag_claude,Prompt-RAG Claude,0.2,1.0,0.1,0.38685280723454163,1.0,
phase8_r4,owner_validated_exploratory,dev,q_0053,paraphrase,What detail does the source provide about National Bamboo Mission?,"Detailed description Resultant to this historic amendment, bamboo grown in the non-forest area is out of the scope of regulations on the forest produces.",prompt_rag_claude,Prompt-RAG Claude,1.0,1.0,0.1,1.0,1.0,
phase8_r4,owner_validated_exploratory,test,q_0054,paraphrase,What detail does the source provide about Internship Programme Of The Department Of Expenditure?,Detailed description The Internship Programme of the Department of Expenditure aims to familiarize willing and eligible undergraduates pursuing five-year integrated courses and Graduates pursuing post-Graduation/ post-Graduates pursuing Research with the overall process of formulation of economic policies of the Government.,prompt_rag_claude,Prompt-RAG Claude,1.0,1.0,0.1,1.0,1.0,
phase8_r4,owner_validated_exploratory,dev,q_0055,paraphrase,What detail does the source provide about Construction of Hostels for OBC Boys and Girls?,"The Scheme aims at providing hostel facilities to students belonging to socially and educationally backward classes, especially from rural areas, to enable them to pursue secondary and higher education.",prompt_rag_claude,Prompt-RAG Claude,0.25,1.0,0.1,0.43067655807339306,1.0,
phase8_r4,owner_validated_exploratory,dev,q_0056,paraphrase,What detail does the source provide about SMILE?,(b)The beneficiary should not be availing similar benefits from any other schemes of Centre or state government.,prompt_rag_claude,Prompt-RAG Claude,0.14285714285714285,1.0,0.1,0.3333333333333333,1.0,
phase8_r4,owner_validated_exploratory,dev,q_0057,paraphrase,What detail does the source provide about “Ishan Uday” Special Scholarship Scheme For North Eastern Region?,"applicant should not exceed ₹4,50,000/- per annum from all sources.",prompt_rag_claude,Prompt-RAG Claude,0.5,1.0,0.1,0.6309297535714575,1.0,
phase8_r4,owner_validated_exploratory,test,q_0058,paraphrase,What detail does the source provide about Pradhan Mantri Anusuchit Jaati Abhyuday Yojana?,"of the same, a print out of the said proposals along with all the requisite documents is to be sent to their respective Administrative Ministries/Departments, who in turn will forward the same to this Ministry along with their recommendations for release of grants-in-aid under the Scheme.",prompt_rag_claude,Prompt-RAG Claude,0.0,0.0,0.0,0.0,0.0,
phase8_r4,owner_validated_exploratory,test,q_0059,paraphrase,What detail does the source provide about Financial Assistance for Education to the Wards of Beedi/Cine/IOMC/LSDM Workers – Pre & Post-Matric?,"An amount not exceeding Rs.8,000/- per month where such amount is paid monthly or an amount not exceeding Rs.1,00,000/- where it is paid by way of lump sum or instalments; as remuneration of a cine worker for the purpose of this Act.",prompt_rag_claude,Prompt-RAG Claude,1.0,1.0,0.1,1.0,1.0,
phase8_r4,owner_validated_exploratory,dev,q_0060,paraphrase,What detail does the source provide about Internship Scheme Of Employees’ Provident Fund Organisation (EPFO)?,"Soft copies of mark sheets, certificates, and other documentary proofs do not need to be sent with the application.",prompt_rag_claude,Prompt-RAG Claude,0.5,1.0,0.1,0.6309297535714575,1.0,
phase8_r4,owner_validated_exploratory,dev,q_0061,entity_relation,How are AICTE – Saksham Scholarship Scheme For Specially-Abled Student (Degree) and AICTE – Saksham Scholarship Scheme For Specially-Abled Student (Diploma) related through direct benefit transfer?,"Answer: Scholarship will be disbursed only through Direct Benefit Transfer (DBT) in the bank account of the student by AICTE. Additionally, Answer: Scholarship will be disbursed only through Direct Benefit Transfer (DBT) in the bank account of the student by AICTE.",prompt_rag_claude,Prompt-RAG Claude,0.3333333333333333,1.0,0.2,0.5437713091520254,1.0,
phase8_r4,owner_validated_exploratory,dev,q_0062,entity_relation,How are Janani Suraksha Yojana (JSY) and Pradhan Mantri Surakshit Matritva Abhiyan related through district hospitals?,"Application Status Tracking To ensure transparency and allow beneficiaries to track their status, a list of Janani Suraksha Yojana beneficiaries, detailing the date of cash disbursement, must be prominently displayed on notice boards at all Sub-centers, Primary Health Centres, Community Health Centres, and District Hospitals. Additionally, Answer: Services are provided at Primary Health Centres, Community Health Centres, District Hospitals, and urban health facilities in both urban and rural areas across the country.",prompt_rag_claude,Prompt-RAG Claude,0.0,0.0,0.0,0.0,0.0,
phase8_r4,owner_validated_exploratory,dev,q_0063,entity_relation,How are Coconut Palm Insurance Scheme and Integrated Scheme on Agriculture Cooperation related through ministry of agriculture and farmers welfare?,"The “Coconut Palm Insurance Scheme (CPIS)” is being implemented by the Coconut Development Board, Ministry of Agriculture and Farmers Welfare, Government of India with the objective of insuring coconut palms against natural calamities, climatic risks, pests, diseases, and other perils. Additionally, The Integrated Scheme on Agriculture Cooperation (ISAC) is a Central Sector Scheme of the Ministry of Agriculture and Farmers Welfare, Government of India. It is being implemented through the National Cooperative Development Corporation (NCDC).",prompt_rag_claude,Prompt-RAG Claude,1.0,1.0,0.2,1.0,1.0,
phase8_r4,owner_validated_exploratory,dev,q_0064,entity_relation,How are ICAR Senior Research Fellowship For Post-Graduate Studies In Agricultural Sciences and Indian Agricultural Research Institute - Scholarship related through department of agriculture research and education?,"ICAR awards a certain number of Senior Research Fellowships for Ph.D. in an Agricultural University (AU), in different disciplines of agriculture and allied sciences. This is done to encourage talented students to undertake higher agricultural education. Additionally, The Indian Agricultural Research Institute (IARI) Junior and Senior Scholarship shall be awarded to M.Sc. and Ph.D. students admitted under General Open Competition Scheme.",prompt_rag_claude,Prompt-RAG Claude,0.5,1.0,0.2,0.6934264036172708,1.0,
phase8_r4,owner_validated_exploratory,dev,q_0065,entity_relation,How are Atal Pension Yojana and Pradhan Mantri Jan Dhan Yojana related through ministry of finance?,"Atal Pension Yojana (APY) is an old age income security scheme for a savings account holder in the age group of 18-40 years, who is not an income tax-payee. It helps to address longevity risks among workers in unorganized sector and encourages the workers to voluntarily save for retirement. Additionally, A National Mission for Financial Inclusion (NMFI), namely, Pradhan Mantri Jan Dhan Yojana (PMJDY) was launched by the Prime Minister across the country on 28th August, 2014. It envisages to provide universal banking services for every unbanked adult in the country.",prompt_rag_claude,Prompt-RAG Claude,1.0,1.0,0.2,1.0,1.0,
phase8_r4,owner_validated_exploratory,dev,q_0066,entity_relation,How are Mission on Integrated Development of Horticulture- NHM and HMNEH and National Agriculture Insurance Scheme related through department of agriculture farmers welfare?,"The scheme aims to promote the holistic growth of the horticulture sector through production enhancement, productivity improvement, post-harvest management, processing, marketing support, skill development, and infrastructure creation for horticulture crops while augmenting farmers’ income. Additionally, The National Agriculture Insurance Scheme (NAIS) was introduced by the Government of India to provide comprehensive insurance coverage and financial support to farmers against crop losses due to natural calamities, pests, and diseases.",prompt_rag_claude,Prompt-RAG Claude,1.0,1.0,0.2,0.8315546295836225,1.0,
phase8_r4,owner_validated_exploratory,dev,q_0067,entity_relation,How are Indira Gandhi National Disability Pension Scheme and Mission Shakti related through primary health centre?,"Disability certificate:- Disability certificate (80% and More) issued from Chief Medical Officer, Community Health Centre or Primary Health Centre will be accepted. Additionally, k) Certificate of identity with photograph issued by a Gazetted Officer on official letterhead; l) Health Card issued by Primary Health Centre (PHC) or Government Hospital; m) Any other document specified by the State Government or Union Territory Administration 3.",prompt_rag_claude,Prompt-RAG Claude,0.3333333333333333,0.5,0.1,0.3065735963827292,1.0,
phase8_r4,owner_validated_exploratory,test,q_0068,entity_relation,How are Mahatma Gandhi National Rural Employment Guarantee Act and National Family Benefit Scheme related through ministry of rural development?,"An employment scheme by the MoRD, providing provide at least 100 days of guaranteed wage employment in a financial year to every rural household whose adult members volunteer to do unskilled work. Any Indian citizen above the age of 18 years and residing in a rural area can apply to this scheme. Additionally, A family welfare scheme under the umbrella scheme ‘National Social Assistance Programme’ (NSAP) by MoRD. In this scheme, financial assistance is provided to the bereaved households in case of the death of the primary breadwinner irrespective of the cause of death.",prompt_rag_claude,Prompt-RAG Claude,1.0,1.0,0.2,1.0,1.0,
phase8_r4,owner_validated_exploratory,test,q_0069,entity_relation,How are Aam Aadmi Bima Yojana and Central Sector Scheme for Rehabilitation of Bonded Labourer related through ministry of labour and employment?,"The Aam Aadmi Bima Yojana (AABY) is a social security scheme for rural landless households implemented by the Ministry of Labour & Employment, Government of India. The scheme provides insurance coverage to the head of the household or an earning member of the family in the age group of 18 to 59. Additionally, bonded labourers, including financial support for marriage. Offering special care for disabled individuals, in line with the national policy for disabled people. Providing employable skill development training for adult bonded labourers who do not fall into the above categories.",prompt_rag_claude,Prompt-RAG Claude,0.3333333333333333,1.0,0.2,0.5706417189553201,1.0,
phase8_r4,owner_validated_exploratory,dev,q_0070,entity_relation,How are Food Safety & Standards Authority Of India (FSSAI) Internship Scheme and Pradhan Mantri Surakshit Matritva Abhiyan related through ministry of health family welfare?,"The Internship Program by the FSSAI provides interns with unique learning opportunities in various areas of food regulation of food safety administration. FSSAI is a statutory body established under the Food Safety & Standards Act, 2006 under the aegis of the Ministry of Health & Family Welfare. Additionally, instructions and priority attention for continued care. Question: What is the minimum documentation required for me to register and receive antenatal care services at the designated health facility? Answer: You need Mother and Child Protection Card (if available), Aadhaar Card or any government issued identity proof, and previous medical records, with minimal documentation to ensure universal access. Question: When was this national maternal health program launched and which government ministry is responsible for its implementation across the country? Answer: The scheme was launched on 9th Jun",prompt_rag_claude,Prompt-RAG Claude,1.0,1.0,0.2,0.8175295903539445,1.0,
phase8_r4,owner_validated_exploratory,test,q_0071,entity_relation,How are Janani Suraksha Yojana (JSY) and Welfare Measures for Transgender Persons related through government hospitals?,"Free Diet: Hot cooked meals in Government Hospitals and Tertiary Care Centers; two dry packs of biscuits and a milk packet in Primary Health Centres/Community Health Centres. Additionally, The members also exposed that their primary need is house and requested to provide house and employment opportunity in Government Hospitals and AmmaUnavuThittam.",prompt_rag_claude,Prompt-RAG Claude,0.5,1.0,0.1,0.6309297535714575,1.0,
phase8_r4,owner_validated_exploratory,test,q_0072,entity_relation,"How are AICTE – Mitacs Globalink Research Internship (GRI) Scheme and AICTE - YOUTH UNDERTAKING VISIT FOR ACQUIRING KNOWLEDGE (YUVAK): STUDY TOUR OF ATAL TUNNEL, HIMACHAL PRADESH related through ministry of education?","The scheme aims to promote collaborative research between India and Canada. Through this scheme, fully funded international research internships are provided to eligible Indian undergraduate students. Additionally, The scheme is intended for providing Financial Grant for conducting a Study Tour of ATAL TUNNEL by Students / faculty of AICTE approved Institutions in the field of technical education.",prompt_rag_claude,Prompt-RAG Claude,1.0,1.0,0.2,1.0,1.0,
phase8_r4,owner_validated_exploratory,test,q_0073,entity_relation,How are Aam Aadmi Bima Yojana and Internship Scheme Of Employees’ Provident Fund Organisation (EPFO) related through ministry of labour and employment level: central scheme?,"The Aam Aadmi Bima Yojana (AABY) is a social security scheme for rural landless households implemented by the Ministry of Labour & Employment, Government of India. The scheme provides insurance coverage to the head of the household or an earning member of the family in the age group of 18 to 59. Additionally, The Internship Scheme of Employees’ Provident Fund Organization invites applications for Internships from students for engagement as “Interns” with EPFO. The “Interns” shall have an opportunity to know about the EPFO’s functioning and Departmental Policy issues in EPFO and Government of India.",prompt_rag_claude,Prompt-RAG Claude,1.0,1.0,0.2,0.9197207891481876,1.0,
phase8_r4,owner_validated_exploratory,test,q_0074,entity_relation,How are Credit Linked Subsidy Scheme for Middle Income Group and Micro Finance Scheme of NMDFC related through backward classes?,"Note: Preference from MIG segments, may be given to women (with overriding preference to widows, and single working women), persons belonging to Scheduled Castes/Scheduled Tribes/Other Backward Classes, persons with disabilities, and Transgender. Additionally, The remaining up to 25% may belong to weaker sections, including Scheduled Castes, Scheduled Tribes, Other Backward Classes, or Persons with Disabilities.",prompt_rag_claude,Prompt-RAG Claude,0.3333333333333333,1.0,0.2,0.5249810332008933,1.0,
phase8_r4,owner_validated_exploratory,dev,q_0075,entity_relation,How are Mahatma Gandhi National Rural Employment Guarantee Act and National Food Security Mission NFSM related through gram panchayat?,"Application process Offline Step 1: The application for registration may be given on plain paper to the local Gram Panchayat. Additionally, Gram Panchayat should be involved in selection of beneficiary farmers.",prompt_rag_claude,Prompt-RAG Claude,0.25,1.0,0.2,0.44130740935663865,1.0,
phase8_r4,owner_validated_exploratory,dev,q_0076,entity_relation,How are Pradhan Mantri Jan Dhan Yojana and Pradhan Mantri Jeevan Jyoti Bima Yojana related through department of financial service implementing?,"A National Mission for Financial Inclusion (NMFI), namely, Pradhan Mantri Jan Dhan Yojana (PMJDY) was launched by the Prime Minister across the country on 28th August, 2014. It envisages to provide universal banking services for every unbanked adult in the country. Additionally, Pradhan Mantri Jeevan Jyoti Bima Yojana (PMJJBY) is an insurance scheme offering life insurance cover for death due to any reason. It is a one-year cover, renewable from year to year. The scheme is offered by banks/post offices and administered through life insurance companies.",prompt_rag_claude,Prompt-RAG Claude,1.0,1.0,0.2,1.0,1.0,
phase8_r4,owner_validated_exploratory,test,q_0077,entity_relation,How are Indira Gandhi National Disability Pension Scheme and Indira Gandhi National Widow Pension Scheme related through gram panchayat / municipality?,"to by Gram Sabha / Ward Sabhas, Gram Panchayats / Municipalities the Verification Officer directly submits his recommendations to the Sanctioning Authority under intimation to the Gram Panchayat / Municipality. Additionally, If the time limits are not adhered to by Gram Sabha / Ward Sabhas, Gram Panchayats / Municipalities the Verification Officer directly submits his recommendations to the Sanctioning Authority under intimation to the Gram Panchayat / Municipality.",prompt_rag_claude,Prompt-RAG Claude,1.0,1.0,0.2,0.8503449055347546,1.0,
phase8_r4,owner_validated_exploratory,dev,q_0078,entity_relation,How are CIFE - Institutional Fellowship and SMILE related through the university/institute?,"Program in the University/Institute other than that from where he/she has obtained the Bachelor's Degree. Additionally, The University/Institute will not charge any fee for verification.",prompt_rag_claude,Prompt-RAG Claude,1.0,0.5,0.1,0.6131471927654584,1.0,
phase8_r4,owner_validated_exploratory,test,q_0079,entity_relation,How are Indira Gandhi National Widow Pension Scheme and Mahatma Gandhi National Rural Employment Guarantee Act related through ministry of rural development department?,"A non-contributory pension scheme to provide social security to widows of poor family (BPL) of the society. Additionally, An employment scheme by the MoRD, providing provide at least 100 days of guaranteed wage employment in a financial year to every rural household whose adult members volunteer to do unskilled work. Any Indian citizen above the age of 18 years and residing in a rural area can apply to this scheme.",prompt_rag_claude,Prompt-RAG Claude,1.0,1.0,0.2,1.0,1.0,
phase8_r4,owner_validated_exploratory,dev,q_0080,entity_relation,How are Centrally Sponsored Scheme of Upgradation of Merit of Scheduled Caste Students and PM Janjati Adivasi Nyaya Maha Abhiyan (PM JANMAN) related through states and union territories?,"Answer: A maximum of 2,050 fresh students are covered annually under the scheme, with implementation across 19 States and Union Territories. Additionally, The applicant must reside in one of the 18 States and Union Territories having a notified Particularly Vulnerable Tribal Group population.",prompt_rag_claude,Prompt-RAG Claude,0.2,0.5,0.1,0.23719771276929622,1.0,
phase8_r4,owner_validated_exploratory,dev,q_0081,multi_hop,What combined evidence connects National Savings Certificates (VIII-Issue) Scheme and Pradhan Mantri Jeevan Jyoti Bima Yojana through ministry of finance department?,"The scheme “National Savings Certificates (VIII-Issue) Scheme” was launched by the Department of Economic Affairs, Ministry of Finance, Government of India to promote a culture of long-term savings among individuals. Additionally, Pradhan Mantri Jeevan Jyoti Bima Yojana (PMJJBY) is an insurance scheme offering life insurance cover for death due to any reason. It is a one-year cover, renewable from year to year. The scheme is offered by banks/post offices and administered through life insurance companies.",prompt_rag_claude,Prompt-RAG Claude,1.0,1.0,0.2,1.0,1.0,
phase8_r4,owner_validated_exploratory,dev,q_0082,multi_hop,What combined evidence connects Scheme for Prevention of Alcoholism and Substance Abuse and SMILE through national institute of social defence?,"has successfully completed programme on ------------------- organized by National Institute of Social Defence, New Delhi in collaboration with RRTC -------------------- held at. Additionally, The National Institute of Social Defence has to prepare an annual action plan and submit it to the Ministry by March positively with a proper budget (h)Constitution of a committee in all educational organizations for transgender persons to deal with cases of any harassment or discrimination.",prompt_rag_claude,Prompt-RAG Claude,1.0,1.0,0.2,0.8503449055347546,1.0,
phase8_r4,owner_validated_exploratory,test,q_0083,multi_hop,What combined evidence connects Ambedkar Social Innovation and Incubation Mission (ASIIM) and Credit Enhancement Guarantee Scheme For The Scheduled Castes through scheduled caste?,"Selection and Automatic Incubation The start-up ideas presented by Scheduled Caste (SC)/Scheduled Caste Divyang students that have been selected by the Technology Business Incubators (TBIs) will be automatically selected for incubation under the Ambedkar Social Innovation and Incubation Mission (ASIIM). Additionally, 3: After approval of the loan, the MLI shall issue a valid Sanction Letter/Letter of Intent (LoI) to the Scheduled Caste beneficiary, enterprise, company, firm, society, sole proprietorship firm, or individual.",prompt_rag_claude,Prompt-RAG Claude,0.1,0.5,0.1,0.17723928678404774,1.0,
phase8_r4,owner_validated_exploratory,dev,q_0084,multi_hop,What combined evidence connects Mahila Samman Savings Certificate and National Savings Certificates (VIII-Issue) Scheme through department of economic affairs implementing?,"The scheme aims to provide a secure savings option with assured returns for women. Through this scheme, 7.5% interest and flexible savings benefits are provided to women and minor girls. Additionally, The scheme “National Savings Certificates (VIII-Issue) Scheme” was launched by the Department of Economic Affairs, Ministry of Finance, Government of India to promote a culture of long-term savings among individuals.",prompt_rag_claude,Prompt-RAG Claude,1.0,1.0,0.2,1.0,1.0,
phase8_r4,owner_validated_exploratory,dev,q_0085,multi_hop,What combined evidence connects Micro Finance Scheme of NMDFC and National Mission on Edible Oils- Oil Palm through self help groups?,"Answer: The scheme benefits members of Self Help Groups (SHGs), primarily minority women, who are engaged in small trade or income-generating activities and have limited access to formal banking systems. Additionally, Answer: The State Governments may develop a sound mechanism for involvement of PRIs in the formulation, prioritization of activities & identification of beneficiaries at grass root level and ensure involvement of NGOs, Self Help Groups and Private companies for selection of beneficiary, identification and mapping of priority areas, liaising with processors, state officials and SAUs, etc.",prompt_rag_claude,Prompt-RAG Claude,0.5,1.0,0.2,0.6240505200038379,1.0,
phase8_r4,owner_validated_exploratory,test,q_0086,multi_hop,What combined evidence connects Indira Gandhi National Widow Pension Scheme and Janani Suraksha Yojana (JSY) through below poverty line?,"The applicant must belong to a household identified as living Below Poverty Line (BPL) as per the criteria prescribed by the Government of India. Additionally, The applicant does not need any marriage or Below Poverty Line (BPL) certification if delivering in a Government or accredited private health institution.",prompt_rag_claude,Prompt-RAG Claude,0.2,0.5,0.1,0.23719771276929622,1.0,
phase8_r4,owner_validated_exploratory,test,q_0087,multi_hop,What combined evidence connects Begum Hazrat Mahal National Scholarship Program and Maulana Azad National Fellowship For Minority Students through ministry of minority affairs?,"Begum Hazrat Mahal National scholarship is a scholarship scheme also known as Maulana Azad National scholarship scheme was first announced on 3rd May 2003. It is a national level scholarship started for the benefit of the girl’s student belonging to the minority communities. Additionally, Maulana Azad National Fellowship For Minority Students was launched in 2009 by the Ministry of Minority Affairs for providing financial aid to students for their higher studies.",prompt_rag_claude,Prompt-RAG Claude,1.0,1.0,0.2,1.0,1.0,
phase8_r4,owner_validated_exploratory,dev,q_0088,multi_hop,What combined evidence connects Internship Scheme Of The Department Of Economic Affairs and Kisan Vikas Patra Scheme through department of economic affairs?,"Answer: This internship is neither a job nor any such assurance thereof in the Department of Economic Affairs. Additionally, Answer: ‘Kisan Vikas Patra Scheme’ was relaunched in the year 2014 by the Department of Economic Affairs, Ministry Of Finance, Government of India in view of the popular demand and to revitalize Small Savings.",prompt_rag_claude,Prompt-RAG Claude,1.0,1.0,0.2,0.8315546295836225,1.0,
phase8_r4,owner_validated_exploratory,test,q_0089,multi_hop,What combined evidence connects AVYAY - National Action Plan for Senior Citizens: Health and Shelter for Senior Citizens and SMILE through the companies act?,"Answer: The Non-Governmental Organization must be a charitable company licensed specifically under Section 25 of the Companies Act, 1958, to meet the eligibility requirements for receiving grant-in-aid. Additionally, (b)A registered public Trust (c)A Company established under Section 25 of the Companies Act, B.",prompt_rag_claude,Prompt-RAG Claude,1.0,0.5,0.1,0.6131471927654584,1.0,
phase8_r4,owner_validated_exploratory,test,q_0090,multi_hop,What combined evidence connects Agricultural Extension and ICAR Senior Research Fellowship For Post-Graduate Studies In Agricultural Sciences through department of agriculture research?,"Extension Division endeavours towards successful implementation of Agricultural Extension activities. Through its various programmes, schemes and activities, Extension Division helps farmers to get information regarding scientific research and new knowledge in agricultural practices. Additionally, ICAR awards a certain number of Senior Research Fellowships for Ph.D. in an Agricultural University (AU), in different disciplines of agriculture and allied sciences. This is done to encourage talented students to undertake higher agricultural education.",prompt_rag_claude,Prompt-RAG Claude,1.0,1.0,0.2,0.9197207891481876,1.0,
phase8_r4,owner_validated_exploratory,dev,q_0091,multi_hop,What combined evidence connects Indira Gandhi National Widow Pension Scheme and Pradhan Mantri Gram Sadak Yojana through department of rural development?,"A non-contributory pension scheme to provide social security to widows of poor family (BPL) of the society. Additionally, With the objective of providing rural connectivity, the Government of India launched the Pradhan Mantri Gram Sadak Yojana (referred to as PMGSY-I hereinafter) on 25th December 2000 to provide all-weather access to eligible unconnected habitations.",prompt_rag_claude,Prompt-RAG Claude,1.0,1.0,0.2,1.0,1.0,
phase8_r4,owner_validated_exploratory,dev,q_0092,multi_hop,What combined evidence connects Begum Hazrat Mahal National Scholarship Program and SMILE through the state government/union territory administration?,"The State Government/Union Territory Administration can also directly cancel the award if duly satisfied with the reasons of violation of these regulations governing the scheme. Additionally, (c)The scholarship shall be awarded to students studying in a government or private higher secondary school/college/university, including such residential institutes of the Government and eligible private institutes selected and notified in a transparent manner by the State Government/Union Territory Administration concerned.",prompt_rag_claude,Prompt-RAG Claude,1.0,0.5,0.1,0.6131471927654584,1.0,
phase8_r4,owner_validated_exploratory,test,q_0093,multi_hop,What combined evidence connects Construction of Hostels for OBC Boys and Girls and Disha - Early Intervention and School Readiness Scheme through ministry of social justice?,"The Scheme aims at providing hostel facilities to students belonging to socially and educationally backward classes, especially from rural areas, to enable them to pursue secondary and higher education. Additionally, This scheme aims at setting up Disha Centres for early intervention for Person with Disability (PwD) in 0-10 years of age covered under the National Trust Act, through therapies, trainings and providing support to family members.",prompt_rag_claude,Prompt-RAG Claude,1.0,1.0,0.2,1.0,1.0,
phase8_r4,owner_validated_exploratory,dev,q_0094,multi_hop,What combined evidence connects ICAR Junior Research Fellowship For Post-Graduate Studies In Agricultural Sciences and ICAR Senior Research Fellowship For Post-Graduate Studies In Agricultural Sciences through aligarh muslim university?,"Banaras Hindu University (BHU), Aligarh Muslim University (AMU), Visva Bharti, and Nagaland University, collectively hereinafter referred to as the Agricultural Universities (AUs). Additionally, Banaras Hindu University (BHU), Aligarh Muslim University (AMU), Visva Bharti, and Nagaland University, collectively hereinafter referred to as the Agricultural Universities (AUs).",prompt_rag_claude,Prompt-RAG Claude,1.0,1.0,0.2,1.0,1.0,
phase8_r4,owner_validated_exploratory,dev,q_0095,multi_hop,What combined evidence connects AICTE e-Shodh Sindhu Scheme (eSS) and AICTE SHORT TERM TRAINING PROGRAMME-SFURTI SCHEME through department of higher education?,"AICTE e-Shodh Sindhu Scheme (eSS) provides subscriptions of e-Resources like Web of Science, Scopus, ASME, ASCE and Bentham Science to institutions. Additionally, Short Term Training Programme-SFURTI Program aims to provide financial assistance from AICTE to the institutions for conducting faculty and student trainings to enable faculty members and students in the field of technical education.",prompt_rag_claude,Prompt-RAG Claude,1.0,1.0,0.2,0.8772153153380493,1.0,
phase8_r4,owner_validated_exploratory,dev,q_0096,multi_hop,What combined evidence connects AICTE – Mitacs Globalink Research Internship (GRI) Scheme and AICTE SHORT TERM TRAINING PROGRAMME-SFURTI SCHEME through ministry of education department?,"The scheme aims to promote collaborative research between India and Canada. Through this scheme, fully funded international research internships are provided to eligible Indian undergraduate students. Additionally, Short Term Training Programme-SFURTI Program aims to provide financial assistance from AICTE to the institutions for conducting faculty and student trainings to enable faculty members and students in the field of technical education.",prompt_rag_claude,Prompt-RAG Claude,1.0,1.0,0.2,1.0,1.0,
phase8_r4,owner_validated_exploratory,dev,q_0097,multi_hop,What combined evidence connects Mission on Integrated Development of Horticulture- NHM and HMNEH and Pradhan Mantri Gram Sadak Yojana through himalayan states?,"The Government of India contributes 60% of the programme cost and States contribute 40%; for North Eastern and Himalayan States, the sharing pattern is 90:10. Additionally, For North Eastern and Himalayan States (Jammu & Kashmir, Uttarakhand, and Himachal Pradesh) 90% of a project is the Union Government funds, and 10% of this cost, is the State Government funds.",prompt_rag_claude,Prompt-RAG Claude,1.0,1.0,0.2,1.0,1.0,
phase8_r4,owner_validated_exploratory,test,q_0098,multi_hop,What combined evidence connects Coconut Palm Insurance Scheme and Kera Suraksha Insurance Scheme through coconut development board?,"Loss assessment certification is required to be furnished by the Coconut Development Board (CDB)/Agriculture/Horticulture Department/State Agriculture University (SAU), as authorized by the insurance company for each district, justifying cause for loss of palm, within 15 days from the intimation of loss. Additionally, Answer: Application form duly filled in and countersigned by Agriculture officer/Panchayath President/CPF office bearers/CPC Directors along with premium share and age proof needs to be sent to Chairman, Coconut Development Board, Kera Bhavan, SRVHS Road, Kochi - 682011, Kerala.",prompt_rag_claude,Prompt-RAG Claude,0.16666666666666666,1.0,0.2,0.4227898344066503,1.0,
phase8_r4,owner_validated_exploratory,test,q_0099,multi_hop,What combined evidence connects Pradhan Mantri Awas Yojana - Urban and Swachh Bharat Mission – Urban 2.0 through ministry of housing & urban affairs level?,"Pradhan Mantri Awas Yojana - Urban (PMAY-U) Scheme was launched on 25th June 2015 by the Hon’ble Prime Minister to provide all-weather pucca houses to all eligible urban households across the nation with the vision of ‘Housing for All’. Additionally, A sanitation scheme for the construction of Individual Household Latrines (IHHL) for urban households.",prompt_rag_claude,Prompt-RAG Claude,1.0,1.0,0.2,1.0,1.0,
phase8_r4,owner_validated_exploratory,dev,q_0100,multi_hop,What combined evidence connects Institutional Support for Development and Marketing of Tribal Products/Produce and PM Janjati Adivasi Nyaya Maha Abhiyan (PM JANMAN) through ministry of tribal affairs?,"details of grants received from the Central Government so far under this scheme and UC pending Copies of annual reports/Balance sheets for the last three years Any other document, as required Additionally, The scheme aims to improve the socio-economic status of PVTGs by saturating families and habitations with basic facilities and services. It provides 11 critical infrastructure and welfare interventions, including housing, water, electricity, and connectivity.",prompt_rag_claude,Prompt-RAG Claude,0.5,1.0,0.2,0.6509209298071326,1.0,
