query_id,category,question,chunk_id,systems,original_relevance,candidate_text,review_status,reviewer,relevance,rationale,second_reviewer_relevance
q_0001,exact_match,What is Mission Shakti?,chunk_1ec4c3a5,"{""faiss"": {""rank"": 3, ""score"": 0.489947774815344}}",,"issued by the Government of India regarding branding of CSSs, in all schemes of the Ministry. Accordingly, change of names/ symbols/ logos/ other identifiers of Mission Shakti as a whole or its sub-schemes or components shall not be permitted. All the institutions supported under the scheme or any events/ conferences/ seminars organized under Mission Shakti shall mandatorily carry the names/ symbols/ logos/ other identifiers in the sameform in which it has been prescribed on all hoardings/ banners/ backdrop/ posters/ boards/ brochures/ pamphlets/ leaflets or any other publications and IEC materials, whether in printed or electronic form. No co- branding of scheme components would be allowed.",pending,,,,
q_0001,exact_match,What is Mission Shakti?,chunk_36efdfe4,"{""entity_graph"": {""rank"": 1, ""score"": 0.5}}",,"by the MWCD at Central level. Similar arrangements may be made at State/District level. The details of manpower requirement along with Qualification under various component of Mission Shakti is at Annexure-IV. Since the institutions under Mission Shakti like OSCs, WHLs, Shakti Sadan, SakhiNiwas and Crèche will play a vital role for safety, security and empowerment of Women, the term of staff engaged on contract basis, if any, by the States /UTs for these institutions should ordinarily be up to the 15th Finance Commission Cycle i.e. up to 2025-26.However, it will be subject to annual performance appraisal of such staff being satisfactory and clearance from Vigilance angle. Qualification presc",pending,,,,
q_0001,exact_match,What is Mission Shakti?,chunk_37528100,"{""bm25"": {""rank"": 3, ""score"": 11.329321193432921}, ""entity_graph"": {""rank"": 2, ""score"": 0.5}}",,"the care burden on women and increase female labour force participation by promoting skill development, capacity building, financial literacy, access to micro-credit etc. The Ministry of Women Child Development (MWCD) is the Nodal Ministry for holistic development of Women and Children. Being the nodal Ministry for the advancement of women and children, the Ministry formulates plans, policies and programmes; enacts/ amends legislation, guides and coordinates the efforts of various stakeholders. Prior to Mission Shakti, the Ministry was implementing various sub-schemes under Mission for Protection and Empowerment of Women (MPEW) viz., BetiBachaoBetiPadhao (BBBP), Mahila Shakti Kendra (MSK), S",pending,,,,
q_0001,exact_match,What is Mission Shakti?,chunk_3875c260,"{""entity_graph"": {""rank"": 3, ""score"": 0.5}}",,"% in the case of the dormitories. Fees charged from the children in the Day Care Centre should not be more than 5% of the emoluments of their mother, or the actual expenditure whichever is less. The rent for women under training for job shall not exceed the lowest rent charged from any of the working women residing in the same facility. The rent for such trainees may be charged from the institution/ organization sponsoring the training and in case that is not possible from the woman herself. The rent does not include use of the mess and other facilities like washing machines for which user charges should be collected. As far as possible, women with children are accommodated in single/ double",pending,,,,
q_0001,exact_match,What is Mission Shakti?,chunk_4a04555a,"{""bm25"": {""rank"": 2, ""score"": 12.518099399422674}}",1,case may be] ________ ________ Mission Shakti - Scheme Implementation Guidelines 6. Expenditure incurred during the Quarter Central Share ( in ₹ Lakhs ) State Share ( in ₹ Lakhs ) In Quarter I/II/III/IV Cumulative up to the Quarter I/ In Quarter I/II/III/IV Cumulative up to the Quarter Mission Shakti - Scheme Implementation Guidelines 7. Unutilized Funds ________ ________ ________ ________ Reasons: ______________________________________________________ 8. Excess expenditure ________ ________ ________ ________ Reasons: _______________________________________________________ Signature and seal of the Authorized Officer Name : __________________ II/III/ IV I/II/III/IV 6. a. Cost of Conditional ,pending,,,,
q_0001,exact_match,What is Mission Shakti?,chunk_703d79a4,"{""bm25"": {""rank"": 1, ""score"": 12.576385549966147}}",,"Ei. {r*yr {qt, er6.q.qq. $ga rtP{s Dr. Rakesh Gupta, tAS Joint Secrotary Dt4^,,- Pgg""^'ata*t'tt*e 748. eft-{ilr4tar - - €TI[-dTErtrS \ea*+""V - SITKT SGSIT qftldr ga qa F+ors fircq vnd tl-m, d fu*-rrooor Government of lndla Ministry of Women & Child Development Shastri Bhawan, New Delhi-110 001 Ph.: 011-23388576, E+nail : guptarT@ias.nic.in DO No. WW-231112021-WW Dated, 146 July,2022 {rir+c qd As you may be aware that the Govemment of India has launched 'Mission Shakti' - an integrated women empowerment programme as umbrella scheme for the safety, security and empowerment of women for implementation during the 15'h Finance Commission period 2O2l-22 to 2025-26. 3. The components of'Samarthya' ",pending,,,,
q_0001,exact_match,What is Mission Shakti?,chunk_aee2c7b4,"{""faiss"": {""rank"": 1, ""score"": 0.6208294192017029}}",,"and grassroots level functionaries. It is intended to serve as a reference manual for officials at the National, State/Union Territory (UT) and District / grass root levels for policy guidance and monitoring. These guidelines list out the services to be provided under the Scheme and steps and processes/procedures for implementation. These guidelines also highlight the roles and responsibilities of various line departments. It provides indicative monitoring and reporting formats to be used at different levels. The guidelines may be modified based on the feedback received from States/UTs from time to time, as per requirements, to ensure proper implementation. 1.2 OBJECTIVE OF MISSION SHAKTI Th",pending,,,,
q_0001,exact_match,What is Mission Shakti?,chunk_ecb1cfb6,"{""faiss"": {""rank"": 2, ""score"": 0.498444316402686}}",,"on assisting the women in distress. Online training modules, video tutorials, quizzes and self-assessment questionnaire shall be prepared by MWCD and will be available on the portal. The States/UTs will provide mandatory induction training to all the personnel involved in the functioning of “Mission Shakti”. Towards fulfilling this objective, the State will coordinate with its various departments so that people providing services and those belonging to various departments could be sensitized and trained in handling the issues related to women and girls. 4 MONITORING, FEEDBACK AND REPORTING 4.1 MONITORING AND FEEDBACK Hub for Empowerment of Women (HEW) is envisaged for monitoring of the perfo",pending,,,,
q_0002,exact_match,What is ICAR Senior Research Fellowship For Post-Graduate Studies In Agricultural Sciences?,chunk_0192a18e,"{""entity_graph"": {""rank"": 1, ""score"": 0.5}}",,"on the immunization card and RCH register. Step 6 Return the unopened and opened Rotavirus vaccine vials after the immunization session to the cold chain point as per guidelines. Table 5: Key instructions for health workers while administering the Rotavirus vaccine 6.2 Reporting and recording of Rotavirus vaccine All recording and reporting formats with inclusion of Rotavirus vaccine should be printed well in time before introduction of the vaccine. These formats should be distributed before introduction and ensure that during health workers’ training, an exercise for filling the MCP card and other formats should be conducted. Inclusion of Rotavirus vaccine will be required in vaccine stock ",pending,,,,
q_0002,exact_match,What is ICAR Senior Research Fellowship For Post-Graduate Studies In Agricultural Sciences?,chunk_0960663e,"{""entity_graph"": {""rank"": 2, ""score"": 0.5}}",,"Scheme: Coaching Schemes For Sc/st/obc (non-creamy Layer) & Minority Students For Universities Ministry: Ministry Of Minority Affairs Level: Central Target beneficiaries: Individual Overview Coaching schemes for students belonging to SC (Scheduled Caste), ST (Scheduled Tribe), OBC (Other Backward Classes) (non-creamy layer), and minority communities are implemented to provide them with equal opportunities and support in pursuing higher education. Detailed description Coaching schemes for students belonging to SC (Scheduled Caste), ST (Scheduled Tribe), OBC (Other Backward Classes) (non-creamy layer), and minority communities are implemented to provide them with equal opportunities and suppor",pending,,,,
q_0002,exact_match,What is ICAR Senior Research Fellowship For Post-Graduate Studies In Agricultural Sciences?,chunk_0aa09b91,"{""entity_graph"": {""rank"": 3, ""score"": 0.5}}",,"Scheme: Ambedkar Social Innovation and Incubation Mission (ASIIM) Ministry: Ministry Of Social Justice and Empowerment Department: Department of Social Justice & Empowerment Level: Central Scheme type: Central Sector Scheme Overview The scheme aims to boost entrepreneurship and innovation among SC students and SC differently-abled youth by providing focused support to translate innovative, technology-oriented business ideas into successful commercial enterprises. It offers equity funding and hand-holding support. Detailed description The scheme ""Ambedkar Social Innovation and Incubation Mission"" was launched on 30th September 2020, by the Department of Social Justice and Empowerment, Ministr",pending,,,,
q_0002,exact_match,What is ICAR Senior Research Fellowship For Post-Graduate Studies In Agricultural Sciences?,chunk_136cd204,"{""bm25"": {""rank"": 3, ""score"": 35.16032186526125}, ""faiss"": {""rank"": 3, ""score"": 0.6620125276869157}}",,"Scheme: CIFE - Institutional Fellowship Ministry: Ministry Of Agriculture and Farmers Welfare Implementing agency: Indian Council Of Agricultural Research (ICAR) Level: Central Scheme type: Central Sector Scheme Target beneficiaries: Individual Overview From the year 2010 onwards, the division is offering Masters and PhD in two disciplines namely Fish Nutrition and Feed Technology and Fish physiology and Biochemistry with an objective of moulding professionals with fundamental and advanced knowledge and expertise. Detailed description ICAR-CIFE offers two years Masters (Masters in Fisheries Science) and three years Doctoral (Ph.D.) degrees in as many as eleven specialised disciplines of fish",pending,,,,
q_0002,exact_match,What is ICAR Senior Research Fellowship For Post-Graduate Studies In Agricultural Sciences?,chunk_4f60c46f,"{""bm25"": {""rank"": 2, ""score"": 42.847707946193154}, ""faiss"": {""rank"": 1, ""score"": 0.6887115707370275}}",,"Scheme: ICAR Junior Research Fellowship For Post-Graduate Studies In Agricultural Sciences Ministry: Ministry Of Agriculture and Farmers Welfare Department: Department of Agriculture Research and Education Implementing agency: Indian Council Of Agricultural Research Level: Central Scheme type: Central Sector Scheme Target beneficiaries: Individual Overview ICAR awards a certain number of Junior Research Fellowships for Postgraduate Studies (course and research work) leading to a Master’s degree, in different disciplines of agriculture and allied sciences. This is done to encourage talented students to undertake higher agricultural education. Detailed description ICAR awards a certain number ",pending,,,,
q_0002,exact_match,What is ICAR Senior Research Fellowship For Post-Graduate Studies In Agricultural Sciences?,chunk_6e1f8940,"{""faiss"": {""rank"": 2, ""score"": 0.673822526660971}}",,"Scheme: ICAR Emeritus Scientist Scheme Ministry: Ministry Of Agriculture and Farmers Welfare Department: Department of Agriculture Research and Education Implementing agency: Indian Council Of Agricultural Research Level: Central Scheme type: Centrally Sponsored Scheme Target beneficiaries: Individual Overview The scheme aims to utilize the expertise of outstanding superannuated scientists of the National Agricultural Research System by supporting nationally important research, teaching, human resource development, and extension activities through honorarium and research grants. Detailed description The ""ICAR Emeritus Scientist"" scheme is implemented by the Indian Council of Agricultural Res",pending,,,,
q_0002,exact_match,What is ICAR Senior Research Fellowship For Post-Graduate Studies In Agricultural Sciences?,chunk_bb712328,"{""bm25"": {""rank"": 1, ""score"": 45.381619419585675}}",1,"Scheme: ICAR Senior Research Fellowship For Post-Graduate Studies In Agricultural Sciences Ministry: Ministry Of Agriculture and Farmers Welfare Department: Department of Agriculture Research and Education Implementing agency: Indian Council Of Agricultural Research Level: Central Scheme type: Central Sector Scheme Target beneficiaries: Individual Overview ICAR awards a certain number of Senior Research Fellowships for Ph.D. in an Agricultural University (AU), in different disciplines of agriculture and allied sciences. This is done to encourage talented students to undertake higher agricultural education. Detailed description In order to address the emerging challenges of agricultural resea",pending,,,,
q_0003,exact_match,What is National Bamboo Mission?,chunk_0c737fd6,"{""entity_graph"": {""rank"": 1, ""score"": 0.5}}",,"for execution of the smooth and timely execution of the 'Adarsh Gram' component of the scheme as well as proper implementation of projects as approved as part of Perspective Plan' at District level under Grant in aid component. The PIUs would be manned by a mix of persons having adequate experience in need assessment, project design and management, data analysis and software development and management as well as some young professionals having high social consciousness and preferably belong to the Scheduled Castes (SCs) category. The size and composition of the PIU would depend on the available funds under the administrative head, number of villages covered under PMAGY and size and type of p",pending,,,,
q_0003,exact_match,What is National Bamboo Mission?,chunk_0f353907,"{""entity_graph"": {""rank"": 2, ""score"": 0.5}}",,scheme coordinator. Select the faculty ID from the Faculty ID list and click on the OK button. Fill in all the fields of the Details of the Coordinator section. Click on the selection menu icon( ) in the Co-coordinator Faculty ID field to add details of the scheme Co-coordinator. Select the faculty ID from the Faculty ID list and click on the OK button. Fill in all the fields of Details of the Co-coordinator section. Fill in all the fields of the “Details of the Club” section. Confirm the declaration Section B: Academic Credentials of Coordinator /PI/Applicant Click on the Academic Credentials of Coordinator/ PI/Applicant Click on the new record ( ) button to add the Record and select the pa,pending,,,,
q_0003,exact_match,What is National Bamboo Mission?,chunk_184db683,"{""entity_graph"": {""rank"": 3, ""score"": 0.5}}",,"higher education and professional education accessible by the community. Special coaching should be provided to the candidates for competitive examinations and National Eligibility Test (NET)14 examination. Establishment of anti-discrimination cell All the educational institutions/universities should establish an anti-discrimination cell to monitor any form of discrimination against the transgender community. On the line of strict anti-ragging cell, there should be zero tolerance towards any incidence of the discrimination or complain. Create an enabling environment It is increasingly recognized by experts and other key stakeholders that transgender need a facilitating environment to continu",pending,,,,
q_0003,exact_match,What is National Bamboo Mission?,chunk_4c8abbf6,"{""bm25"": {""rank"": 1, ""score"": 18.69307739688141}, ""faiss"": {""rank"": 1, ""score"": 0.5574873100747895}}",1,"Scheme: National Bamboo Mission Ministry: Ministry Of Agriculture and Farmers Welfare Department: Department of Agriculture & Farmers Welfare Implementing agency: State Bamboo Development Agency / State Bamboo Mission Level: Central Scheme type: Centrally Sponsored Scheme Target beneficiaries: Individual, Business Entity Overview Restructured National Bamboo Mission was launched during 2018-19 as a Centrally Sponsored Scheme (CSS) after the historical amendment of the Indian Forest Act during 2017 to exclude bamboo out from definition of tree. Detailed description Resultant to this historic amendment, bamboo grown in the non-forest area is out of the scope of regulations on the forest produc",pending,,,,
q_0003,exact_match,What is National Bamboo Mission?,chunk_9979a86b,"{""bm25"": {""rank"": 2, ""score"": 17.578631225310918}, ""faiss"": {""rank"": 2, ""score"": 0.5172502287315993}}",,"in bamboo industry 2) It will help in establishing bamboo nursery, bamboo cultivation, post-harvest processing, product manufacturing, capacity building, entrepreneurship, etc for the industry 3) It will help in creating self-dependency for fulfilling the demand of bamboo and bamboo products. Eligibility The scheme is applicable to all farmers in India Application process Online Refer to respective State's Bamboo Mission Portal for online link Step 01: Application to State Bamboo Mission through their respective portals/offline Step 02: Scrutiny and approval of the SBM Step 03: credit linked financing through scheduled/commercial banks Step 04: progress reporting/completion of projects Step ",pending,,,,
q_0003,exact_match,What is National Bamboo Mission?,chunk_b813bec0,"{""bm25"": {""rank"": 3, ""score"": 13.84045752911447}}",,"Development: Training for farmers, entrepreneurs, gardeners, supervisors, field workers, and officials. Residential training programmes and skill development initiatives. Pollination Support Through Bee-Keeping: Assistance for bee colonies, bee breeding, bee-keeping equipment, and nucleus stock development. Horticulture Mechanization: Assistance for procurement of power-operated machines and tools. Support for farmer groups, Self-Help Groups, and women farmer groups. Technology Demonstrations: Assistance up to 75% of the cost for farmer participatory demonstrations. Front Line Demonstrations in public institutions eligible for up to 100% assistance, subject to a maximum of ₹25,00,000/- per p",pending,,,,
q_0003,exact_match,What is National Bamboo Mission?,chunk_e51e38e3,"{""faiss"": {""rank"": 3, ""score"": 0.45558389804697497}}",,"details of grants received from the Central Government so far under this scheme and UC pending Copies of annual reports/Balance sheets for the last three years Any other document, as required Frequently asked questions Question: What is the objective of the scheme? Answer: The objective of the Scheme is to create institutions for the Scheduled Tribes to support marketing and development of activities they depend on for their livelihood. Question: When was this scheme launched? Answer: The scheme was launched in the year 2014-15. Question: Is it a Central Sector Scheme? Answer: Yes, this is a Central Sector Scheme and 100% Grant-in-aid will be provided by the Ministry of Tribal Affairs to Imp",pending,,,,
q_0004,exact_match,What is Internship Programme Of The Department Of Expenditure?,chunk_02155a58,"{""entity_graph"": {""rank"": 1, ""score"": 0.5}}",,"share to this Escrow account as per the cost sharing ratio between the Centre and State/UT. The fund available in the dedicated Escrow account are meant for transfer to the beneficiaries under the scheme. In no case, the funds from this account should be diverted for any other purpose. The funds from this account shall be transferred to the beneficiaries through PFMS in DBT mode. II. To meet the administrative and other expenditures the funds shall also be transferred by MWCD to the States/UTs as per schematic norms through PFMS in the State/ UT treasury. The State/UT after crediting their respective shares shall make it available to the Department for smooth implementation of the scheme. II",pending,,,,
q_0004,exact_match,What is Internship Programme Of The Department Of Expenditure?,chunk_02a282c8,"{""faiss"": {""rank"": 2, ""score"": 0.6007378198636163}}",,"Scheme: Internship Scheme Of The Department Of Economic Affairs Ministry: Ministry Of Finance Department: Department Of Economic Affairs Level: Central Scheme type: Central Sector Scheme Target beneficiaries: Individual Overview The Internship Scheme aims to familiarise students with macro-economic policy formulation and economic research. Through this scheme, internship opportunities with token remuneration are provided to eligible Post Graduate and PhD students. Detailed description The scheme ""Internship Scheme Of The Department Of Economic Affairs"" has been implemented by the Department of Economic Affairs, Ministry of Finance, Government of India, aiming to familiarize selected candidat",pending,,,,
q_0004,exact_match,What is Internship Programme Of The Department Of Expenditure?,chunk_0aa09b91,"{""entity_graph"": {""rank"": 2, ""score"": 0.5}}",,"Scheme: Ambedkar Social Innovation and Incubation Mission (ASIIM) Ministry: Ministry Of Social Justice and Empowerment Department: Department of Social Justice & Empowerment Level: Central Scheme type: Central Sector Scheme Overview The scheme aims to boost entrepreneurship and innovation among SC students and SC differently-abled youth by providing focused support to translate innovative, technology-oriented business ideas into successful commercial enterprises. It offers equity funding and hand-holding support. Detailed description The scheme ""Ambedkar Social Innovation and Incubation Mission"" was launched on 30th September 2020, by the Department of Social Justice and Empowerment, Ministr",pending,,,,
q_0004,exact_match,What is Internship Programme Of The Department Of Expenditure?,chunk_0c737fd6,"{""entity_graph"": {""rank"": 3, ""score"": 0.5}}",,"for execution of the smooth and timely execution of the 'Adarsh Gram' component of the scheme as well as proper implementation of projects as approved as part of Perspective Plan' at District level under Grant in aid component. The PIUs would be manned by a mix of persons having adequate experience in need assessment, project design and management, data analysis and software development and management as well as some young professionals having high social consciousness and preferably belong to the Scheduled Castes (SCs) category. The size and composition of the PIU would depend on the available funds under the administrative head, number of villages covered under PMAGY and size and type of p",pending,,,,
q_0004,exact_match,What is Internship Programme Of The Department Of Expenditure?,chunk_2bdf5ed0,"{""bm25"": {""rank"": 2, ""score"": 26.942157070948458}}",,"this programme useful and how it fits in with their career growth. At the end of the Internship The interns will be required to present to the Head of the Division a Report/Paper on the allotted subject at the end of the internship. Simultaneously, they will also be required to give to the concerned HOD their mandatory feedback on their experience of the Programme, monitoring and supervision by the Director/JS concerned. Frequently asked questions Question: How Are Interns Selected For The Program? Answer: The applications will be scrutinized by a Selection Committee, and offers will be sent to selected interns based on slot availability, consent of the concerned division, and approval of th",pending,,,,
q_0004,exact_match,What is Internship Programme Of The Department Of Expenditure?,chunk_98e3d70d,"{""faiss"": {""rank"": 3, ""score"": 0.5699019938805876}}",,"All The Universities In India Apply For This Internship? Answer: Only the students from the Universities/ Institutions which are within the top 25 ranks as per the National Institutional Ranking Framework, by the Ministry of Human Resource Development or QS-ranked International Institutes, can apply for this Internship. Question: Under What Circumstances, Can The Tenure Of An Internship Be Ended Prematurely? Answer: Interns, whose performance is unsatisfactory, may be relieved prematurely. Question: Can This Internship Be Regarded As A Job Assurance By The Department Of Economic Affairs? Answer: This internship is neither a job nor any such assurance thereof in the Department of Economic Aff",pending,,,,
q_0004,exact_match,What is Internship Programme Of The Department Of Expenditure?,chunk_9c3986cd,"{""bm25"": {""rank"": 3, ""score"": 24.82453766266932}}",,"MANAGE Internship Programme. While there are no specific sub-disciplines mentioned, applicants with research interests in rural studies are particularly encouraged to apply. Question: What are the academic requirements for the internship? Could you elaborate on the minimum criteria for completion or ongoing pursuit of Ph.D. or M.Sc. degrees in the mentioned disciplines? Is there a specific GPA or percentage requirement? Answer: For Ph.D. and M.Sc. degree holders, the minimum academic requirement is a cumulative OGPA (Overall Grade Point Average) of 8 out of 10 (minimum 80%) for completed degrees. It is important for ongoing degree students to have a similar level of academic achievement. Que",pending,,,,
q_0004,exact_match,What is Internship Programme Of The Department Of Expenditure?,chunk_d9b29e30,"{""bm25"": {""rank"": 1, ""score"": 27.834458298540074}, ""faiss"": {""rank"": 1, ""score"": 0.6995704329239452}}",1,Scheme: Internship Programme Of The Department Of Expenditure Ministry: Ministry Of Finance Department: Department of Expenditure Level: Central Scheme type: Central Sector Scheme Target beneficiaries: Individual Overview The Internship Programme of the Department of Expenditure aims to familiarize willing and eligible undergraduates pursuing five-year integrated courses and Graduates pursuing post-Graduation/ post-Graduates pursuing Research with the overall process of formulation of economic policies of the Govt. Detailed description The Internship Programme of the Department of Expenditure aims to familiarize willing and eligible undergraduates pursuing five-year integrated courses and Gr,pending,,,,
q_0005,exact_match,What is Construction of Hostels for OBC Boys and Girls?,chunk_01ca802c,"{""bm25"": {""rank"": 1, ""score"": 41.98511516450097}, ""entity_graph"": {""rank"": 1, ""score"": 0.5}}",,"the primary objective of the scheme? Answer: The scheme aims to provide hostel facilities to students belonging to socially and educationally backward classes, especially from rural areas, to enable them to pursue secondary and higher education. Question: Who are the implementing agencies eligible for assistance under this scheme? Answer: Eligible agencies include State Governments, Union Territory Administrations, and institutions or organizations set up by the Central Government as autonomous bodies under a statute (e.g., Central Universities, IITs, NITs).​ Question: What are the cost norms per hostel seat in different regions? Answer: The cost per hostel seat is as follows:​ 1. North East",pending,,,,
q_0005,exact_match,What is Construction of Hostels for OBC Boys and Girls?,chunk_054b5d2b,"{""bm25"": {""rank"": 2, ""score"": 41.798892017988656}, ""faiss"": {""rank"": 1, ""score"": 0.6139328429715987}, ""entity_graph"": {""rank"": 2, ""score"": 0.5}}",1,"Scheme: Construction of Hostels for OBC Boys and Girls Ministry: Ministry Of Social Justice and Empowerment Department: Department of Social Justice & Empowerment Level: Central Scheme type: Centrally Sponsored Scheme Target beneficiaries: State Government, University / Institution Overview The Scheme aims at providing hostel facilities to students belonging to socially and educationally backward classes, especially from rural areas, to enable them to pursue secondary and higher education. Detailed description The scheme “Construction of Hostels for OBC Boys and Girls” is a Centrally Sponsored Scheme launched by the Department of Social Justice & Empowerment, Ministry of Social Justice & Emp",pending,,,,
q_0005,exact_match,What is Construction of Hostels for OBC Boys and Girls?,chunk_0960663e,"{""entity_graph"": {""rank"": 3, ""score"": 0.5}}",,"Scheme: Coaching Schemes For Sc/st/obc (non-creamy Layer) & Minority Students For Universities Ministry: Ministry Of Minority Affairs Level: Central Target beneficiaries: Individual Overview Coaching schemes for students belonging to SC (Scheduled Caste), ST (Scheduled Tribe), OBC (Other Backward Classes) (non-creamy layer), and minority communities are implemented to provide them with equal opportunities and support in pursuing higher education. Detailed description Coaching schemes for students belonging to SC (Scheduled Caste), ST (Scheduled Tribe), OBC (Other Backward Classes) (non-creamy layer), and minority communities are implemented to provide them with equal opportunities and suppor",pending,,,,
q_0005,exact_match,What is Construction of Hostels for OBC Boys and Girls?,chunk_be8a6e0a,"{""bm25"": {""rank"": 3, ""score"": 37.948807082700796}}",,"expenses related to the implementation of the scheme. Question: Can hostels be constructed in villages selected under the ""Saansad Adarsh Gram Yojana (SAGY)""? Answer: Yes, construction of hostels for OBC boys and girls in an Adarsh Village selected under SAGY can be undertaken, provided land is available and the selected village is located in proximity to educational institutions. Question: Are there specific criteria for selecting students for hostel accommodation? Answer: Yes, major criteria include the merit of the applicant, permanent residency of the state, annual family income, and caste of the student.",pending,,,,
q_0005,exact_match,What is Construction of Hostels for OBC Boys and Girls?,chunk_c1c4cb19,"{""faiss"": {""rank"": 2, ""score"": 0.5773555446772011}}",,"year from the date of release of 1st installment after completing construction work up to roof level. Eligibility Agencies eligible for financial assistance under the Scheme will be as follows: State Governments and UT Administrations. Institutions or organizations set up by the Central Government as autonomous bodies under a statute (e.g. Central Universities, IIT, NIT, etc.). Location and Capacity of Hostels to be constructed under the Scheme: 1. While sanctioning hostels, priority will be given to: (i) Regions/districts not covered so far, and (ii) Districts/towns having a large number of educational institutions. 2. As far as possible, hostels will be constructed in close vicinity of edu",pending,,,,
q_0005,exact_match,What is Construction of Hostels for OBC Boys and Girls?,chunk_ce35df3e,"{""faiss"": {""rank"": 3, ""score"": 0.5654732168274196}}",,"attain quality education. Such hostels are immensely beneficial to the students hailing from rural and remote areas of the country. While the component of construction of hostels for SC girls is in operation from the Third Five Year Plan (1961-66), the same for boys was started with effect from the year 1989-90. 2. Objectives: The objective of this component is containment and reduction of dropout rate of Scheduled Castes Students, especially for SC girls. 3. Scope of Works: Under this component, construction of new Hostel Buildings (separately for Boys and Girls Hostels) as well as repair of existing Hostels constructed under this component {including hostels constructed under earlier Schem",pending,,,,
q_0021,terminology_heavy,What does VDP stand for?,chunk_28412496,"{""entity_graph"": {""rank"": 1, ""score"": 0.5}}",,"in turn after assessing the claims of the District authority would declare that village as ‘Adarsh Gram’. 3. Approach and Strategy: a. Integrated development of selected villages would be achieved primarily through implementation of the existing schemes of the Central as well as State/UT Governments in a convergent manner, thereby ensuring access to quality services as well as infrastructure development. The Gap-filling funding will be provided for carrying out infrastructure developmental requirements, which cannot be carried out through convergence. It is expected that in selected villages, convergence of at least three to four times of ‘Gap-filling’ funds from existing Central/State Schem",pending,,,,
q_0021,terminology_heavy,What does VDP stand for?,chunk_363915a8,"{""bm25"": {""rank"": 3, ""score"": 11.037856753735783}, ""faiss"": {""rank"": 1, ""score"": 0.4785832406910953}, ""entity_graph"": {""rank"": 2, ""score"": 0.5}}",,"Format-VI reflects the status of saturation of all the 50 Monitorable Indicators. On completion of the initial need assessment, the Format-VI will be a reflection of the baseline position of the Monitorable Indicators. As and when needs are addressed and reported, the socio-economic indicators will improve and hence Format-VI will be refreshed and will indicate the real-time score of the village. f. The whole exercise of the Need Assessment, data collection, gap analysis and preparation of VDP will be done by the Village Level Convergence Committee(VLCC) in online mode. The VDP duly approved by the Gram Sabha of the village will be submitted to the District Level Convergence Committee for fu",pending,,,,
q_0021,terminology_heavy,What does VDP stand for?,chunk_3aa881a8,"{""entity_graph"": {""rank"": 3, ""score"": 0.5}}",,"Plans. 7. Process of Appraisal and Approval of State Perspective Plans(PPs): The Perspective Plans, and any subsequent changes therein, shall be appraised and approved by a Project Appraisal cum Convergence Committee (PACC) constituted in the Ministry for this purpose. 8. Release of Funds to the States: Release of the funds under the Scheme would be governed as per the following criteria: a. Under the ‘Adarsh Gram’ component, the quantum of funds to be released during the financial year would be assessed on the applicable administrative expenses for the new villages as well as no. of Village Development Plans(VDPs) generated and such funds would be released to the State/UT Governments as the",pending,,,,
q_0021,terminology_heavy,What does VDP stand for?,chunk_46720381,"{""bm25"": {""rank"": 2, ""score"": 11.12865409413375}, ""faiss"": {""rank"": 2, ""score"": 0.46230686529945153}}",,"portal and for use of community purpose, would be funded through the ‘Gap-filling ’component. 5. Selection of Villages: a. Villages having >40% SC population and a total population ≥ 500, as per the latest available Census data will be eligible for selection in descending order of their SC population.. b. Once these villages are covered, such villages having less than or equal to 40% SC population, but overall a high number of persons belonging to SCs, shall also be taken up. The Ministry shall fix the selection criteria for such villages at the appropriate time. 6. Preparation of Village Development Plan(VDP): a. The purpose of the VDP is to prepare a comprehensive, realistic and practical ",pending,,,,
q_0021,terminology_heavy,What does VDP stand for?,chunk_4acd3c70,"{""faiss"": {""rank"": 3, ""score"": 0.4225799943428357}}",,"the details of unspent balance available, fund required during the financial year for taking up the approved projects. c. Under the Adarsh Gram component, the State will release the 1st installment – i.e. Admistrative Expenses- to the districts at the beginning of the financial year so that the need assessment and VDP preparation activities can be initiated by the districts/villages. On approval of the VDPs by the DL-PACC, the entire gap-filling funds may be released to the implementing agencies, preferably in one go, so as to avoid delays in execution of works and better utilization of available resources. 10. Process for Approval and release of funds for Hostels in Central Universities or ",pending,,,,
q_0021,terminology_heavy,What does VDP stand for?,chunk_8b678016,"{""bm25"": {""rank"": 1, ""score"": 11.144352836069052}}",1,"₹20,38,000/- for development activities. Question: What is the minimum ST population required? Answer: The village must have at least 50% Scheduled Tribe population. Question: Is there a population criteria for villages? Answer: The village must have at least 500 population in plain areas and 250 in hilly areas. Question: What type of development is supported? Answer: The scheme supports infrastructure development and socio-economic improvements. Question: What is a Village Development Plan (VDP)? Answer: It is a comprehensive plan outlining development needs and activities for the village. Question: Are funds given directly to individuals? Answer: No, funds are provided for community infras",pending,,,,
q_0022,terminology_heavy,What does GFR stand for?,chunk_0c737fd6,"{""entity_graph"": {""rank"": 1, ""score"": 0.5}}",,"for execution of the smooth and timely execution of the 'Adarsh Gram' component of the scheme as well as proper implementation of projects as approved as part of Perspective Plan' at District level under Grant in aid component. The PIUs would be manned by a mix of persons having adequate experience in need assessment, project design and management, data analysis and software development and management as well as some young professionals having high social consciousness and preferably belong to the Scheduled Castes (SCs) category. The size and composition of the PIU would depend on the available funds under the administrative head, number of villages covered under PMAGY and size and type of p",pending,,,,
q_0022,terminology_heavy,What does GFR stand for?,chunk_2d5e6db8,"{""bm25"": {""rank"": 3, ""score"": 9.863300675162863}}",,"click on ""Submit."" Required documents Passport-size Photo Domicile Certificate Residential Proof (Voter card/Electricity Bill/Aadhar Card) Age Proof (Birth Certificate issued by the School last attended or Municipal authority or SHO or through the medical board) Aadhaar Number Bank Passbook Ration Card Affidavit duly attested by Judicial Magistrate/Executive Magistrate that she/he is not in receipt of any pension/financial assistance from any other source Definitions any person who has little or no regular means of subsistence from his / her own source of income or through financial support from family members or other sources destitutes https://nsap.nic.in/Guidelines/nsap_guidelines_oct2014",pending,,,,
q_0022,terminology_heavy,What does GFR stand for?,chunk_34ee95f1,"{""faiss"": {""rank"": 2, ""score"": 0.43498038322582505}}",,"account in the name of the President / Secretary of the organization, in respect of the grants received under this programme. (k)The Grantee institution/NGO should be registered with NGO Darpan Portal of Niti Aayog. (l)Selected NGOs may be given one-month of preparatory time for arranging all the infrastructure, manpower, services, selection of residents, safety security, medical, convergence services, communication, internet, etc. The second month onwards, full- pledged Garima Greh has to start functioning with facilities as specified in guidelines. 34 | P a g e 1.2.4.13. Selection procedure A. Pilot Garima Greh EoI was invited from NGOs/CBOs for setting up Garima Greh. The proposals was sc",pending,,,,
q_0022,terminology_heavy,What does GFR stand for?,chunk_4b028646,"{""bm25"": {""rank"": 1, ""score"": 11.834412212210502}}",,"- Scheme Implementation Guidelines Meeting/ out of pocket expenses @3000 per meeting Uniform @ 800 once in 2 years annual Samarthya National Hub for Women Empower (NHEW) National Level NHEW Management @ Central Level (26 Persons) Administrative Cost Gender Budgeting and Research Publication & Monitoring Training, Monitoring, Geo tagging etc (Critical Gap Funding 30 Cr. Out of Felexi Fund each year) Flexi Fund @ 5% State Level PMU @ State Level (8 Persons) Administrative Cost @ 1 Lakh pm Vocational Activities/ Training at State level/district level Mission Shakti - Scheme Implementation Guidelines 4 Non-recurring every five year (Computer Peripherals, Telephone, Fax, Internet, Furnishing for ",pending,,,,
q_0022,terminology_heavy,What does GFR stand for?,chunk_5285e8db,"{""entity_graph"": {""rank"": 2, ""score"": 0.5}}",,"harvesting practices, etc. are other measures of R&D Documentation and preservation of tangible and intangible heritage for promoting tourism etc. Supply Chain Infrastructure Development: Setting up of efficient warehousing facilities, godowns, cold storages, etc. wherever necessary Establishing processing industries for value addition. Sharing of information on inputs with the producers/gatherers Develop product-specific efficient warehousing both at the IA level and also at the village level Training related to product-specific warehousing. Trade Information System: Capturing information about different tribal products related to the sources, types, potential, production, collection, etc. ",pending,,,,
q_0022,terminology_heavy,What does GFR stand for?,chunk_6245ca98,"{""faiss"": {""rank"": 1, ""score"": 0.43827415049655194}, ""entity_graph"": {""rank"": 3, ""score"": 0.5}}",,"Intervention Unit Cost Cost for 5 years (Rs. In Lakhs) Garima Greh 36,46,500 4,480.72 1.2.4.16. Utilization Certificates (UCs) Every organization/institution receiving funds under this component shall submit Utilization Certificates (UCs) in the prescribed format (Performa attached at Annexure-XII), as per provisions of GFR 2017, which will indicate the three items in the heading – (a)Project specific ID given by DoSJE, (b)Name and location of the project, and (c)Name of the NGO/Org. Further, as per provisions of rule 230(8) of GFR, 2017, all interest or other earnings against Grants-in-aid or advances released to any grantee institution should be mandatorily remitted to the Consolidated Fun",pending,,,,
q_0022,terminology_heavy,What does GFR stand for?,chunk_cc789dc9,"{""bm25"": {""rank"": 2, ""score"": 9.935566227272616}}",,"The second installment is reimbursement on successful completion of the project and submission of requisite documents by the institute. Question: What If The Institute Fails To Initiate The Project Within Six Months? Answer: If the project is not initiated within six months, the institute shall have to refund the complete grant with accrued interest to AICTE with justification. Question: Who Should Audit The Utilization Certificate And Statement Of Accounts? Answer: Utilization Certificate and Statement of Accounts in prescribed proforma must be duly audited by the Finance Officer/Account Officer. Question: What Documents Are To Be Submitted For The Procurement Of Solar Power Energy Equipmen",pending,,,,
q_0022,terminology_heavy,What does GFR stand for?,chunk_de5a3d6b,"{""faiss"": {""rank"": 3, ""score"": 0.4177576565673387}}",1,"the Project. Copy of Permanent Account Number (PAN) Card of the Organization. Bond Execution, Rule 231(2) & 3 (Required for Implementing Agencies, Not Quasi-Government Institutions, Central Autonomous Organisations, Or Institutions With Government-Approved Budgets). Financial and Annual Reporting Documents Annual Report for the Year for Which Grant-In-Aid Is Sought. Annual Report for Last Two Years (If Non-Governmental Organization). Audited Statement of Accounts (Income-Expenditure Statement, Receipt-Payment Statement, Balance Sheet, Audit Report of Chartered Accountant). Audited Accounts of Previous Year (Required If Current Year Grant-In-Aid Is Proposed). Utilization Certificate Duly Cert",pending,,,,
q_0023,terminology_heavy,What does MSJE stand for?,chunk_02502564,"{""entity_graph"": {""rank"": 1, ""score"": 0.5}}",,"empowerment. The tailor-made skill based training programmes need to be developed with the help of Jan Shikshan Sansthans, NSDC and lifelong learning programmes of universities and colleges. • Financial incentives/scholarship for the transgender persons: Government should provide scholarship/entitlements, fee-waiver, free textbooks, free hostel accommodation and other facilities at subsidized rates for students belonging to this group. • Establishment of anti-discrimination cell: All the educational institutions/universities should establish an anti-discrimination cell to monitor any form of discrimination/harassment against the transgender students. • Create an enabling environment: There i",pending,,,,
q_0023,terminology_heavy,What does MSJE stand for?,chunk_29303616,"{""entity_graph"": {""rank"": 2, ""score"": 0.5}}",,"vocational skill development. 1.2.4.11. Registers and Records (a)Admission Register (A photo of the beneficiary should be pasted in the register) (b)A brief history of residents (Admission Form for Garima Greh). (c)Visit /Inspection Register (d)Doctor visit Register (e)Register of assets (details of the physical assets, their number, date of procurement, replacement, etc.) (f)Medicine stock register (including details of the equipment, Medicines, purchases, number, date of purchases, etc.) date of purchase/date of expiry. (g)Ration and vegetable stock register (including details of the stock purchased, quantity issued balance, etc., (h)Residents movement register (i)Staff attendance register",pending,,,,
q_0023,terminology_heavy,What does MSJE stand for?,chunk_2d5e6db8,"{""bm25"": {""rank"": 3, ""score"": 9.863300675162863}}",,"click on ""Submit."" Required documents Passport-size Photo Domicile Certificate Residential Proof (Voter card/Electricity Bill/Aadhar Card) Age Proof (Birth Certificate issued by the School last attended or Municipal authority or SHO or through the medical board) Aadhaar Number Bank Passbook Ration Card Affidavit duly attested by Judicial Magistrate/Executive Magistrate that she/he is not in receipt of any pension/financial assistance from any other source Definitions any person who has little or no regular means of subsistence from his / her own source of income or through financial support from family members or other sources destitutes https://nsap.nic.in/Guidelines/nsap_guidelines_oct2014",pending,,,,
q_0023,terminology_heavy,What does MSJE stand for?,chunk_3137531b,"{""entity_graph"": {""rank"": 3, ""score"": 0.5}}",,"refers to a person’s internal, deeply felt sense of being either male or female, or something other or in between. While explaining the term ‘transsexual person’, she mentioned that there is a conflict between one’s physical sex and one’s gender identity as a man or a woman. Female-to-male transsexual (FTM) people are born with female bodies, but have a predominantly male gender identity. Male-to-female transsexual (MTF) people are born with male bodies, but have a female gender identity. Many, but not all, transsexual people undergo medical treatment to change their physical sex through hormone therapy and sex reassignment surgeries. In India there are a host of socio – ethnic groups of tra",pending,,,,
q_0023,terminology_heavy,What does MSJE stand for?,chunk_d3321dd8,"{""bm25"": {""rank"": 2, ""score"": 10.222984677807492}}",,"the model projects under the DDRS? Answer: 1. Pre-School, Early Intervention and Training. 2. Special Schools. 3. Project for Cerebral Palsied Children 4. Project for Rehabilitation of Leprosy Cured Persons 5. Half Way Home for Psycho-Social Rehabilitation of Treated and Controlled people with mental Illness 6. Home Based Rehabilitation Programme/Home Management Programme 7. Project for Community Based Rehabilitation. 8. Project for Low Vision Centers 9. Projects for Human Resource Development. Question: What is the minimum strength required (children as well as staff)? Answer: The minimum strength required (children as well as staff) for each project is different and mentioned under scheme ",pending,,,,
q_0023,terminology_heavy,What does MSJE stand for?,chunk_e2d6afbc,"{""bm25"": {""rank"": 1, ""score"": 10.425469891242862}, ""faiss"": {""rank"": 2, ""score"": 0.4419015582327726}}",,"TG Community, experts, researchers, concerned Central and State Governments for mainstreaming the transgender community. Meeting was attended by representatives from Central Ministries of Law and Justice, Health and Family Welfare, External Affairs etc, concerned State Departments, University Professors, NGO functionaries, Transgender community leaders etc. The list of participants is at Annexure-I. Shri Anoop Kumar Srivastava, Additional Secretary, MSJE welcomed all the participants and gave his key note address. He mentioned that the Ministry was organizing this consultative meeting on transgender for the first time. He further added that the Ministry had been receiving the information per",pending,,,,
q_0023,terminology_heavy,What does MSJE stand for?,chunk_f02bbb02,"{""faiss"": {""rank"": 3, ""score"": 0.44005680874816533}}",,"RRTC presentation for NISD Consultative Meet About the RRTC and its jurisdiction - Representing the following through different symbols in the map of respective states under RRTC jurisdiction : o MSJE supported IRCAs in the state o UNODC project being implemented if any in the different sites o Composite TIs functioning in the state for drug users - State wise distribution of number of MSJE supported IRCA functioning under the RRTC preferably tabulated and presented graphically. Capacity building - Training Needs Assessment of NGOs - Training programmes conducted , achievements and impact (MSJE supported) for the previous financial year mentioning the following : o Total number of trainings ",pending,,,,
q_0023,terminology_heavy,What does MSJE stand for?,chunk_fd158cd5,"{""faiss"": {""rank"": 1, ""score"": 0.4851215312536614}}",1,"Justice and Empowerment constituted this Expert Committee to make an in-depth study of the problems being faced by the Transgender Community and suggest suitable measures that can be taken by the Government to ameliorate their problems. 2. Ministry of Social Justice & Empowerment (MSJE) vide Order No.17-08/2013-DP-II dated 22nd October, 2013 (Annexure-2) constituted an Expert Committee on issues relating to transgender persons to make an in-depth study of the problems being faced by the transgender community and suggest suitable measures that can be taken by the Government to ameliorate those problems. The Expert Committee was required to submit its report with recommendations within three m",pending,,,,
q_0024,terminology_heavy,What does NIOS stand for?,chunk_0960663e,"{""entity_graph"": {""rank"": 1, ""score"": 0.5}}",,"Scheme: Coaching Schemes For Sc/st/obc (non-creamy Layer) & Minority Students For Universities Ministry: Ministry Of Minority Affairs Level: Central Target beneficiaries: Individual Overview Coaching schemes for students belonging to SC (Scheduled Caste), ST (Scheduled Tribe), OBC (Other Backward Classes) (non-creamy layer), and minority communities are implemented to provide them with equal opportunities and support in pursuing higher education. Detailed description Coaching schemes for students belonging to SC (Scheduled Caste), ST (Scheduled Tribe), OBC (Other Backward Classes) (non-creamy layer), and minority communities are implemented to provide them with equal opportunities and suppor",pending,,,,
q_0024,terminology_heavy,What does NIOS stand for?,chunk_0a920a3a,"{""entity_graph"": {""rank"": 2, ""score"": 0.5}}",,"mother or her husband voluntarily undergoes sterilization immediately after delivery, the compensation money available under the existing Family Welfare scheme should be disbursed to the mother at the hospital itself. Antenatal Care (ANC) Services Includes identification and registration of pregnant women, provision of at least three ANC check-ups, Tetanus Toxoid (TT) injections, and Iron Folic Acid (IFA) tablets. Postnatal Care (PNC) Services Includes a postnatal visit within 7 days of delivery to track the mother’s health and facilitate care, counseling for the initiation of breastfeeding within one hour of delivery and its continuance for 3-6 months, and promotion of family planning. Newb",pending,,,,
q_0024,terminology_heavy,What does NIOS stand for?,chunk_103ac24c,"{""entity_graph"": {""rank"": 3, ""score"": 0.5}}",,"the criteria of ""compulsory inclusion"", will be further elevated. Automatically included households shall not rank lower than other households within a priority group. Inter-se priority within the two subgroups viz. households which are automatically included and otherwise will be determined based on their cumulative deprivation scores. The scores will be calculated from the socio-economic parameters given below with each having equal weight: i. Households with no adult member between ages 16 to 59 ii. Female-headed households with no adult male member between ages 16 to 59 iii. Households with no literate adult above 25 years iv. Households with any disabled member and no able-bodied adult ",pending,,,,
q_0024,terminology_heavy,What does NIOS stand for?,chunk_2582ca1c,"{""bm25"": {""rank"": 3, ""score"": 8.522590207640118}}",,"care, protection, education, training or any other service of transgender persons; (f) ""local authority"" means the municipal corporation or Municipality or Panchayat or any other local body constituted under any law for the time being in force for providing municipal services or basic services, as the case may be, in respect of areas under its jurisdiction; (g) ""National Council"" means the National Council for Transgender Persons established under section 16; (h) ""notification"" means a notification published in the Official Gazette; (i) ""person with intersex variations"" means a person who at birth shows variation in his or her primary sexual characteristics, external genitalia, chromosomes o",pending,,,,
q_0024,terminology_heavy,What does NIOS stand for?,chunk_2681e752,"{""bm25"": {""rank"": 2, ""score"": 9.190159928664801}}",,"concerned authorities at state/district level to make special provisions for transgender community. Increase awareness and community mobilisation on SSA program in the context of RTE Rashtriya Madhyamik Shkisha Abhiyaan (RMSA)16 Ministry of Human Resource Development RMSA aims to widen access to women, SC/STs, and other deprived categories of children. Schemes like Model schools, ICT@school, Inclusive education for disabled at secondary state, National merit cum means scholarship are also implemented. The financial incentive is given to girls. The schemes should be made available to transgender community. Financial incentives to transgender can be given for Secondary Education (as per the pr",pending,,,,
q_0024,terminology_heavy,What does NIOS stand for?,chunk_2d5e6db8,"{""bm25"": {""rank"": 1, ""score"": 9.863300675162863}}",,"click on ""Submit."" Required documents Passport-size Photo Domicile Certificate Residential Proof (Voter card/Electricity Bill/Aadhar Card) Age Proof (Birth Certificate issued by the School last attended or Municipal authority or SHO or through the medical board) Aadhaar Number Bank Passbook Ration Card Affidavit duly attested by Judicial Magistrate/Executive Magistrate that she/he is not in receipt of any pension/financial assistance from any other source Definitions any person who has little or no regular means of subsistence from his / her own source of income or through financial support from family members or other sources destitutes https://nsap.nic.in/Guidelines/nsap_guidelines_oct2014",pending,,,,
q_0024,terminology_heavy,What does NIOS stand for?,chunk_34ee95f1,"{""faiss"": {""rank"": 1, ""score"": 0.42797306332373936}}",,"account in the name of the President / Secretary of the organization, in respect of the grants received under this programme. (k)The Grantee institution/NGO should be registered with NGO Darpan Portal of Niti Aayog. (l)Selected NGOs may be given one-month of preparatory time for arranging all the infrastructure, manpower, services, selection of residents, safety security, medical, convergence services, communication, internet, etc. The second month onwards, full- pledged Garima Greh has to start functioning with facilities as specified in guidelines. 34 | P a g e 1.2.4.13. Selection procedure A. Pilot Garima Greh EoI was invited from NGOs/CBOs for setting up Garima Greh. The proposals was sc",pending,,,,
q_0024,terminology_heavy,What does NIOS stand for?,chunk_738d48a8,"{""faiss"": {""rank"": 2, ""score"": 0.41570306086025566}}",,"Scheme: National Agriculture Insurance Scheme Ministry: Ministry Of Agriculture and Farmers Welfare Department: Department of Agriculture & Farmers Welfare Level: Central Scheme type: Central Sector Scheme Target beneficiaries: Family, Individual Overview The National Agriculture Insurance Scheme (NAIS) was introduced by the Government of India to provide comprehensive insurance coverage and financial support to farmers against crop losses due to natural calamities, pests, and diseases. Detailed description The National Agriculture Insurance Scheme (NAIS) was introduced by the Government of India to provide comprehensive insurance coverage and financial support to farmers against crop losses",pending,,,,
q_0024,terminology_heavy,What does NIOS stand for?,chunk_fbdb0d44,"{""faiss"": {""rank"": 3, ""score"": 0.41372974200385154}}",,"from NISD - Prioritizing the training programme based on needs assessment - Finalizing the dates for the training programme (keeping in mind festivals and other important dates) - Meeting with the team to discuss issues like selection of NGOs, resource persons and logistic arrangement and delegation of responsibilities. - Sending letters to NGOs at least one month ahead - Informing resource persons and getting their confirmation - Sending confirmation letters with details of stay, venue of training etc. RRTC - Organizing the stay, food, transportation of participants - Getting training package ready – bag, pad, pen and name tag - Ordering stationary items - Ordering a banner - Planning the t",pending,,,,
q_0025,terminology_heavy,What does UIP stand for?,chunk_00d0910a,"{""entity_graph"": {""rank"": 1, ""score"": 0.5}}",,"Rotavirus vaccine in national immunization programmes4 Universal Subnational None Operational Guidelines Figure 5: Impact of Rotavirus vaccine introduction on all cause diarrhea mortality rates among children <5 years in Mexico and Brazil7,8 3.2 Impact of Rotavirus vaccines in Public Health Programme Globally, marked declines have been observed in hospitalizations and deaths due to Rotavirus in countries that have introduced Rotavirus vaccines under national immunization programmes, including Australia, Austria, Bolivia, Brazil, El Salvador, Mexico, Brazil, Nicaragua, and the United States. 3.3 Currently Licensed Rotavirus Vaccines There are four Rotavirus Vaccines available in Indian market",pending,,,,
q_0025,terminology_heavy,What does UIP stand for?,chunk_094bb047,"{""entity_graph"": {""rank"": 2, ""score"": 0.5}}",,"of age. The vaccine will be co-administered with other vaccines as per the immunization schedule. RVV introduction will provide another opportunity to states to strengthen their health system. This operational guideline outlines the steps to be followed to introduce and implement the RVV under the UIP. These operational guidelines have been developed by the MoHFW with inputs from immunization partners like JSI, WHO, UNICEF, UNDP, ITSU, NCCVMRC and others. These guidelines clearly articulate the technical aspects of the use of RVV in the immunization programme and also outline the operational aspect of rolling out the vaccine. I thank all those who have contributed in developing this document",pending,,,,
q_0025,terminology_heavy,What does UIP stand for?,chunk_099299e1,"{""entity_graph"": {""rank"": 3, ""score"": 0.5}}",1,"Bhopal 21.3 38.5 Total 36.8 * Data from two surveillance sites The data from the NRSN from September 2012 to June 2016 is summarized below in Table 10-13. The Rotavirus positivity in cases of hospitalized acute gastroenteritis was 36.8% for the country. The positivity ranges from 34-40% in each of the North, South, East and West zones suggesting the Rotavirus prevalence may be similar throughout India. The Rotavirus positivity was highest in age groups of 0-11 months (< 1 year) and 12- 24 months (1-2 years of age groups), which is consistent with global trends. Introduction of Rotavirus Vaccine in the Universal Immunization Programme Table 11: Age- group wise distribution of Rotavirus positi",pending,,,,
q_0025,terminology_heavy,What does UIP stand for?,chunk_0ad75f93,"{""faiss"": {""rank"": 3, ""score"": 0.4219088614154992}}",,categories) Volatile Solvents (Inhalants) Others (Please specify) TOTAL 9. METHOD OF DRUG TAKING (Please state the number of clients) Oral Sniffing Injecting (IDU) Any other CLIENT’S DETAILS (During the half-year under review) 10. SOURCE OF REFERAL Please state number of clients referred to the Centre by : Self Friends Family Social Worker Private Doctor Hospital Govt. hospital Counselling & awareness center/De- addiction centers (NGOs) Ex-clients or their family members Law enforce- ment agencies Any other 11. MARTIAL STATUS Never Married Married Widow/ widower Divorced Separated Separated divorced due to drug use Not known 12. EDUCATION Illiterate Literate (read & write) Primary Education ,pending,,,,
q_0025,terminology_heavy,What does UIP stand for?,chunk_0fc94833,"{""bm25"": {""rank"": 2, ""score"": 10.068453163577283}}",,Fix the adapter from the wider end by piercing the rubber cap of the diluent.  Remove the adapter from the packing by tearing the wrapper from the wider side of the adapter.  Caution: Hold the adapter from the body so that you do not touch the tip and the pointed end of the adapter.  Peel open the syringe from the plunger side.  Draw 3 ml of air into the syringe. Operational Guidelines  Rotavirus vaccine is safe and can be given with other UIP vaccines.  Mild illness such as upper respiratory tract infection or mild diarrhea is not a contraindication for Rotavirus vaccine administration. Remember 4.10 Relationship with infant feeding Breast feeding does not significantly impair t,pending,,,,
q_0025,terminology_heavy,What does UIP stand for?,chunk_5a81dc46,"{""bm25"": {""rank"": 1, ""score"": 11.308965736861321}}",,"national immunization schedule.  Under the UIP, the upper age limit for administering the 1st dose of Rotavirus vaccine is one year.  There are currently four licensed orally administered Rotavirus vaccines available for use in India. Out of these four, two vaccines (Rotavac® and Rotasiil®) are used in UIP in India. These vaccines have been shown to be safe and effective in large-scale clinical trials. Key Points 3.4 Efficacy of Rotavirus vaccine Available evidences suggest that Rotavirus vaccines are most effective at preventing the most severe and life-threatening cases of Rotavirus diarrhea.9 The efficacy of Rotavirus vaccines against severe Rotavirus diarrhea in India ranges from 40-",pending,,,,
q_0025,terminology_heavy,What does UIP stand for?,chunk_c98d9530,"{""faiss"": {""rank"": 2, ""score"": 0.4296745722491936}}",,"Scheme: NSAP - Indira Gandhi National Old Age Pension Scheme Ministry: Ministry Of Rural Development Department: Department of Rural Development Level: Central Scheme type: Centrally Sponsored Scheme Target beneficiaries: Individual Overview ""Indira Gandhi National Old Age Pension Scheme"" is one of the five sub-schemes of the National Social Assistance Programme. Under IGNOAPS, citizens living Below Poverty Line and 60 years or above in age are eligible to apply. A monthly pension of ₹ 200 up to 79 years and ₹ 500 thereafter. Detailed description The ""Indira Gandhi National Old Age Pension Scheme (IGNOAPS)"" is one of the five sub-schemes of the National Social Assistance Programme, Ministry ",pending,,,,
q_0025,terminology_heavy,What does UIP stand for?,chunk_ed273e9b,"{""faiss"": {""rank"": 1, ""score"": 0.43730730393104933}}",,"the same category of pension schemes. Question: How can one apply for the scheme? Answer: Applicants can apply through the UMANG platform, NSAP portal, or through the concerned State/UT authorities and local bodies as prescribed by the respective state government. Question: When was the IGNDPS launched? Answer: The Indira Gandhi National Disability Pension Scheme (IGNDPS) was formally launched in February 2009 under the National Social Assistance Programme. Question: Is the scheme available in both rural and urban areas? Answer: Yes. The National Social Assistance Programme, including IGNDPS, is implemented in both rural and urban areas across India.",pending,,,,
q_0025,terminology_heavy,What does UIP stand for?,chunk_ef59bb87,"{""bm25"": {""rank"": 3, ""score"": 9.944069264364925}}",,Vit-A-4 2.5 years Vit-A-5 3 years Vit-A-6 3.5 years Vit-A-7 4 years Vit-A-8 4.5 years Vit-A 9 5 years 16-24 MONTHS 10 YEARS 5-6 YEARS 16 YEARS TT TT DATE GIVEN (mm/dd/yyyy): DATE GIVEN (mm/dd/yyyy): DATE GIVEN (mm/dd/yyyy): DATE GIVEN (mm/dd/yyyy): Next Vaccination Date: Next Vaccination Date: Next Vaccination Date: Vitamin A-2 JE-2 MR-2 DPT Booster-1 DPT Booster-2 OPV Booster Congratulations! Your child is vaccinated for the 2nd year of life. MISSED DOSE TRACKING NAME & DOSE OF MISSED VACCINE DATE OF VACCINE DOSE MISSED REASON WHY VACCINE DOSE MISSED NEXT SESSION DATE FOR MISSED DOSE SIGN OF ANM FOUR KEY MESSAGES ON IMMUNIZATION 1) What vaccine was given and what disease it prevents 4) To k,pending,,,,
q_0041,paraphrase,What detail does the source provide about Pradhan Mantri Adi Adarsh Gram Yojana (PMAAGY)?,chunk_060211a3,"{""entity_graph"": {""rank"": 1, ""score"": 0.5}}",,"nominee details. Step 4: A self-certification process for the eligibility conditions will be completed by the applicant. Following this, the system will automatically calculate the monthly contribution amount payable according to the age of the beneficiary. Application and Payment Process Step 5: The enrolled beneficiary will pay the first subscription amount in cash directly to the VLE. This initial contribution payment activates the subscription to the pension scheme. Step 6: An enrollment cum auto-debit mandate form will be generated and printed by the system. This mandate form must be signed by the beneficiary, after which the VLE will scan the document and upload it securely into the sy",pending,,,,
q_0041,paraphrase,What detail does the source provide about Pradhan Mantri Adi Adarsh Gram Yojana (PMAAGY)?,chunk_0919edc8,"{""entity_graph"": {""rank"": 2, ""score"": 0.5}}",,"benefits, what specific technology must be used on the official mobile application to properly verify my identity? Answer: You must authenticate your Universal Account Number utilizing the Facial Authentication Technology available on the UMANG mobile application to be eligible for the first-timer incentives. Question: In order to maintain active eligibility and continue receiving the promised financial incentives for generating new jobs, what specific monthly compliance action must the employer ensure is completed without fail? Answer: Employers must consistently file the monthly Electronic Challan-cum-Return along with the prescribed amount of provident fund contributions for their employe",pending,,,,
q_0041,paraphrase,What detail does the source provide about Pradhan Mantri Adi Adarsh Gram Yojana (PMAAGY)?,chunk_0a37094c,"{""entity_graph"": {""rank"": 3, ""score"": 0.5}}",,a) Pursuing law [in the last two years of degree course] or Law Graduates. b) Pursuing Post Graduation in Law or Research Scholars in Law. c) Pursuing post-graduation courses like MBA/MSW/ MSC/MA/M.Com./MCA. 2. The applicant should be enrolled in recognized University/Institution within India or abroad. Application process Online The application must be submitted in the prescribed format along with the required (self-attested) documents by EMAIL ONLY to rc.hrm@epfindia.gov.in. NOTE: Soft copies of mark sheets /certificates etc. in support of qualifications and other documentary proof need not be sent with the application. Required documents At the time of Application 1. Letter of Recommendat,pending,,,,
q_0041,paraphrase,What detail does the source provide about Pradhan Mantri Adi Adarsh Gram Yojana (PMAAGY)?,chunk_0afb475a,"{""bm25"": {""rank"": 2, ""score"": 25.53102224157582}}",,"Scheme: Pradhan Mantri Gram Sadak Yojana Ministry: Ministry Of Rural Development Department: Department of Rural Development Implementing agency: Rural Works Departments And State PWDs Level: Central Target beneficiaries: All Overview With the objective of providing rural connectivity, the Government of India launched the Pradhan Mantri Gram Sadak Yojana (referred to as PMGSY-I hereinafter) on 25th December 2000 to provide all-weather access to eligible unconnected habitations. Detailed description With the objective of providing rural connectivity, the Government of India launched the Pradhan Mantri Gram Sadak Yojana (referred to as PMGSY-I hereinafter) on 25th December 2000 to provide all-",pending,,,,
q_0041,paraphrase,What detail does the source provide about Pradhan Mantri Adi Adarsh Gram Yojana (PMAAGY)?,chunk_31494559,"{""faiss"": {""rank"": 2, ""score"": 0.5581339954783644}}",,"Scheme: Pradhan Mantri Awaas Yojana - Gramin Ministry: Ministry Of Rural Development Department: Department of Rural Development Implementing agency: Ministry Of Housing And Urban Affairs (MoHUA) Level: Central Scheme type: Central Sector Scheme Target beneficiaries: Family Overview Launch on 1st April 2016, Pradhan Mantri Awaas Yojana Gramin (PMAY-G) is centre's flagship mission by the Ministry of Rural Development (MoRD), implemented by the Ministry of Housing and Urban Affairs (MoHUA). PMAY-G addresses the rural housing shortage and bridges the housing deficit in rural areas Detailed description Launch on 1st April 2016, Pradhan Mantri Awaas Yojana Gramin (PMAY-G) is centre's flagship mis",pending,,,,
q_0041,paraphrase,What detail does the source provide about Pradhan Mantri Adi Adarsh Gram Yojana (PMAAGY)?,chunk_326058bd,"{""bm25"": {""rank"": 3, ""score"": 22.988268606432662}}",,0% 6. Electricity and clean fuel 6.1 Whether the village has been electrified? (Yes/No) Yes No 6.2 % of households having electricity connection >75% 50-75% <50% 6.3 % of households using at least one LED bulb >75% 50-75% <50% 6.4 % of households having gas connection >75% 50-75% <50% 6.5 % of internal roads having street lights >75% 50-75% <50% 7. Agricultural Practices etc. 7.1 % of eligible farmers provided with Soil Health Card >75% 50-75% <50% 7.2 Extent (in %) of organic farming practices adopted >75% 50-75% <50% 7.3 Extent (in %) of watershed management practices adopted >75% 50-75% <50% 8. Financial Inclusion 8.1 % of village population (>5 years) having Aadhaar Identification >98% 0,pending,,,,
q_0041,paraphrase,What detail does the source provide about Pradhan Mantri Adi Adarsh Gram Yojana (PMAAGY)?,chunk_7677bba9,"{""bm25"": {""rank"": 1, ""score"": 48.87671726457866}, ""faiss"": {""rank"": 1, ""score"": 0.5942914045606221}}",,"Scheme: Pradhan Mantri Adi Adarsh Gram Yojana (PMAAGY) Ministry: Ministry Of Tribal Affairs Level: Central Scheme type: Central Sector Scheme Target beneficiaries: Village Overview The scheme aims to develop selected villages with significant Scheduled Tribe population into model villages by providing basic infrastructure and improving socio-economic conditions. Detailed description The scheme ""Pradhan Mantri Adi Adarsh Gram Yojana (PMAAGY)"" by the Ministry Of Tribal Affairs, Government Of India, aims to transform villages with high Scheduled Tribe population into model villages through providing financial assistance for infrastructure gap filling and socio-economic development to the tribal",pending,,,,
q_0041,paraphrase,What detail does the source provide about Pradhan Mantri Adi Adarsh Gram Yojana (PMAAGY)?,chunk_8ce14990,"{""faiss"": {""rank"": 3, ""score"": 0.5497315698286086}}",,"Scheme: Pradhan Mantri Surakshit Matritva Abhiyan Ministry: Ministry Of Health & Family Welfare Department: Department of Health and Family Welfare Level: Central Scheme type: Centrally Sponsored Scheme Target beneficiaries: Individual Overview The scheme aims to provide fixed-day assured, comprehensive and quality antenatal care universally to all pregnant women in 2nd and 3rd trimester on the 9th of every month. It offers free comprehensive antenatal care services at government health facilities. Detailed description The scheme ""Pradhan Mantri Surakshit Matritva Abhiyan"" was launched on 9th June 2016 by the Ministry of Health & Family Welfare, Government of India, aims to provide fixed-day",pending,,,,
q_0042,paraphrase,What detail does the source provide about Scheme for Prevention of Alcoholism and Substance Abuse?,chunk_02155a58,"{""entity_graph"": {""rank"": 1, ""score"": 0.5}}",,"share to this Escrow account as per the cost sharing ratio between the Centre and State/UT. The fund available in the dedicated Escrow account are meant for transfer to the beneficiaries under the scheme. In no case, the funds from this account should be diverted for any other purpose. The funds from this account shall be transferred to the beneficiaries through PFMS in DBT mode. II. To meet the administrative and other expenditures the funds shall also be transferred by MWCD to the States/UTs as per schematic norms through PFMS in the State/ UT treasury. The State/UT after crediting their respective shares shall make it available to the Department for smooth implementation of the scheme. II",pending,,,,
q_0042,paraphrase,What detail does the source provide about Scheme for Prevention of Alcoholism and Substance Abuse?,chunk_030a851f,"{""entity_graph"": {""rank"": 2, ""score"": 0.5}}",,"in view the scope of insurance coverage: Loss by Theft, War, Invasion, Civil War. Rebellion, Revolution, Insurrection, Mutiny, Lockout, Malicious Damage, Conspiracy, Military/Usurped Power, Civil Commotion, Confiscation, Requisition/Destruction/damage by order of any Government de-jure/de-facto/by any public/municipal/local authority, including damage due to power transmission. Nuclear reaction, nuclear radiation or radioactive contamination. Impact damage due to aircraft or other falling objects Wilful negligence of the insured and anyone acting on his behalf. Damage caused by human, bird or any animal action. Improper maintenance of palms. Palm becoming unhealthy & senile. Natural morality",pending,,,,
q_0042,paraphrase,What detail does the source provide about Scheme for Prevention of Alcoholism and Substance Abuse?,chunk_0406f424,"{""entity_graph"": {""rank"": 3, ""score"": 0.5}}",,"applicant should not exceed ₹4,50,000/- per annum from all sources. The applicant should have passed Class 12th or equivalent in the preceding year of study for applications called for the present year. The applicant should have secured admission in the first year of any degree course, either a general degree course of The scholarship shall only be provided for general degree courses, and technical and professional courses, including medical and paramedical courses, as certified by the Registrar/ Principal/ Director of University/ College/ Institute in any of the following universities/colleges/institutes: Universities/Institutions/Colleges included under Section 2(f) and 12 (B) of the UGC A",pending,,,,
q_0042,paraphrase,What detail does the source provide about Scheme for Prevention of Alcoholism and Substance Abuse?,chunk_12a64c0c,"{""bm25"": {""rank"": 3, ""score"": 34.94450300504196}}",,(use of condoms): Always Never No Response Sometimes Family history of drug/alcohol abuse (information to be collected about those family members who are alive) Manual on Minimum Standards of Services for the Programmes under the Scheme for Prevention of Alcoholism and Substance (Drugs) Abuse Drug Father Mother Brother Sister Father & Mother Father & Brother Alcohol Cannabis Heroin Opium Other Opiates Propox Phene Morphine Buprenorphine Barbiturates Minor tranquilizers Other sedatives/Hypnotis Cocaine Amphetamine Hallucinogens Inhalnts Cough Syrups Education Father Mother Literate Illiterate Primary Education Middle school Matriculation/Higher Secondary/PUC/Junior College Graduate Post Gradu,pending,,,,
q_0042,paraphrase,What detail does the source provide about Scheme for Prevention of Alcoholism and Substance Abuse?,chunk_21611109,"{""faiss"": {""rank"": 1, ""score"": 0.5544243598045829}}",,for the Programmes under the Scheme for Prevention of Alcoholism and Substance (Drugs) Abuse Annexure 4. 6 Follow-up Card Name of the organization : Contact person : Address of treatment centre : Phone : Land mark : Fax no : Best way of reaching the centre : E.mail : Date Report of Visit / feedback letter / letter received with details Details of staff Sl.no Name Age & Education Designation Date of joining the organization Training attended –RRTC/NISD Annexure 4.7 Training needs assessment format Name of the Centre: Contact Person: Postal Address: Phone: E.mail: Name of the trainings Project Director Medical Officer Coun- selor Coun- selor Psycho- logist Social Worker Peer educator Nurse War,pending,,,,
q_0042,paraphrase,What detail does the source provide about Scheme for Prevention of Alcoholism and Substance Abuse?,chunk_778988b9,"{""bm25"": {""rank"": 2, ""score"": 35.82639636098063}}",,"Political Leaders Yes/No v. Academicians Yes/No iii.NGOs/CBOs/enterprises Yes/No (public and Private) : vi. Social Activists Yes/No iv. Community Workers : Yes/No vii. Others (please specify) b) Does the organization enlist support for Government policies pertaining to demand reduction? Yes/No c) Does the organization mobilize mass communicators/media professionals for drug abuse campaigns? Yes/No d) Does the organization provide technical support to NGOs, CBOs, and Enterprises? Yes/No Monitoring and Evaluation Activities Please provide details for any of the following activities participating in a sample of the product: a) Development of indicators/parameters for monitoring visits and instr",pending,,,,
q_0042,paraphrase,What detail does the source provide about Scheme for Prevention of Alcoholism and Substance Abuse?,chunk_848cc9ee,"{""bm25"": {""rank"": 1, ""score"": 37.115532151283865}, ""faiss"": {""rank"": 2, ""score"": 0.5448262469271312}}",,MANUAL ON MINIMUM STANDARDS OF SERVICES FOR THE PROGRAMMES UNDER THE SCHEME FOR PREVENTION OF ALCOHOLISM AND SUBSTANCE (DRUGS) ABUSE Prepared by National Institute of Social Defence & Regional Resource and Training Centres Page no. Chapter 1 Introduction and about the scheme Chapter 2 Integrated Rehabilitation Centre for Addicts (IRCA) –with annexure Chapter 3 Awareness-Cum-De-addiction Camps (ACDC) and programme for prevention of alcoholism and drug abuse at workplace (WPP) - with annexure Chapter 4 Regional Resource and Training Centres (RRTC) - with annexure Chapter 5 Responsibilities of staff and code of ethics - rights for staff and clients - with annexure List of References CHAPTER 1 M,pending,,,,
q_0042,paraphrase,What detail does the source provide about Scheme for Prevention of Alcoholism and Substance Abuse?,chunk_fd0e501e,"{""faiss"": {""rank"": 3, ""score"": 0.5302949156571058}}",,"of Assistance The quantum of assistance shall not be more than 90% of the approved expenditure. In case of the seven North Eastern States, Sikkim and J & K, the quantum of assistance will be 95% of the total admissible expenditure. The balance of the approved expenditure shall have to be borne by the implementing agency out of its own resources. The Universities, Schools of Social Work and such other institutions of higher learning will be eligible for 100% reimbursement of approved expenditure. Services under the scheme The following components are admissible 1. Integrated rehabilitation centre for addicts (IRCA) 2. Programme for prevention of alcoholism and drug abuse at workplace (WPP) 3.",pending,,,,
q_0043,paraphrase,What detail does the source provide about NPS Vatsalya Scheme?,chunk_0102efff,"{""bm25"": {""rank"": 1, ""score"": 28.964266677039316}, ""faiss"": {""rank"": 3, ""score"": 0.484049788194519}, ""entity_graph"": {""rank"": 1, ""score"": 0.5}}",1,"stipulated details. Question: Can an NRI or OCI open a NPS Vatsalya account? Answer: Yes, Non-Resident Indians (NRIs) and Overseas Citizens of India (OCIs) under 18 years of age can join the scheme. Question: Is it required to furnish a nomination while joining the scheme? Answer: No, the guardian becomes the nominee under the scheme. Question: How many NPS Vatsalya accounts can I open? Answer: The guardian can only open one account for each minor/child. Question: Can a guardian who is a NPS subscriber open a NPS Vatsalya account for a minor? Answer: Yes, a guardian who is an NPS subscriber can open an NPS Vatsalya account in the name of the minor. Question: What are the minimum and maximum ",pending,,,,
q_0043,paraphrase,What detail does the source provide about NPS Vatsalya Scheme?,chunk_02155a58,"{""entity_graph"": {""rank"": 2, ""score"": 0.5}}",,"share to this Escrow account as per the cost sharing ratio between the Centre and State/UT. The fund available in the dedicated Escrow account are meant for transfer to the beneficiaries under the scheme. In no case, the funds from this account should be diverted for any other purpose. The funds from this account shall be transferred to the beneficiaries through PFMS in DBT mode. II. To meet the administrative and other expenditures the funds shall also be transferred by MWCD to the States/UTs as per schematic norms through PFMS in the State/ UT treasury. The State/UT after crediting their respective shares shall make it available to the Department for smooth implementation of the scheme. II",pending,,,,
q_0043,paraphrase,What detail does the source provide about NPS Vatsalya Scheme?,chunk_030a851f,"{""entity_graph"": {""rank"": 3, ""score"": 0.5}}",,"in view the scope of insurance coverage: Loss by Theft, War, Invasion, Civil War. Rebellion, Revolution, Insurrection, Mutiny, Lockout, Malicious Damage, Conspiracy, Military/Usurped Power, Civil Commotion, Confiscation, Requisition/Destruction/damage by order of any Government de-jure/de-facto/by any public/municipal/local authority, including damage due to power transmission. Nuclear reaction, nuclear radiation or radioactive contamination. Impact damage due to aircraft or other falling objects Wilful negligence of the insured and anyone acting on his behalf. Damage caused by human, bird or any animal action. Improper maintenance of palms. Palm becoming unhealthy & senile. Natural morality",pending,,,,
q_0043,paraphrase,What detail does the source provide about NPS Vatsalya Scheme?,chunk_563886b9,"{""bm25"": {""rank"": 3, ""score"": 26.18423160903084}, ""faiss"": {""rank"": 1, ""score"": 0.5361242324809514}}",,"Scheme: NPS Vatsalya Scheme Ministry: Ministry Of Finance Department: Pension Fund Regulatory & Development Authority Implementing agency: PFRDA Level: Central Scheme type: Central Sector Scheme Target beneficiaries: Individual Overview NPS Vatsalya is a contributory saving cum long-term financial security scheme designed exclusively for minors for the purposes of enhancing financial literacy and financial planning and to encourage empowerment of children, emanating from the vision of ""Viksit Bharat@2047. Detailed description “NPS Vatsalya” Scheme was announced by the Hon’ble Finance Minister in the Union Budget for FY 2024-25. It is designed exclusively for minors below 18 years of age, wit",pending,,,,
q_0043,paraphrase,What detail does the source provide about NPS Vatsalya Scheme?,chunk_78e94630,"{""bm25"": {""rank"": 2, ""score"": 27.28117369547435}, ""faiss"": {""rank"": 2, ""score"": 0.5174649656948308}}",,"creating a financial cushion for the future. Financial discipline: Small, regular investments build a strong habit of saving and planning. Empowerment of child: Early exposure to saving builds responsible financial behaviour for life. Tax Efficient Attractive tax benefits under the Income Tax Act, 2025. Details given in later part of the Annexure. Optimum Returns Provides market-linked returns based on pension funds’ performance. Transparent 24/7 online access to the account, with mandatory public disclosures ensuring transparency. Question: How is the NPS Vatsalya account operated? Answer: The account is opened by the parent/guardian in the name of the minor. The minor is the sole beneficia",pending,,,,
q_0044,paraphrase,What detail does the source provide about MANAGE Internship Programme?,chunk_005a2521,"{""entity_graph"": {""rank"": 3, ""score"": 0.3333333333333333}}",,Scheme: IVRI Institute Scholarship For M.V.Sc. And Ph.D. Ministry: Ministry Of Agriculture and Farmers Welfare Department: Department of Agriculture Research and Education Implementing agency: Indian Council Of Agricultural Research (ICAR) Level: Central Scheme type: Centrally Sponsored Scheme Target beneficiaries: All Overview The Indian Veterinary Research Institute will award scholarships to MVSc and PhD students who need financial assistance.his provision will be utilized to assist as many students as possible who have good academic record and who are making diligent efforts to pursue higher education. Detailed description IVRI Institute Scholarship for M.V.Sc. and Ph.D. – The Indian Cou,pending,,,,
q_0044,paraphrase,What detail does the source provide about MANAGE Internship Programme?,chunk_295934df,"{""bm25"": {""rank"": 2, ""score"": 21.05202885498666}, ""faiss"": {""rank"": 1, ""score"": 0.5713409636014484}, ""entity_graph"": {""rank"": 1, ""score"": 0.5}}",,"Scheme: MANAGE Internship Programme Ministry: Ministry Of Agriculture and Farmers Welfare Department: Department of Agriculture Research and Education Implementing agency: National Institute Of Agricultural Extension Management (MANAGE) Level: Central Scheme type: Central Sector Scheme Target beneficiaries: Individual Overview MANAGE Internship Programme is open to students from the disciplines of Extension Education, Economics, Sociology, Psychology, MSW, Journalism, Communication, and Environmental Science. The internships are open year-round, and the duration ranges from 3 months upto 6 months. Detailed description ""MANAGE Internship Programme"" implemented by the National Institute of Agr",pending,,,,
q_0044,paraphrase,What detail does the source provide about MANAGE Internship Programme?,chunk_2bdf5ed0,"{""faiss"": {""rank"": 2, ""score"": 0.5555109439577895}}",,"this programme useful and how it fits in with their career growth. At the end of the Internship The interns will be required to present to the Head of the Division a Report/Paper on the allotted subject at the end of the internship. Simultaneously, they will also be required to give to the concerned HOD their mandatory feedback on their experience of the Programme, monitoring and supervision by the Director/JS concerned. Frequently asked questions Question: How Are Interns Selected For The Program? Answer: The applications will be scrutinized by a Selection Committee, and offers will be sent to selected interns based on slot availability, consent of the concerned division, and approval of th",pending,,,,
q_0044,paraphrase,What detail does the source provide about MANAGE Internship Programme?,chunk_76feb74d,"{""bm25"": {""rank"": 3, ""score"": 18.670224321157818}}",1,"mentioned that the selection is based on evaluation of the proposals received. The evaluation process is likely to involve the assessment of the candidate's CV, motivation letter, and recommendation letter, along with their academic qualifications and suitability for the internship. Question: Are there any specific age restrictions for applicants? Answer: The guidelines do not mention any specific age restrictions for applicants. As long as the applicants meet the academic requirements and possess the necessary skills and qualifications, they are eligible to apply regardless of their age. Question: Can a candidate submit a physical copy of the application for the MANAGE Internship Programme,",pending,,,,
q_0044,paraphrase,What detail does the source provide about MANAGE Internship Programme?,chunk_9c3986cd,"{""bm25"": {""rank"": 1, ""score"": 22.196608561551955}, ""entity_graph"": {""rank"": 2, ""score"": 0.5}}",,"MANAGE Internship Programme. While there are no specific sub-disciplines mentioned, applicants with research interests in rural studies are particularly encouraged to apply. Question: What are the academic requirements for the internship? Could you elaborate on the minimum criteria for completion or ongoing pursuit of Ph.D. or M.Sc. degrees in the mentioned disciplines? Is there a specific GPA or percentage requirement? Answer: For Ph.D. and M.Sc. degree holders, the minimum academic requirement is a cumulative OGPA (Overall Grade Point Average) of 8 out of 10 (minimum 80%) for completed degrees. It is important for ongoing degree students to have a similar level of academic achievement. Que",pending,,,,
q_0044,paraphrase,What detail does the source provide about MANAGE Internship Programme?,chunk_d9b29e30,"{""faiss"": {""rank"": 3, ""score"": 0.5408990608685604}}",,Scheme: Internship Programme Of The Department Of Expenditure Ministry: Ministry Of Finance Department: Department of Expenditure Level: Central Scheme type: Central Sector Scheme Target beneficiaries: Individual Overview The Internship Programme of the Department of Expenditure aims to familiarize willing and eligible undergraduates pursuing five-year integrated courses and Graduates pursuing post-Graduation/ post-Graduates pursuing Research with the overall process of formulation of economic policies of the Govt. Detailed description The Internship Programme of the Department of Expenditure aims to familiarize willing and eligible undergraduates pursuing five-year integrated courses and Gr,pending,,,,
q_0045,paraphrase,What detail does the source provide about AVYAY - National Action Plan for Senior Citizens: Health and Shelter for Senior Citizens?,chunk_5f3e034f,"{""faiss"": {""rank"": 3, ""score"": 0.4990942524252182}}",,of ways to handle problems as they arise. 89. The Policy aims to involve mass media as well as informal and traditional communication channels on ageing issues. It will be necessary to provide opportunities to media personnel to have access to information apart from their own independent sources of information and reporting of field situations. Their participation in orientation programmes on ageing will be facilitated. Opportunities will be extended for greater interaction between media personnel and persons active in the field of ageing. III. IMPLEMENTATION 90. The National Policy on Older Persons will be very widely disseminated for which an action plan will be prepared so that its featur,pending,,,,
q_0045,paraphrase,What detail does the source provide about AVYAY - National Action Plan for Senior Citizens: Health and Shelter for Senior Citizens?,chunk_6d2f1c38,"{""bm25"": {""rank"": 1, ""score"": 61.608465688805566}, ""faiss"": {""rank"": 1, ""score"": 0.6272168532946443}, ""entity_graph"": {""rank"": 1, ""score"": 0.5}}",,"Scheme: AVYAY - National Action Plan for Senior Citizens: Health and Shelter for Senior Citizens Ministry: Ministry Of Social Justice and Empowerment Department: Department of Social Justice & Empowerment Level: Central Scheme type: Central Sector Scheme Target beneficiaries: Individual Overview The scheme aims to improve the quality of life of Senior Citizens, particularly those who are indigent, by providing basic amenities like shelter, food, medical care and entertainment opportunities. The scheme provides financial assistance for projects such as maintenance of Senior Citizen Homes. Detailed description The scheme ""AVYAY - National Action Plan for Senior Citizens: Health and Shelter for",pending,,,,
q_0045,paraphrase,What detail does the source provide about AVYAY - National Action Plan for Senior Citizens: Health and Shelter for Senior Citizens?,chunk_797e87b4,"{""bm25"": {""rank"": 2, ""score"": 47.979071227573584}, ""entity_graph"": {""rank"": 2, ""score"": 0.5}}",,"I intend to provide services through a project, is it acceptable for the bank account to be held solely in the name of the Non-Governmental Organization? Answer: No, the bank account used by the Non-Governmental Organization or Voluntary Organization for receiving the assistance must be maintained and operated jointly. Question: If the proposed project involves establishing a new physiotherapy clinic, can I expect to receive a grant-in-aid under the State Action Plan for Senior Citizens sub-scheme? Answer: No Grant-in-Aid will be released for starting new Physiotherapy Clinics; this project type is permitted only in existing Government District Hospitals under the State Action Plan for Senio",pending,,,,
q_0045,paraphrase,What detail does the source provide about AVYAY - National Action Plan for Senior Citizens: Health and Shelter for Senior Citizens?,chunk_7af0d115,"{""entity_graph"": {""rank"": 3, ""score"": 0.5}}",,"different regions which are nutritious, tasty, fit into the dietary pattern of the family and the community, are affordable and can be prepared from locally available vegetables, cereals and fruits, will be disseminated. 44. The concept of healthy ageing will be promoted. It is necessary to educate older persons and their families that diseases are not a corollary of advancing age nor is a particular chronological age the starting point for decline in health status. On the contrary, preventive health care and early diagnosis can keep a person in reasonable good health and prevent disability. 45. Health education programmes will be strengthened by making use of mass media, folk media and othe",pending,,,,
q_0045,paraphrase,What detail does the source provide about AVYAY - National Action Plan for Senior Citizens: Health and Shelter for Senior Citizens?,chunk_8ef238d9,"{""faiss"": {""rank"": 2, ""score"": 0.5147821139190757}}",,"the State towards its senior citizens so that they do not face an identity crisis and know where they stand in the overall national perspective. The need has been expressed at different forums where ageing issues have been deliberated. The Statement, by indicating the principles underlying the policy, the directions, the needs that will be addressed and the relative roles of governmental and nongovernmental institutions, is expected to facilitate carving out of respective areas of operation and action in the direction of a human age integrated society. II. National Policy Statement 15. The National Policy seeks to assure older persons that their concerns are national concerns and they will n",pending,,,,
q_0045,paraphrase,What detail does the source provide about AVYAY - National Action Plan for Senior Citizens: Health and Shelter for Senior Citizens?,chunk_de5a3d6b,"{""bm25"": {""rank"": 3, ""score"": 40.62771346703507}}",1,"the Project. Copy of Permanent Account Number (PAN) Card of the Organization. Bond Execution, Rule 231(2) & 3 (Required for Implementing Agencies, Not Quasi-Government Institutions, Central Autonomous Organisations, Or Institutions With Government-Approved Budgets). Financial and Annual Reporting Documents Annual Report for the Year for Which Grant-In-Aid Is Sought. Annual Report for Last Two Years (If Non-Governmental Organization). Audited Statement of Accounts (Income-Expenditure Statement, Receipt-Payment Statement, Balance Sheet, Audit Report of Chartered Accountant). Audited Accounts of Previous Year (Required If Current Year Grant-In-Aid Is Proposed). Utilization Certificate Duly Cert",pending,,,,
q_0046,paraphrase,What detail does the source provide about Transgender Persons Welfare Framework?,chunk_03e828a2,"{""entity_graph"": {""rank"": 1, ""score"": 0.5}}",,"secondary stage. The self-perceived gender identity of the Transgender persons up to the age of class 8th remains ambiguous to large extent and therefore the transgender identity of the children may not be established. 1.2.1.3. Objectives (a)The objective is to provide financial assistance to the Transgender students studying in IX and above to enable them to complete their education. (b)To support Transgender students to study further in order to prepare themselves to earn their livelihood and to find a dignified place for themselves in the society as they face several barriers physical, financial, psychological, mental in pursuing studies and living with dignity. At times such students are",pending,,,,
q_0046,paraphrase,What detail does the source provide about Transgender Persons Welfare Framework?,chunk_083d2e93,"{""entity_graph"": {""rank"": 2, ""score"": 0.5}}",,"necessarily flow to a transgender. The ‘Transgender’ community falls within the purview of the Constitution of India and thereby they are entitled to all the rights as guaranteed under the same. 3. Article 5 of the Constitution identifies the persons who are entitled to be citizens of India. None of the conditions specified therein require a determinate sex or gender identity as a pre-condition of acquiring citizenship. 4. The Citizenship Act, 1955 which provides for the acquisition and determination of Indian Citizenship also does not, expressly or impliedly require a determinate sex or gender identity as a pre-condition for acquiring citizenship. For a person to be a voter (elector), he/sh",pending,,,,
q_0046,paraphrase,What detail does the source provide about Transgender Persons Welfare Framework?,chunk_09654725,"{""bm25"": {""rank"": 1, ""score"": 15.089954495079919}, ""entity_graph"": {""rank"": 3, ""score"": 0.5}}",,"problems Who are transgender people? Transgender people are individuals of any age or sex whose appearance, personal characteristics, or behaviors differ from stereotypes about how men and women are “supposed” to be. Transgender people have existed in every culture, race, and class since the story of human life has been recorded. Only the term “transgender” and the medical technology available to transsexual people are new. In its broadest sense, transgender encompasses anyone whose identity or behaviour falls outside of stereotypical gender norms. What is the difference between sex and gender? 2. Sex refers to biological status as male or female. It includes physical attributes such as sex ",pending,,,,
q_0046,paraphrase,What detail does the source provide about Transgender Persons Welfare Framework?,chunk_2036ea2d,"{""bm25"": {""rank"": 3, ""score"": 14.477052364233202}}",,"any of the groups but are transgender persons individually. Though an accurate and reliable estimate of transgender people is not available, it cannot be denied that their number is miniscule compared with the total population of the country. 6. The definition of transgender people in India has been dealt with in detail in Chapter One. The definition recommended in that chapter is intended to bring more clarity and uniformity in the understanding of the term ‘transgender’ for the purpose of this report as well for it to serve as a guide for all stakeholders such as administrators, police officers, judicial officers, NGOs and the society at large. 7. Transgender people in India face a variety",pending,,,,
q_0046,paraphrase,What detail does the source provide about Transgender Persons Welfare Framework?,chunk_3de597d2,"{""bm25"": {""rank"": 2, ""score"": 14.589173594740334}}",,"the community concerns in education sector in a holistic way-that implies giving attention to the Four core issue of:- Access7, Equity8, Enabling Environment9, and Employment. The policy and programmatic framework on education has to ensure that all the important aspects as highlighted above are addressed to improve access and infuse equality in our education sector (primary, secondary and higher level). The framework should address the aforesaid four core areas in education sector to ensure that a holistic approach is being adopted in addressing the gaps. The framework will revolve around four pillars which are dwelled upon as; 7 Accessibility indicates that the educational system is non- d",pending,,,,
q_0046,paraphrase,What detail does the source provide about Transgender Persons Welfare Framework?,chunk_7b76a736,"{""faiss"": {""rank"": 3, ""score"": 0.578957310514443}}",,"we need to develop to achieve the objective of faster, more inclusive and sustainable growth. We first considerthe development of human capabilities, whichare in many ways the most important. Then we focus on institutional capabilities and the development of infrastructure which is a general capability enhancer for all agents. Both the Central and State Governments have a large role to play in developing these capabilities and the Twelfth Plan at the Centraland State level should accord high importance to this effort.”6 5. Development of human capabilities involve efforts towards improving life and longevity, education, skill development, nutrition, health, drinking water and sanitation and ",pending,,,,
q_0046,paraphrase,What detail does the source provide about Transgender Persons Welfare Framework?,chunk_a66661a7,"{""faiss"": {""rank"": 1, ""score"": 0.5863494830688306}}",,"A Sharpe. 2004. Violence, identity and policing: The case of violence against transgender people. Criminal Justice.4(4), 395-417. 18Rhonda, JF and DR Esther. 2007. A Study of Transgender Adults and Their Non-Transgender Siblings on Demographic Characteristics, Social Support, and Experiences of Violence, Journal of LGBT Health Research, Vol. 3(3) 2007 Page | 47 therapies, or by forcing them to get married. They are also often denied their share of the family property. Those transgender individuals who manage to survive the hostility they encounter as children and youth, find their employment opportunities as to be curtailed, both by the limited formal education many have had, and by stigma a",pending,,,,
q_0046,paraphrase,What detail does the source provide about Transgender Persons Welfare Framework?,chunk_b46acc34,"{""faiss"": {""rank"": 2, ""score"": 0.5798660598192038}}",,"about cases registered against them as accused. 20. For the long run, the possibility of a law to prevent discrimination and atrocities may be considered. 21. Social Welfare: Policy and institutional reforms that enable access to social protection schemes, targeting the poor and other at-risk groups, must be made transgender inclusive. 22. Community strengthening and involvement: The capacity of community organizations to monitor, document and respond to discrimination and human rights violations must be strengthened. Training in legal literacy, and public speaking for advocacy are needed. Transgender representation in dialogues around social and legal protection, policy and legal reform, an",pending,,,,
q_0047,paraphrase,What detail does the source provide about Mission Shakti?,chunk_16bd7095,"{""bm25"": {""rank"": 2, ""score"": 14.426742936757254}}",,"Scheme: Swachh Bharat Mission – Urban 2.0 Ministry: Ministry Of Housing & Urban Affairs Level: Central Scheme type: Centrally Sponsored Scheme Target beneficiaries: Individual, Family Overview A sanitation scheme for the construction of Individual Household Latrines (IHHL) for urban households. Detailed description A sanitation scheme for the construction of Individual Household Latrines (IHHL) for urban households. The Mission has the following components: Household toilets, including conversion of insanitary latrines into pour-flush latrines. Community toilets Public toilets Solid waste management IEC & Public Awareness Capacity building and Administrative & Office Expenses (A&OE) Benefits",pending,,,,
q_0047,paraphrase,What detail does the source provide about Mission Shakti?,chunk_1ec4c3a5,"{""bm25"": {""rank"": 3, ""score"": 13.94364130931007}, ""faiss"": {""rank"": 3, ""score"": 0.47616765722001025}}",,"issued by the Government of India regarding branding of CSSs, in all schemes of the Ministry. Accordingly, change of names/ symbols/ logos/ other identifiers of Mission Shakti as a whole or its sub-schemes or components shall not be permitted. All the institutions supported under the scheme or any events/ conferences/ seminars organized under Mission Shakti shall mandatorily carry the names/ symbols/ logos/ other identifiers in the sameform in which it has been prescribed on all hoardings/ banners/ backdrop/ posters/ boards/ brochures/ pamphlets/ leaflets or any other publications and IEC materials, whether in printed or electronic form. No co- branding of scheme components would be allowed.",pending,,,,
q_0047,paraphrase,What detail does the source provide about Mission Shakti?,chunk_36efdfe4,"{""entity_graph"": {""rank"": 1, ""score"": 0.5}}",,"by the MWCD at Central level. Similar arrangements may be made at State/District level. The details of manpower requirement along with Qualification under various component of Mission Shakti is at Annexure-IV. Since the institutions under Mission Shakti like OSCs, WHLs, Shakti Sadan, SakhiNiwas and Crèche will play a vital role for safety, security and empowerment of Women, the term of staff engaged on contract basis, if any, by the States /UTs for these institutions should ordinarily be up to the 15th Finance Commission Cycle i.e. up to 2025-26.However, it will be subject to annual performance appraisal of such staff being satisfactory and clearance from Vigilance angle. Qualification presc",pending,,,,
q_0047,paraphrase,What detail does the source provide about Mission Shakti?,chunk_37528100,"{""entity_graph"": {""rank"": 2, ""score"": 0.5}}",,"the care burden on women and increase female labour force participation by promoting skill development, capacity building, financial literacy, access to micro-credit etc. The Ministry of Women Child Development (MWCD) is the Nodal Ministry for holistic development of Women and Children. Being the nodal Ministry for the advancement of women and children, the Ministry formulates plans, policies and programmes; enacts/ amends legislation, guides and coordinates the efforts of various stakeholders. Prior to Mission Shakti, the Ministry was implementing various sub-schemes under Mission for Protection and Empowerment of Women (MPEW) viz., BetiBachaoBetiPadhao (BBBP), Mahila Shakti Kendra (MSK), S",pending,,,,
q_0047,paraphrase,What detail does the source provide about Mission Shakti?,chunk_3875c260,"{""entity_graph"": {""rank"": 3, ""score"": 0.5}}",,"% in the case of the dormitories. Fees charged from the children in the Day Care Centre should not be more than 5% of the emoluments of their mother, or the actual expenditure whichever is less. The rent for women under training for job shall not exceed the lowest rent charged from any of the working women residing in the same facility. The rent for such trainees may be charged from the institution/ organization sponsoring the training and in case that is not possible from the woman herself. The rent does not include use of the mess and other facilities like washing machines for which user charges should be collected. As far as possible, women with children are accommodated in single/ double",pending,,,,
q_0047,paraphrase,What detail does the source provide about Mission Shakti?,chunk_aee2c7b4,"{""faiss"": {""rank"": 1, ""score"": 0.5779399738333699}}",,"and grassroots level functionaries. It is intended to serve as a reference manual for officials at the National, State/Union Territory (UT) and District / grass root levels for policy guidance and monitoring. These guidelines list out the services to be provided under the Scheme and steps and processes/procedures for implementation. These guidelines also highlight the roles and responsibilities of various line departments. It provides indicative monitoring and reporting formats to be used at different levels. The guidelines may be modified based on the feedback received from States/UTs from time to time, as per requirements, to ensure proper implementation. 1.2 OBJECTIVE OF MISSION SHAKTI Th",pending,,,,
q_0047,paraphrase,What detail does the source provide about Mission Shakti?,chunk_b6b57cb1,"{""bm25"": {""rank"": 1, ""score"": 16.42029896251532}}",,"build awareness about social issues, facilitate discussions on issues concerning women. The existing platform of Gram Sabha/ MahilaSabha/Village Health Sanitation & Nutrition Committee (VHSNC)/ Village Health and Nutrition Day (VHND) may be used. xvii. To organize meetings of the State/ District/ Block Level Convergence Committees to highlight issues related to women and provide solutions and to ensure effective monitoring of convergence efforts at the grass root level. xviii. Coordinate and encourage involvement of retired citizens in various activities related to women empowerment xix. Facilitate grievance redressal through articulation and follow-up cases in right forums such as Panchayat",pending,,,,
q_0047,paraphrase,What detail does the source provide about Mission Shakti?,chunk_ecb1cfb6,"{""faiss"": {""rank"": 2, ""score"": 0.4864666753885652}}",,"on assisting the women in distress. Online training modules, video tutorials, quizzes and self-assessment questionnaire shall be prepared by MWCD and will be available on the portal. The States/UTs will provide mandatory induction training to all the personnel involved in the functioning of “Mission Shakti”. Towards fulfilling this objective, the State will coordinate with its various departments so that people providing services and those belonging to various departments could be sensitized and trained in handling the issues related to women and girls. 4 MONITORING, FEEDBACK AND REPORTING 4.1 MONITORING AND FEEDBACK Hub for Empowerment of Women (HEW) is envisaged for monitoring of the perfo",pending,,,,
q_0048,paraphrase,What detail does the source provide about Welfare Measures for Transgender Persons?,chunk_0ea575f7,"{""entity_graph"": {""rank"": 1, ""score"": 0.5}}",,"1 | P a g e Support for Marginalized Individuals for Livelihood and Enterprise (SMILE) GUIDELINES GOVERNMENT OF INDIA MINISTRY OF SOCIAL JUSTICE & EMPOWERMENT DEPARTMENT OF SOCIAL JUSTICE AND EMPOWERMENT (w.e.f. 12th February 2022) ********* The Ministry of Social Justice and Empowerment has formulated an umbrella scheme “SMILE - Support for Marginalized Individuals for Livelihood and Enterprise”, which includes two sub-schemes - ‘Central Sector Scheme for Comprehensive Rehabilitation for Welfare of Transgender Persons’ and ‘Central Sector Scheme for Comprehensive Rehabilitation of persons engaged in the act of Begging’. This umbrella scheme would cover several comprehensive measures includi",pending,,,,
q_0048,paraphrase,What detail does the source provide about Welfare Measures for Transgender Persons?,chunk_19216891,"{""entity_graph"": {""rank"": 2, ""score"": 0.5}}",,"establish a basic understanding of what gender is and how and who it is determined by. Since gender is one of the most pervading and given social category, one may not be aware of it on a daily basis and yet while going about the business of daily living, gender is present at every step. It determines every aspect of our life including our name, clothes, hair length, appearance, behaviours, occupation, mobility and so on. It is present in every document of identity, including birth certificate, ration card, voter ID, passport, mark sheets/grade cards and so on. 2. Then there are spaces that are strictly gender segregated such as toilets for men and women, queues and lines in several public u",pending,,,,
q_0048,paraphrase,What detail does the source provide about Welfare Measures for Transgender Persons?,chunk_2cd7f422,"{""faiss"": {""rank"": 2, ""score"": 0.5663156659657544}}",,"28.; Ibid 12 Kenneth J. Zucker, Gender Identity Development and Issues,13 CHILD &ADOLESCENT PSYCHIATRIC CLINICS OF N. AM. 551, 554 (2004); Supra note 8 Page | 63 when adolescents to elect to live as transsexuals without surgery as adults13. Thus, treatment plans for adolescents need not assume surgery will be the desired end result. Transgender Youth and high suicide risk coupled with prejudice – understanding the dangers A staggering 41 percent of transgender people in the United States have attempted to commit suicide, according to a new survey. About 19 percent of transgender people report being refused medical care because of their gender-nonconforming status, and a shocking 2 percent ha",pending,,,,
q_0048,paraphrase,What detail does the source provide about Welfare Measures for Transgender Persons?,chunk_487838b1,"{""entity_graph"": {""rank"": 3, ""score"": 0.5}}",,"Transgender Persons, Non-discrimination against a Transgender Person in educational institutions, employment, healthcare services etc. Therefore, provisions have been made for formulation of welfare schemes and programmes for education, social security and health of Transgender Persons. (f)The Ministry has enacted “The Transgender Persons (Protection of Rights), Rules, 2020” for implementation of the provisions of the Act. These rules will help in recognition of identity of Transgender persons and thus will provide the actual figures of transgender persons in the country. (g)As per RGI during census- 2011 for the collection of data on sex during Population Enumeration, three codes were provi",pending,,,,
q_0048,paraphrase,What detail does the source provide about Welfare Measures for Transgender Persons?,chunk_54900b27,"{""bm25"": {""rank"": 2, ""score"": 17.97285226144934}}",,"Cost for 5 years (Rs lakhs) Prematric/Postmatric scholarships Rs. 13,500/- 22,500 3,037.5 1.2.1.15. Monitoring & Evaluation The scheme will be monitored at regular intervals by the Ministry including Project Monitoring Unit (PMU) or any other agency/unit appointed by the Ministry of Social Justice & Empowerment. Evaluation of the scheme will be done with the help of 3rd party organization as deemed necessary. 1.2.2. Skill Development & Livelihood for Empowerment of Transgender Community To provide funds for taking up skill development and livelihood activities which may include welfare measures such as developing entreprenuership skills among transgender persons to improve the educational an",pending,,,,
q_0048,paraphrase,What detail does the source provide about Welfare Measures for Transgender Persons?,chunk_5b75f3c7,"{""bm25"": {""rank"": 3, ""score"": 17.34964165985906}}",,"subject (j)Dealing with a large number of potentially socio-legal cases of Violence against transgender persons 50 | P a g e Thus, the physical location of the Transgender protection Cell within the premises of the Police system serves as a vantage point to fulfil these objectives. 1.2.6.5 Administrative Structure (a)Space is to be provided within the police structure for social workers/counsellors. Administrative and Infrastructure support is provided by the police in the following ways:  Furniture (tables-chairs, cupboards, benches, shelves)  Stationary (paper, police telephone diaries, envelopes, typewriter, typing material and postage)  Infrastructure: telephone, jeep for visits (pref",pending,,,,
q_0048,paraphrase,What detail does the source provide about Welfare Measures for Transgender Persons?,chunk_5eac573d,"{""faiss"": {""rank"": 3, ""score"": 0.5659884361317076}}",,"a stacked deck against them. The disapproval and confusion of friends, family and people around them creates a burden of stress. This is particularly true in the case of young transgender teenagers. In a landmark report15, “Injustice At Every Turn: A Report Of The National Transgender Discrimination Survey”, it was seen that a “staggering” 41 percent of the more than 6,400 respondents said they had attempted suicide, compared to a rate of 1.6 percent for the general population, according to the survey by the National Gay and Lesbian Task Force and the National Center for Transgender Equality 16 . The respondents had double the rate of unemployment and were four times more likely to have a ho",pending,,,,
q_0048,paraphrase,What detail does the source provide about Welfare Measures for Transgender Persons?,chunk_b46acc34,"{""faiss"": {""rank"": 1, ""score"": 0.5808492483470573}}",,"about cases registered against them as accused. 20. For the long run, the possibility of a law to prevent discrimination and atrocities may be considered. 21. Social Welfare: Policy and institutional reforms that enable access to social protection schemes, targeting the poor and other at-risk groups, must be made transgender inclusive. 22. Community strengthening and involvement: The capacity of community organizations to monitor, document and respond to discrimination and human rights violations must be strengthened. Training in legal literacy, and public speaking for advocacy are needed. Transgender representation in dialogues around social and legal protection, policy and legal reform, an",pending,,,,
q_0048,paraphrase,What detail does the source provide about Welfare Measures for Transgender Persons?,chunk_d1700bfb,"{""bm25"": {""rank"": 1, ""score"": 18.727986862338593}}",,"on Transgender had been constituted in Sikkim state. He stated that a Medical Certificate was enough to have access to programmes of the State Government. Further, the State had started a pension scheme and other welfare measures for the community. The State has also constituted a medical board to verify the status of Transgender to make them eligible for the schemes. Ms. Laxmi Narayan Tripathi, Mumbai pointed out that Thailand is a model country wherein all the required facilities are being made available to the Transgender Community. Further, she suggested for the establishment of a Commission on Transgender and protection of Transgender culture. She strongly recommended that the nodal Min",pending,,,,
q_0049,paraphrase,What detail does the source provide about Internship Scheme Of The Department Of Economic Affairs?,chunk_02155a58,"{""entity_graph"": {""rank"": 1, ""score"": 0.5}}",,"share to this Escrow account as per the cost sharing ratio between the Centre and State/UT. The fund available in the dedicated Escrow account are meant for transfer to the beneficiaries under the scheme. In no case, the funds from this account should be diverted for any other purpose. The funds from this account shall be transferred to the beneficiaries through PFMS in DBT mode. II. To meet the administrative and other expenditures the funds shall also be transferred by MWCD to the States/UTs as per schematic norms through PFMS in the State/ UT treasury. The State/UT after crediting their respective shares shall make it available to the Department for smooth implementation of the scheme. II",pending,,,,
q_0049,paraphrase,What detail does the source provide about Internship Scheme Of The Department Of Economic Affairs?,chunk_02a282c8,"{""bm25"": {""rank"": 1, ""score"": 38.18016135683476}, ""faiss"": {""rank"": 1, ""score"": 0.6698435348374442}}",,"Scheme: Internship Scheme Of The Department Of Economic Affairs Ministry: Ministry Of Finance Department: Department Of Economic Affairs Level: Central Scheme type: Central Sector Scheme Target beneficiaries: Individual Overview The Internship Scheme aims to familiarise students with macro-economic policy formulation and economic research. Through this scheme, internship opportunities with token remuneration are provided to eligible Post Graduate and PhD students. Detailed description The scheme ""Internship Scheme Of The Department Of Economic Affairs"" has been implemented by the Department of Economic Affairs, Ministry of Finance, Government of India, aiming to familiarize selected candidat",pending,,,,
q_0049,paraphrase,What detail does the source provide about Internship Scheme Of The Department Of Economic Affairs?,chunk_030a851f,"{""entity_graph"": {""rank"": 2, ""score"": 0.5}}",,"in view the scope of insurance coverage: Loss by Theft, War, Invasion, Civil War. Rebellion, Revolution, Insurrection, Mutiny, Lockout, Malicious Damage, Conspiracy, Military/Usurped Power, Civil Commotion, Confiscation, Requisition/Destruction/damage by order of any Government de-jure/de-facto/by any public/municipal/local authority, including damage due to power transmission. Nuclear reaction, nuclear radiation or radioactive contamination. Impact damage due to aircraft or other falling objects Wilful negligence of the insured and anyone acting on his behalf. Damage caused by human, bird or any animal action. Improper maintenance of palms. Palm becoming unhealthy & senile. Natural morality",pending,,,,
q_0049,paraphrase,What detail does the source provide about Internship Scheme Of The Department Of Economic Affairs?,chunk_0406f424,"{""entity_graph"": {""rank"": 3, ""score"": 0.5}}",,"applicant should not exceed ₹4,50,000/- per annum from all sources. The applicant should have passed Class 12th or equivalent in the preceding year of study for applications called for the present year. The applicant should have secured admission in the first year of any degree course, either a general degree course of The scholarship shall only be provided for general degree courses, and technical and professional courses, including medical and paramedical courses, as certified by the Registrar/ Principal/ Director of University/ College/ Institute in any of the following universities/colleges/institutes: Universities/Institutions/Colleges included under Section 2(f) and 12 (B) of the UGC A",pending,,,,
q_0049,paraphrase,What detail does the source provide about Internship Scheme Of The Department Of Economic Affairs?,chunk_98e3d70d,"{""bm25"": {""rank"": 2, ""score"": 34.772996844141794}, ""faiss"": {""rank"": 3, ""score"": 0.5786756641405133}}",,"All The Universities In India Apply For This Internship? Answer: Only the students from the Universities/ Institutions which are within the top 25 ranks as per the National Institutional Ranking Framework, by the Ministry of Human Resource Development or QS-ranked International Institutes, can apply for this Internship. Question: Under What Circumstances, Can The Tenure Of An Internship Be Ended Prematurely? Answer: Interns, whose performance is unsatisfactory, may be relieved prematurely. Question: Can This Internship Be Regarded As A Job Assurance By The Department Of Economic Affairs? Answer: This internship is neither a job nor any such assurance thereof in the Department of Economic Aff",pending,,,,
q_0049,paraphrase,What detail does the source provide about Internship Scheme Of The Department Of Economic Affairs?,chunk_d40410ee,"{""bm25"": {""rank"": 3, ""score"": 29.95903430633249}}",1,"job for any other organisation during the internship period. The internship does not guarantee employment in the Department of Economic Affairs. Eligibility The applicant should be an outstanding candidate pursuing or having completed Post Graduation or Ph.D in Economics, Law, Finance, or Management. The applicant should belong to Universities/Institutions within the top 25 ranks as per the National Institutional Ranking Framework, Ministry of Human Resource Development, or International Institutes of repute. The applicant should be working on specific issues relating to: Macro-economic issues Management Capital markets Infrastructure policy Climate finance Financial and investment laws Rese",pending,,,,
q_0049,paraphrase,What detail does the source provide about Internship Scheme Of The Department Of Economic Affairs?,chunk_d9b29e30,"{""faiss"": {""rank"": 2, ""score"": 0.6180646966189456}}",,Scheme: Internship Programme Of The Department Of Expenditure Ministry: Ministry Of Finance Department: Department of Expenditure Level: Central Scheme type: Central Sector Scheme Target beneficiaries: Individual Overview The Internship Programme of the Department of Expenditure aims to familiarize willing and eligible undergraduates pursuing five-year integrated courses and Graduates pursuing post-Graduation/ post-Graduates pursuing Research with the overall process of formulation of economic policies of the Govt. Detailed description The Internship Programme of the Department of Expenditure aims to familiarize willing and eligible undergraduates pursuing five-year integrated courses and Gr,pending,,,,
q_0050,paraphrase,What detail does the source provide about Universal Immunization Programme - Rotavirus Vaccine?,chunk_00c17e5e,"{""entity_graph"": {""rank"": 1, ""score"": 0.5}}",,"to raise awareness in the community. It should be clear, attractive, and easy to read, with focused messages and adequate information preferably in the local language. 8.2.2 The launch event  Check event venue prior to the event and ensure that the equipment is in working order.  Ensure orderly and timely conduct of the event.  Ensure folders with materials are available for all participants.  Ensure release of IEC materials for the Rotavirus vaccine launch.  Prepare press release based on the draft provided for print and online versions. 8.3 Advocacy Advocacy is a well-defined process based on demonstrated evidence to influence decision makers, stakeholders and audiences to suppor",pending,,,,
q_0050,paraphrase,What detail does the source provide about Universal Immunization Programme - Rotavirus Vaccine?,chunk_00d0910a,"{""entity_graph"": {""rank"": 2, ""score"": 0.5}}",,"Rotavirus vaccine in national immunization programmes4 Universal Subnational None Operational Guidelines Figure 5: Impact of Rotavirus vaccine introduction on all cause diarrhea mortality rates among children <5 years in Mexico and Brazil7,8 3.2 Impact of Rotavirus vaccines in Public Health Programme Globally, marked declines have been observed in hospitalizations and deaths due to Rotavirus in countries that have introduced Rotavirus vaccines under national immunization programmes, including Australia, Austria, Bolivia, Brazil, El Salvador, Mexico, Brazil, Nicaragua, and the United States. 3.3 Currently Licensed Rotavirus Vaccines There are four Rotavirus Vaccines available in Indian market",pending,,,,
q_0050,paraphrase,What detail does the source provide about Universal Immunization Programme - Rotavirus Vaccine?,chunk_0192a18e,"{""entity_graph"": {""rank"": 3, ""score"": 0.5}}",,"on the immunization card and RCH register. Step 6 Return the unopened and opened Rotavirus vaccine vials after the immunization session to the cold chain point as per guidelines. Table 5: Key instructions for health workers while administering the Rotavirus vaccine 6.2 Reporting and recording of Rotavirus vaccine All recording and reporting formats with inclusion of Rotavirus vaccine should be printed well in time before introduction of the vaccine. These formats should be distributed before introduction and ensure that during health workers’ training, an exercise for filling the MCP card and other formats should be conducted. Inclusion of Rotavirus vaccine will be required in vaccine stock ",pending,,,,
q_0050,paraphrase,What detail does the source provide about Universal Immunization Programme - Rotavirus Vaccine?,chunk_094bb047,"{""faiss"": {""rank"": 1, ""score"": 0.6321565934624915}}",,"of age. The vaccine will be co-administered with other vaccines as per the immunization schedule. RVV introduction will provide another opportunity to states to strengthen their health system. This operational guideline outlines the steps to be followed to introduce and implement the RVV under the UIP. These operational guidelines have been developed by the MoHFW with inputs from immunization partners like JSI, WHO, UNICEF, UNDP, ITSU, NCCVMRC and others. These guidelines clearly articulate the technical aspects of the use of RVV in the immunization programme and also outline the operational aspect of rolling out the vaccine. I thank all those who have contributed in developing this document",pending,,,,
q_0050,paraphrase,What detail does the source provide about Universal Immunization Programme - Rotavirus Vaccine?,chunk_0c821442,"{""faiss"": {""rank"": 3, ""score"": 0.6268656738724839}}",,"task force meetings and medical officers’ RI trainings are the ideal opportunities to discuss Rotavirus vaccine introduction. All Rotavirus vaccine introduction trainings should be conducted as per the duration mentioned in the guidelines. All Rotavirus vaccine trainings must have a session on practical demonstration of the reconstitution and administration of Rotavirus vaccine. Training materials have been developed based on the past experiences of new vaccine introduction and post-introduction evaluations. These will include standardized PowerPoint presentations from operational guidelines, FAQs for medical officers and health workers on Rotavirus vaccine. These materials could be translat",pending,,,,
q_0050,paraphrase,What detail does the source provide about Universal Immunization Programme - Rotavirus Vaccine?,chunk_2a87e745,"{""faiss"": {""rank"": 2, ""score"": 0.627582441189826}}",,"plans. 7.1.5 Indenting and delivery of vaccine and logistics  Ensure availability of required quantities of Rotavirus vaccine, diluents, 6 ml oral syringes, adapters and other logistics before the introduction of the vaccine. Official communications from the state should include the following key messages and the same should be reiterated at regular intervals. Introduction of Rotavirus Vaccine in the Universal Immunization Programme Sl No. Participants Facilitators Timeline 1a. State ToT day 1 Medical Officers DIO and 2 MOs per district (3 persons per district). SIO, state CCO and other state officials including state programme manager (NHM), state IEC consultant, state ASHA coordinator, s",pending,,,,
q_0050,paraphrase,What detail does the source provide about Universal Immunization Programme - Rotavirus Vaccine?,chunk_9b97a38e,"{""bm25"": {""rank"": 1, ""score"": 30.01023905619478}}",,"OPERATIONAL GUIDELINES Introduction of Rotavirus Vaccine in the Universal Immunization Programme Immunization Division Ministry of Health & Family Welfare Government of India March 2019 Given Orally 2.5 ml dose Operational Guidelines ii Operational Guidelines iv Introduction of Rotavirus Vaccine in the Universal Immunization Programme in India Foreword It gives me immense pleasure to present the Operational guidelines for introduction of the Rotavirus vaccine in the Universal Immunization Programme (UIP). In the last few years, the scope of the UIP has expanded with the introduction of several new vaccines for protection against vaccine preventable diseases. Diarrheal diseases are the leadin",pending,,,,
q_0050,paraphrase,What detail does the source provide about Universal Immunization Programme - Rotavirus Vaccine?,chunk_c63d3186,"{""bm25"": {""rank"": 3, ""score"": 29.572898228219422}}",,National Cold chain and Vaccine Management Resource Centre NGO : Non governmental Organization NHM : National Health Mission NIHFW : National Institute of Health and Family Welfare NPSP : National Public Health Surveillance Project NTAGI : National Technical Advisory Group on Immunization ORS : Oral Rehydration Solution PATH : Program for Appropriate Technology in Health PCIF : Preliminary Case Investigation Form PHC : Primary Health Centre PIR : Programme Implementation Review RMNCH+A : Reproductive Maternal Newborn Child and Adolescent Health RNA : Ribonucleic Acid RT-PCR : Reverse Transcription Polymerase Chain Reaction RVGE : Rotavirus Gastroenteritis RVV : Rotavirus Vaccine SCID : Sever,pending,,,,
q_0050,paraphrase,What detail does the source provide about Universal Immunization Programme - Rotavirus Vaccine?,chunk_f2abf539,"{""bm25"": {""rank"": 2, ""score"": 29.93668858028741}}",,about Rotavirus vaccine introduction  Knowledge about benefits of Rotavirus vaccine  Positive reporting  Media briefings/ workshop Media kit containing:  Press release  Background material on Rotavirus vaccine launch  Compendium of messages for radio Table 9: Indicative planning matrix for advocacy activities Introduction of Rotavirus Vaccine in the Universal Immunization Programme Advocacy Toolkit You need to develop your own toolkit using the materials that have been provided in the launch and media toolkits. Make sure that you adapt the Rotavirus vaccine related materials to the audience that you are advocating with so that correct information reaches the audience in the corre,pending,,,,
q_0061,entity_relation,How are AICTE – Saksham Scholarship Scheme For Specially-Abled Student (Degree) and AICTE – Saksham Scholarship Scheme For Specially-Abled Student (Diploma) related through direct benefit transfer?,chunk_18aa96c0,"{""faiss"": {""rank"": 3, ""score"": 0.5862465677220157}, ""entity_graph"": {""rank"": 1, ""score"": 0.5}}",,"receipt of any financial assistance from any other sources, the scholarship shall be discontinued and the entire amount of the scholarship will have to be refunded to AICTE by D/Draft drawn in favor of “Member Secretary, AICTE” payable at New Delhi. Eligibility The candidate should be admitted to the first year of the diploma-level course or the second year of the diploma-level course through lateral entry in any of the AICTE-approved institutions of the respective year. Specially-abled students have a disability of not less than 40%. Family income from all sources should not be more than ₹ 8,00,000/- per annum during the current financial year. A valid income certificate issued by the state",pending,,,,
q_0061,entity_relation,How are AICTE – Saksham Scholarship Scheme For Specially-Abled Student (Degree) and AICTE – Saksham Scholarship Scheme For Specially-Abled Student (Diploma) related through direct benefit transfer?,chunk_237107d6,"{""entity_graph"": {""rank"": 2, ""score"": 0.5}}",,"sources, the scholarship shall be discontinued and the entire amount of the scholarship will have to be refunded to AICTE by D/Draft drawn in favor of “Member Secretary, AICTE” payable at New Delhi. Eligibility The candidate should be admitted to the first year of the degree-level course or the second year of the degree-level course through lateral entry in any of the AICTE-approved institutions of the respective year. Specially-abled students have a disability of not less than 40%. Family income from all sources should not be more than ₹8,00,000/- per annum during the current financial year. A valid income certificate issued by the state/UT government needs to be enclosed. Application proce",pending,,,,
q_0061,entity_relation,How are AICTE – Saksham Scholarship Scheme For Specially-Abled Student (Degree) and AICTE – Saksham Scholarship Scheme For Specially-Abled Student (Diploma) related through direct benefit transfer?,chunk_3bedc389,"{""entity_graph"": {""rank"": 3, ""score"": 0.5}}",,"skill training programmes and placing the trained candidates. List of these agencies is available at the web portal of this scheme. iv) Other institutions having a good track record of conducting relevant skill training programmes and placing the trained candidates. b. The institutes shall also be recognized by the concerned entities for carrying out the said training. Proof of valid affiliation and other details in this regard must be checked. Any further outsourcing by the affiliated TPs of Training, is strictly prohibited and occurrence of same, once noted by States/UTs, shall result in corrective measures including but not limited to cancellation of the said training programmes at the ri",pending,,,,
q_0061,entity_relation,How are AICTE – Saksham Scholarship Scheme For Specially-Abled Student (Degree) and AICTE – Saksham Scholarship Scheme For Specially-Abled Student (Diploma) related through direct benefit transfer?,chunk_7afa6a42,"{""bm25"": {""rank"": 3, ""score"": 83.34004152731131}}",1,"by indicating their Aadhaar Number, Bank Account number or NSP Application ID. NOTE 1: The National Scholarships Portal will provide the timelines for opening & closing of the portal. NOTE 2: Online applications will be verified at two levels i.e. by the Institute, where the student is studying and thereafter by the concerned State Higher Education Department or any other Agency/ Official nominated by the State as State Nodal Agency (both for fresh and renewal applicants). NOTE 3: Students will not be permanently debarred for scholarships due to delay in renewal or verification. However, students will have to submit renewal applications within a cut-off date. Renewal for that year will not b",pending,,,,
q_0061,entity_relation,How are AICTE – Saksham Scholarship Scheme For Specially-Abled Student (Degree) and AICTE – Saksham Scholarship Scheme For Specially-Abled Student (Diploma) related through direct benefit transfer?,chunk_8e855a42,"{""bm25"": {""rank"": 2, ""score"": 84.54471348371891}, ""faiss"": {""rank"": 2, ""score"": 0.6813295961469494}}",,"Scheme: AICTE – Saksham Scholarship Scheme For Specially-Abled Student (Degree) Ministry: Ministry of Education Department: Department of Human Resource and Development Level: Central Scheme type: Central Sector Scheme Target beneficiaries: Individual Overview Saksham is a Scholarship Scheme by the Ministry of Education, implemented by AICTE, aimed at providing encouragement and support to specially-abled children to pursue technical education. This is an attempt to give every young specially-abled student the opportunity to study further. Detailed description Saksham is a Scholarship Scheme by the Ministry of Education, implemented by AICTE, aimed at providing encouragement and support to s",pending,,,,
q_0061,entity_relation,How are AICTE – Saksham Scholarship Scheme For Specially-Abled Student (Degree) and AICTE – Saksham Scholarship Scheme For Specially-Abled Student (Diploma) related through direct benefit transfer?,chunk_da49f4c1,"{""bm25"": {""rank"": 1, ""score"": 87.30211460691952}, ""faiss"": {""rank"": 1, ""score"": 0.6838891993102497}}",,"Scheme: AICTE – Saksham Scholarship Scheme For Specially-Abled Student (Diploma) Ministry: Ministry of Education Department: Department Of Higher Education Implementing agency: All India Council For Technical Education (AICTE) Level: Central Scheme type: Central Sector Scheme Target beneficiaries: Individual Overview Saksham is a Scholarship Scheme by the Ministry of Education, implemented by AICTE, aimed at providing encouragement and support to specially-abled children to pursue technical education. This is an attempt to give every young specially-abled student the opportunity to study further. Detailed description Saksham is a Scholarship Scheme by the Ministry of Education, implemented b",pending,,,,
q_0062,entity_relation,How are Janani Suraksha Yojana (JSY) and Pradhan Mantri Surakshit Matritva Abhiyan related through district hospitals?,chunk_060211a3,"{""entity_graph"": {""rank"": 1, ""score"": 0.5}}",,"nominee details. Step 4: A self-certification process for the eligibility conditions will be completed by the applicant. Following this, the system will automatically calculate the monthly contribution amount payable according to the age of the beneficiary. Application and Payment Process Step 5: The enrolled beneficiary will pay the first subscription amount in cash directly to the VLE. This initial contribution payment activates the subscription to the pension scheme. Step 6: An enrollment cum auto-debit mandate form will be generated and printed by the system. This mandate form must be signed by the beneficiary, after which the VLE will scan the document and upload it securely into the sy",pending,,,,
q_0062,entity_relation,How are Janani Suraksha Yojana (JSY) and Pradhan Mantri Surakshit Matritva Abhiyan related through district hospitals?,chunk_0a920a3a,"{""entity_graph"": {""rank"": 2, ""score"": 0.5}}",,"mother or her husband voluntarily undergoes sterilization immediately after delivery, the compensation money available under the existing Family Welfare scheme should be disbursed to the mother at the hospital itself. Antenatal Care (ANC) Services Includes identification and registration of pregnant women, provision of at least three ANC check-ups, Tetanus Toxoid (TT) injections, and Iron Folic Acid (IFA) tablets. Postnatal Care (PNC) Services Includes a postnatal visit within 7 days of delivery to track the mother’s health and facilitate care, counseling for the initiation of breastfeeding within one hour of delivery and its continuance for 3-6 months, and promotion of family planning. Newb",pending,,,,
q_0062,entity_relation,How are Janani Suraksha Yojana (JSY) and Pradhan Mantri Surakshit Matritva Abhiyan related through district hospitals?,chunk_15c479e6,"{""entity_graph"": {""rank"": 3, ""score"": 0.5}}",,"health check-up of all children registered in the crèche should be done at least once per quarter by registered medical practitioner/doctors from Government Hospitals. The centre must at all times be equipped with basic First Aid & Medicine Kit containing paediatric medicines for common ailments like fever, body ache, vomiting, cough and cold, diarrhoea, ear-ache, eye infection, stomach ache, worm infestation etc. and band-aids/ bandages, cotton wool and disinfectants for minor injuries. ORS packets, scissors, thermometer and antiseptic ointment should also be part of the medicine kit. The crèche timings need to be flexible depending on the local requirements. Crèches shall be open for 26 da",pending,,,,
q_0062,entity_relation,How are Janani Suraksha Yojana (JSY) and Pradhan Mantri Surakshit Matritva Abhiyan related through district hospitals?,chunk_6e01dd8c,"{""faiss"": {""rank"": 1, ""score"": 0.5609335429526731}}",,"Scheme: Janani Suraksha Yojana (JSY) Ministry: Ministry Of Health & Family Welfare Department: Department of Health and Family Welfare Level: Central Scheme type: Centrally Sponsored Scheme Target beneficiaries: Individual Overview The scheme aims to reduce maternal and neonatal mortality by promoting institutional deliveries among poor pregnant women. It offers cash assistance for institutional and home deliveries, along with antenatal and postnatal care support, primarily benefiting poor pregnant women across India. Detailed description The scheme ""Janani Suraksha Yojana"" was launched in 12th April 2025 by the Ministry of Health and Family Welfare, Government of India. The scheme aims to r",pending,,,,
q_0062,entity_relation,How are Janani Suraksha Yojana (JSY) and Pradhan Mantri Surakshit Matritva Abhiyan related through district hospitals?,chunk_8ce14990,"{""bm25"": {""rank"": 1, ""score"": 47.13798081348527}, ""faiss"": {""rank"": 2, ""score"": 0.5494194770413927}}",,"Scheme: Pradhan Mantri Surakshit Matritva Abhiyan Ministry: Ministry Of Health & Family Welfare Department: Department of Health and Family Welfare Level: Central Scheme type: Centrally Sponsored Scheme Target beneficiaries: Individual Overview The scheme aims to provide fixed-day assured, comprehensive and quality antenatal care universally to all pregnant women in 2nd and 3rd trimester on the 9th of every month. It offers free comprehensive antenatal care services at government health facilities. Detailed description The scheme ""Pradhan Mantri Surakshit Matritva Abhiyan"" was launched on 9th June 2016 by the Ministry of Health & Family Welfare, Government of India, aims to provide fixed-day",pending,,,,
q_0062,entity_relation,How are Janani Suraksha Yojana (JSY) and Pradhan Mantri Surakshit Matritva Abhiyan related through district hospitals?,chunk_ce79bd34,"{""bm25"": {""rank"": 3, ""score"": 34.23524858019953}}",,"AT CENTER, STATE AND DISTRICT LEVEL . 38 3.3 FUNDING PATTERN .......................................................................................................... 40 3.4 BUDGETARY PROVISION ................................................................................................ 40 3.5 FUND FLOW ....................................................................................................................... 41 3.6 APPROVAL OF THE PROPOSAL ..................................................................................... 41 3.7 TRAINING & CAPACITY-BUILDING .............................................................................. 42 MONITORING, FEEDBACK AND REPORTING ",pending,,,,
q_0062,entity_relation,How are Janani Suraksha Yojana (JSY) and Pradhan Mantri Surakshit Matritva Abhiyan related through district hospitals?,chunk_e5b0ba7b,"{""bm25"": {""rank"": 2, ""score"": 38.97835590836134}}",,"Scheme: Surakshit Matritva Aashwasan Yojana Ministry: Ministry Of Health & Family Welfare Department: Department of Health and Family Welfare Level: Central Scheme type: Central Sector Scheme Target beneficiaries: Individual Overview The scheme aims to provide assured, dignified, and completely free healthcare services to all pregnant women, mothers, and newborns at public health facilities. Detailed description Surakshit Matritva Aashwasan Yojana (SUMAN) is a maternity benefit initiative launched by the Ministry of Health and Family Welfare. The scheme aims to provide affordable, high-quality healthcare solutions to pregnant women and newborns. Under this scheme, ensuring assured, dignified",pending,,,,
q_0062,entity_relation,How are Janani Suraksha Yojana (JSY) and Pradhan Mantri Surakshit Matritva Abhiyan related through district hospitals?,chunk_f960c08a,"{""faiss"": {""rank"": 3, ""score"": 0.5467004104354989}}",,"card. This card is issued in duplicate, with one copy provided to the mother and the other retained by the link worker, forming an essential part of the Janani Suraksha Yojana registration. Step 3: Antenatal Care Information and Planning The designated link worker will inform the applicant about the schedule for at least three antenatal care check-ups and the required Tetanus Toxoid injections, ensuring these services are provided. Furthermore, they will clearly identify and communicate the health center for all necessary referrals and the predetermined place of delivery, along with the expected date of delivery. The Accredited Social Health Activist is responsible for following up on antena",pending,,,,
q_0063,entity_relation,How are Coconut Palm Insurance Scheme and Integrated Scheme on Agriculture Cooperation related through ministry of agriculture and farmers welfare?,chunk_02155a58,"{""entity_graph"": {""rank"": 1, ""score"": 0.5}}",,"share to this Escrow account as per the cost sharing ratio between the Centre and State/UT. The fund available in the dedicated Escrow account are meant for transfer to the beneficiaries under the scheme. In no case, the funds from this account should be diverted for any other purpose. The funds from this account shall be transferred to the beneficiaries through PFMS in DBT mode. II. To meet the administrative and other expenditures the funds shall also be transferred by MWCD to the States/UTs as per schematic norms through PFMS in the State/ UT treasury. The State/UT after crediting their respective shares shall make it available to the Department for smooth implementation of the scheme. II",pending,,,,
q_0063,entity_relation,How are Coconut Palm Insurance Scheme and Integrated Scheme on Agriculture Cooperation related through ministry of agriculture and farmers welfare?,chunk_030a851f,"{""entity_graph"": {""rank"": 2, ""score"": 0.5}}",,"in view the scope of insurance coverage: Loss by Theft, War, Invasion, Civil War. Rebellion, Revolution, Insurrection, Mutiny, Lockout, Malicious Damage, Conspiracy, Military/Usurped Power, Civil Commotion, Confiscation, Requisition/Destruction/damage by order of any Government de-jure/de-facto/by any public/municipal/local authority, including damage due to power transmission. Nuclear reaction, nuclear radiation or radioactive contamination. Impact damage due to aircraft or other falling objects Wilful negligence of the insured and anyone acting on his behalf. Damage caused by human, bird or any animal action. Improper maintenance of palms. Palm becoming unhealthy & senile. Natural morality",pending,,,,
q_0063,entity_relation,How are Coconut Palm Insurance Scheme and Integrated Scheme on Agriculture Cooperation related through ministry of agriculture and farmers welfare?,chunk_0406f424,"{""entity_graph"": {""rank"": 3, ""score"": 0.5}}",,"applicant should not exceed ₹4,50,000/- per annum from all sources. The applicant should have passed Class 12th or equivalent in the preceding year of study for applications called for the present year. The applicant should have secured admission in the first year of any degree course, either a general degree course of The scholarship shall only be provided for general degree courses, and technical and professional courses, including medical and paramedical courses, as certified by the Registrar/ Principal/ Director of University/ College/ Institute in any of the following universities/colleges/institutes: Universities/Institutions/Colleges included under Section 2(f) and 12 (B) of the UGC A",pending,,,,
q_0063,entity_relation,How are Coconut Palm Insurance Scheme and Integrated Scheme on Agriculture Cooperation related through ministry of agriculture and farmers welfare?,chunk_1ec7678d,"{""bm25"": {""rank"": 1, ""score"": 56.841874947612155}, ""faiss"": {""rank"": 1, ""score"": 0.7175451845134897}}",1,"Scheme: Coconut Palm Insurance Scheme Ministry: Ministry Of Agriculture and Farmers Welfare Department: Department of Agriculture & Farmers Welfare Implementing agency: Coconut Development Board Level: Central Scheme type: Centrally Sponsored Scheme Target beneficiaries: Individual Overview The “Coconut Palm Insurance Scheme (CPIS)” is being implemented by the Coconut Development Board, Ministry of Agriculture and Farmers Welfare, Government of India with the objective of insuring coconut palms against natural calamities, climatic risks, pests, diseases, and other perils. Detailed description The “Coconut Palm Insurance Scheme (CPIS)” is being implemented by the Coconut Development Board, Mi",pending,,,,
q_0063,entity_relation,How are Coconut Palm Insurance Scheme and Integrated Scheme on Agriculture Cooperation related through ministry of agriculture and farmers welfare?,chunk_62706c73,"{""bm25"": {""rank"": 2, ""score"": 52.82117654394435}}",,"(fifteen) days from the occurrence of peril, with all relevant details. The claims may also be intimated through concerned State Government Call Centers until the Implementing Agency (i.e. insurance company) sees up its own call centre. Loss assessment certification is required to be furnished by the Coconut Development Board (CDB)/Agriculture/Horticulture Department/State Agriculture University (SAU), as authorized by the insurance company for each district, justifying cause for loss of palm, within 15 days from the intimation of loss. The insurance company, at its discretion may send its representative to assess loss jointly with the agency designated to certify loss. The insurance company",pending,,,,
q_0063,entity_relation,How are Coconut Palm Insurance Scheme and Integrated Scheme on Agriculture Cooperation related through ministry of agriculture and farmers welfare?,chunk_c14af121,"{""faiss"": {""rank"": 3, ""score"": 0.6163378226924311}}",,"Hybrids are eligible for coverage. Unhealthy and senile palms will be excluded. Question: How is the age range determined for coverage? Answer: For Dwarf and Hybrid varieties, coverage begins from the 4th year of planting, while Tall variety coconut palms are eligible for coverage from the 7th year onwards, up to the age of 60 years. Question: Which areas and states are covered under the scheme? Answer: • This insurance scheme will be implemented in the selected districts of all the States/UTs, growing coconut palms. • All bearing and healthy palms will be insured, in a contiguous area, by farmer/grower and every effort will be made by CDB, to get all bearing and healthy palms insured, in cl",pending,,,,
q_0063,entity_relation,How are Coconut Palm Insurance Scheme and Integrated Scheme on Agriculture Cooperation related through ministry of agriculture and farmers welfare?,chunk_ca407899,"{""bm25"": {""rank"": 3, ""score"": 52.30149778056055}, ""faiss"": {""rank"": 2, ""score"": 0.6358577461613667}}",,"Scheme: Kera Suraksha Insurance Scheme Ministry: Ministry Of Agriculture and Farmers Welfare Department: Department of Agriculture & Farmers Welfare Implementing agency: Coconut Development Board Level: Central Scheme type: Central Sector Scheme Target beneficiaries: Individual Overview The ‘Kera Suraksha Insurance Scheme’ is a comprehensive Group Personal Accident Insurance Scheme, implemented by Coconut Development Board in association with Public Insurance companies for Coconut Tree Climbers/Neera Technicians/Coconut Harvesters. Detailed description The ""Kera Suraksha Insurance Scheme,"" under the Ministry of Agriculture and Farmers Welfare and implemented by the Coconut Development Board,",pending,,,,
q_0064,entity_relation,How are ICAR Senior Research Fellowship For Post-Graduate Studies In Agricultural Sciences and Indian Agricultural Research Institute - Scholarship related through department of agriculture research and education?,chunk_005a2521,"{""bm25"": {""rank"": 3, ""score"": 63.918104332408944}}",,Scheme: IVRI Institute Scholarship For M.V.Sc. And Ph.D. Ministry: Ministry Of Agriculture and Farmers Welfare Department: Department of Agriculture Research and Education Implementing agency: Indian Council Of Agricultural Research (ICAR) Level: Central Scheme type: Centrally Sponsored Scheme Target beneficiaries: All Overview The Indian Veterinary Research Institute will award scholarships to MVSc and PhD students who need financial assistance.his provision will be utilized to assist as many students as possible who have good academic record and who are making diligent efforts to pursue higher education. Detailed description IVRI Institute Scholarship for M.V.Sc. and Ph.D. – The Indian Cou,pending,,,,
q_0064,entity_relation,How are ICAR Senior Research Fellowship For Post-Graduate Studies In Agricultural Sciences and Indian Agricultural Research Institute - Scholarship related through department of agriculture research and education?,chunk_00d0910a,"{""entity_graph"": {""rank"": 1, ""score"": 0.5}}",,"Rotavirus vaccine in national immunization programmes4 Universal Subnational None Operational Guidelines Figure 5: Impact of Rotavirus vaccine introduction on all cause diarrhea mortality rates among children <5 years in Mexico and Brazil7,8 3.2 Impact of Rotavirus vaccines in Public Health Programme Globally, marked declines have been observed in hospitalizations and deaths due to Rotavirus in countries that have introduced Rotavirus vaccines under national immunization programmes, including Australia, Austria, Bolivia, Brazil, El Salvador, Mexico, Brazil, Nicaragua, and the United States. 3.3 Currently Licensed Rotavirus Vaccines There are four Rotavirus Vaccines available in Indian market",pending,,,,
q_0064,entity_relation,How are ICAR Senior Research Fellowship For Post-Graduate Studies In Agricultural Sciences and Indian Agricultural Research Institute - Scholarship related through department of agriculture research and education?,chunk_0182da0e,"{""entity_graph"": {""rank"": 2, ""score"": 0.5}}",,"vacation, the trimester breaks and such other leave as may be sanctioned under the rules) upto the date of final viva-voce (i.e. till they are on the rolls), subject to the condition that the maximum period of scholarship prescribed shall in no case be extended and provided he/she continues to reside in the Post Graduate Hostel and marks his/her attendance in the concerned division. Benefits The value of the M.Sc. and Ph.D. scholarship will be ₹ 7,560/- and ₹ 10,500/- per month, respectively. The scholarship shall be drawn in the extension period also where such extension beyond two/three years, respectively, has been granted. The scholarship will be inclusive of all fees and other charges o",pending,,,,
q_0064,entity_relation,How are ICAR Senior Research Fellowship For Post-Graduate Studies In Agricultural Sciences and Indian Agricultural Research Institute - Scholarship related through department of agriculture research and education?,chunk_0192a18e,"{""entity_graph"": {""rank"": 3, ""score"": 0.5}}",,"on the immunization card and RCH register. Step 6 Return the unopened and opened Rotavirus vaccine vials after the immunization session to the cold chain point as per guidelines. Table 5: Key instructions for health workers while administering the Rotavirus vaccine 6.2 Reporting and recording of Rotavirus vaccine All recording and reporting formats with inclusion of Rotavirus vaccine should be printed well in time before introduction of the vaccine. These formats should be distributed before introduction and ensure that during health workers’ training, an exercise for filling the MCP card and other formats should be conducted. Inclusion of Rotavirus vaccine will be required in vaccine stock ",pending,,,,
q_0064,entity_relation,How are ICAR Senior Research Fellowship For Post-Graduate Studies In Agricultural Sciences and Indian Agricultural Research Institute - Scholarship related through department of agriculture research and education?,chunk_4f60c46f,"{""bm25"": {""rank"": 2, ""score"": 73.13571640866247}, ""faiss"": {""rank"": 1, ""score"": 0.7329412277125193}}",,"Scheme: ICAR Junior Research Fellowship For Post-Graduate Studies In Agricultural Sciences Ministry: Ministry Of Agriculture and Farmers Welfare Department: Department of Agriculture Research and Education Implementing agency: Indian Council Of Agricultural Research Level: Central Scheme type: Central Sector Scheme Target beneficiaries: Individual Overview ICAR awards a certain number of Junior Research Fellowships for Postgraduate Studies (course and research work) leading to a Master’s degree, in different disciplines of agriculture and allied sciences. This is done to encourage talented students to undertake higher agricultural education. Detailed description ICAR awards a certain number ",pending,,,,
q_0064,entity_relation,How are ICAR Senior Research Fellowship For Post-Graduate Studies In Agricultural Sciences and Indian Agricultural Research Institute - Scholarship related through department of agriculture research and education?,chunk_6e1f8940,"{""faiss"": {""rank"": 2, ""score"": 0.6904548916465437}}",,"Scheme: ICAR Emeritus Scientist Scheme Ministry: Ministry Of Agriculture and Farmers Welfare Department: Department of Agriculture Research and Education Implementing agency: Indian Council Of Agricultural Research Level: Central Scheme type: Centrally Sponsored Scheme Target beneficiaries: Individual Overview The scheme aims to utilize the expertise of outstanding superannuated scientists of the National Agricultural Research System by supporting nationally important research, teaching, human resource development, and extension activities through honorarium and research grants. Detailed description The ""ICAR Emeritus Scientist"" scheme is implemented by the Indian Council of Agricultural Res",pending,,,,
q_0064,entity_relation,How are ICAR Senior Research Fellowship For Post-Graduate Studies In Agricultural Sciences and Indian Agricultural Research Institute - Scholarship related through department of agriculture research and education?,chunk_bb712328,"{""bm25"": {""rank"": 1, ""score"": 76.96200665564683}, ""faiss"": {""rank"": 3, ""score"": 0.6765573886842122}}",1,"Scheme: ICAR Senior Research Fellowship For Post-Graduate Studies In Agricultural Sciences Ministry: Ministry Of Agriculture and Farmers Welfare Department: Department of Agriculture Research and Education Implementing agency: Indian Council Of Agricultural Research Level: Central Scheme type: Central Sector Scheme Target beneficiaries: Individual Overview ICAR awards a certain number of Senior Research Fellowships for Ph.D. in an Agricultural University (AU), in different disciplines of agriculture and allied sciences. This is done to encourage talented students to undertake higher agricultural education. Detailed description In order to address the emerging challenges of agricultural resea",pending,,,,
q_0065,entity_relation,How are Atal Pension Yojana and Pradhan Mantri Jan Dhan Yojana related through ministry of finance?,chunk_060211a3,"{""bm25"": {""rank"": 2, ""score"": 34.68939650113378}, ""entity_graph"": {""rank"": 1, ""score"": 0.5}}",,"nominee details. Step 4: A self-certification process for the eligibility conditions will be completed by the applicant. Following this, the system will automatically calculate the monthly contribution amount payable according to the age of the beneficiary. Application and Payment Process Step 5: The enrolled beneficiary will pay the first subscription amount in cash directly to the VLE. This initial contribution payment activates the subscription to the pension scheme. Step 6: An enrollment cum auto-debit mandate form will be generated and printed by the system. This mandate form must be signed by the beneficiary, after which the VLE will scan the document and upload it securely into the sy",pending,,,,
q_0065,entity_relation,How are Atal Pension Yojana and Pradhan Mantri Jan Dhan Yojana related through ministry of finance?,chunk_15c479e6,"{""entity_graph"": {""rank"": 2, ""score"": 0.5}}",,"health check-up of all children registered in the crèche should be done at least once per quarter by registered medical practitioner/doctors from Government Hospitals. The centre must at all times be equipped with basic First Aid & Medicine Kit containing paediatric medicines for common ailments like fever, body ache, vomiting, cough and cold, diarrhoea, ear-ache, eye infection, stomach ache, worm infestation etc. and band-aids/ bandages, cotton wool and disinfectants for minor injuries. ORS packets, scissors, thermometer and antiseptic ointment should also be part of the medicine kit. The crèche timings need to be flexible depending on the local requirements. Crèches shall be open for 26 da",pending,,,,
q_0065,entity_relation,How are Atal Pension Yojana and Pradhan Mantri Jan Dhan Yojana related through ministry of finance?,chunk_30cc5c3e,"{""entity_graph"": {""rank"": 3, ""score"": 0.5}}",,"to supplement the efforts made by the Central as well as State Governments in bridging the deficit in socio-economic conditions of the Scheduled Castes with the other communities, the Government of India, in 1980, started a Centrally Sponsored scheme “Special Central Assistance to Scheduled Castes Sub Plan (SCA to SCSP) as an additive to the State’s Scheduled Castes Sub Plan. d. Prior to this, in order to enable and encourage students belonging to the Scheduled Castes(SCs) to attain quality education, Scheme for Construction of Hostels for SC Girls started implementation from Third Five Year Plan(1961-66), and Scheme for SC boys, was started with effect from the year 1989-90. The scheme for ",pending,,,,
q_0065,entity_relation,How are Atal Pension Yojana and Pradhan Mantri Jan Dhan Yojana related through ministry of finance?,chunk_936ee7c4,"{""bm25"": {""rank"": 3, ""score"": 33.96725713506476}}",,"self-owned business and want to secure my future early; what is the specific minimum age requirement that I must meet to initiate my monthly contributions? Answer: You must be at least 18 years of age at the time of entry to begin your voluntary contributions. Question: When determining my eligibility based on the business revenue generated over the year, how exactly will the government verify my financial limits, and do I need to submit extensive audit reports? Answer: Your annual turnover limit is verified purely based on your self-declaration, so extensive audit reports are not required during the application process. Question: Because my annual earnings have crossed the taxable threshold",pending,,,,
q_0065,entity_relation,How are Atal Pension Yojana and Pradhan Mantri Jan Dhan Yojana related through ministry of finance?,chunk_b59233b2,"{""faiss"": {""rank"": 2, ""score"": 0.5596875931264697}}",1,"Scheme: Atal Pension Yojana Ministry: Ministry Of Finance Department: Department of Financial Service Implementing agency: Banks Level: Central Scheme type: Central Sector Scheme Target beneficiaries: Individual Overview Atal Pension Yojana (APY) is an old age income security scheme for a savings account holder in the age group of 18-40 years, who is not an income tax-payee. It helps to address longevity risks among workers in unorganized sector and encourages the workers to voluntarily save for retirement. Detailed description Atal Pension Yojana (APY) is an old age income security scheme for a savings account holder in the age group of 18-40 years who is not an income tax-payee. The scheme",pending,,,,
q_0065,entity_relation,How are Atal Pension Yojana and Pradhan Mantri Jan Dhan Yojana related through ministry of finance?,chunk_c60d9085,"{""faiss"": {""rank"": 1, ""score"": 0.5910961428029308}}",,"Scheme: Pradhan Mantri Shram Yogi Maan-dhan Ministry: Ministry Of Labour and Employment Level: Central Scheme type: Central Sector Scheme Target beneficiaries: Individual Overview The scheme aims to ensure old age protection for unorganised workers. It provides a minimum assured pension of ₹3,000/- per month and family pension benefits to unorganised workers aged 18 to 40 years who earn less than ₹15,000/- monthly, supported by matching government contributions. Detailed description The scheme ""Pradhan Mantri Shram Yogi Maan-dhan"" was launched by the Ministry of Labour and Employment, Government of India, and the scheme aims to ensure old age protection for unorganised workers. The scheme pr",pending,,,,
q_0065,entity_relation,How are Atal Pension Yojana and Pradhan Mantri Jan Dhan Yojana related through ministry of finance?,chunk_f65b5ba7,"{""bm25"": {""rank"": 1, ""score"": 43.85362172227052}, ""faiss"": {""rank"": 3, ""score"": 0.5519791192248032}}",1,"Scheme: Pradhan Mantri Jan Dhan Yojana Ministry: Ministry Of Finance Department: Department of Financial Service Implementing agency: Banks Level: Central Scheme type: Central Sector Scheme Target beneficiaries: Individual Overview A National Mission for Financial Inclusion (NMFI), namely, Pradhan Mantri Jan Dhan Yojana (PMJDY) was launched by the Prime Minister across the country on 28th August, 2014. It envisages to provide universal banking services for every unbanked adult in the country. Detailed description A National Mission for Financial Inclusion (NMFI), namely, Pradhan Mantri Jan Dhan Yojana (PMJDY) was launched across the Country in August, 2014 by the Prime Minister with the idea",pending,,,,
q_0066,entity_relation,How are Mission on Integrated Development of Horticulture- NHM and HMNEH and National Agriculture Insurance Scheme related through department of agriculture farmers welfare?,chunk_1a751e4d,"{""entity_graph"": {""rank"": 1, ""score"": 0.5}}",,"are provided at the same time (OPV/Pentavalent/RVV) differ widely from each other for the same period.  If there is any mismatch between the reported number of vaccine doses and logistics consumed, the vaccinators, medical officer, store in-charge and supervising authorities concerned must be consulted to determine the reason for the variation or mismatch. 10.4 Monitoring the cold chain  Rotavirus vaccine should be stored between +20C and +80C at all levels. Therefore, the temperature of the ILR/WIC should be monitored to ensure maintenance of cold chain. 10.5 Monitoring immunization safety  Rotavirus vaccine is a safe and effective vaccine; however, as with any new vaccine added to th",pending,,,,
q_0066,entity_relation,How are Mission on Integrated Development of Horticulture- NHM and HMNEH and National Agriculture Insurance Scheme related through department of agriculture farmers welfare?,chunk_2a87e745,"{""entity_graph"": {""rank"": 2, ""score"": 0.5}}",,"plans. 7.1.5 Indenting and delivery of vaccine and logistics  Ensure availability of required quantities of Rotavirus vaccine, diluents, 6 ml oral syringes, adapters and other logistics before the introduction of the vaccine. Official communications from the state should include the following key messages and the same should be reiterated at regular intervals. Introduction of Rotavirus Vaccine in the Universal Immunization Programme Sl No. Participants Facilitators Timeline 1a. State ToT day 1 Medical Officers DIO and 2 MOs per district (3 persons per district). SIO, state CCO and other state officials including state programme manager (NHM), state IEC consultant, state ASHA coordinator, s",pending,,,,
q_0066,entity_relation,How are Mission on Integrated Development of Horticulture- NHM and HMNEH and National Agriculture Insurance Scheme related through department of agriculture farmers welfare?,chunk_2d20b8f5,"{""bm25"": {""rank"": 3, ""score"": 46.81299949443975}, ""faiss"": {""rank"": 2, ""score"": 0.5711789346392055}}",,"Scheme: National Mission on Natural Farming Ministry: Ministry Of Agriculture and Farmers Welfare Department: Department of Agriculture & Farmers Welfare Implementing agency: INM / State Government Department Level: Central Scheme type: Centrally Sponsored Scheme Target beneficiaries: Individual, University / Institution Overview The scheme aims to promote natural farming practices through capacity building, training, certification, and financial assistance for on-farm input production infrastructure, thereby reducing cultivation costs and increasing farmers' income. Detailed description The National Mission on Natural Farming (NMNF) is a Centrally Sponsored Scheme implemented by the Departm",pending,,,,
q_0066,entity_relation,How are Mission on Integrated Development of Horticulture- NHM and HMNEH and National Agriculture Insurance Scheme related through department of agriculture farmers welfare?,chunk_2fd0edfd,"{""entity_graph"": {""rank"": 3, ""score"": 0.5}}",,"district and block levels. These include training of identified block/ urban planning unit MOs, cold chain handlers, data handlers, health workers and supervisors (ANMs, LHVs) and community mobilizers (ASHAs, AWWs and link workers).  The staffs posted in big government hospitals and even medical colleges must be included.  Details are given in Table 7. Operational Guidelines 7.2.7 Dissemination of guidelines/ formats/IEC material  Disseminate relevant guidelines and training material to the participants in the workshops.  Ensure that the district has an adequate number of printed IEC materials.  Ensure that all the updated reporting and recording tools such as MCP cards, registers,",pending,,,,
q_0066,entity_relation,How are Mission on Integrated Development of Horticulture- NHM and HMNEH and National Agriculture Insurance Scheme related through department of agriculture farmers welfare?,chunk_3a805dd7,"{""bm25"": {""rank"": 1, ""score"": 63.29943562972194}, ""faiss"": {""rank"": 1, ""score"": 0.6543444369855348}}",1,"Scheme: Mission on Integrated Development of Horticulture- NHM and HMNEH Ministry: Ministry Of Agriculture and Farmers Welfare Department: Department of Agriculture & Farmers Welfare Implementing agency: State/UT Horticulture Department Level: Central Scheme type: Centrally Sponsored Scheme Target beneficiaries: Individual, Government Organisation, State Government, Registered Societies, Business Entity Overview The scheme aims to promote the holistic growth of the horticulture sector through production enhancement, productivity improvement, post-harvest management, processing, marketing support, skill development, and infrastructure creation for horticulture crops while augmenting farmers’ ",pending,,,,
q_0066,entity_relation,How are Mission on Integrated Development of Horticulture- NHM and HMNEH and National Agriculture Insurance Scheme related through department of agriculture farmers welfare?,chunk_6e7f3a05,"{""faiss"": {""rank"": 3, ""score"": 0.5665537412208854}}",,"Scheme: National Food Security Mission NFSM Ministry: Ministry Of Agriculture and Farmers Welfare Implementing agency: State / UT Government Level: Central Scheme type: Centrally Sponsored Scheme Target beneficiaries: Individual Overview National Food Security Mission was launched in 2007-08 to increase the production of rice, wheat and pulses. Later, coarse cereals, nutri cereals, commercial crops (sugarcane, jute, and cotton) were also added to the mission. Detailed description The core objective of the Mission is to bridge the yield gap in respect of these crops through dissemination of improved technologies and farm management practices. Under the programme, various incentives like produ",pending,,,,
q_0066,entity_relation,How are Mission on Integrated Development of Horticulture- NHM and HMNEH and National Agriculture Insurance Scheme related through department of agriculture farmers welfare?,chunk_b813bec0,"{""bm25"": {""rank"": 2, ""score"": 48.798865975601295}}",,"Development: Training for farmers, entrepreneurs, gardeners, supervisors, field workers, and officials. Residential training programmes and skill development initiatives. Pollination Support Through Bee-Keeping: Assistance for bee colonies, bee breeding, bee-keeping equipment, and nucleus stock development. Horticulture Mechanization: Assistance for procurement of power-operated machines and tools. Support for farmer groups, Self-Help Groups, and women farmer groups. Technology Demonstrations: Assistance up to 75% of the cost for farmer participatory demonstrations. Front Line Demonstrations in public institutions eligible for up to 100% assistance, subject to a maximum of ₹25,00,000/- per p",pending,,,,
q_0067,entity_relation,How are Indira Gandhi National Disability Pension Scheme and Mission Shakti related through primary health centre?,chunk_00c17e5e,"{""entity_graph"": {""rank"": 1, ""score"": 0.5}}",,"to raise awareness in the community. It should be clear, attractive, and easy to read, with focused messages and adequate information preferably in the local language. 8.2.2 The launch event  Check event venue prior to the event and ensure that the equipment is in working order.  Ensure orderly and timely conduct of the event.  Ensure folders with materials are available for all participants.  Ensure release of IEC materials for the Rotavirus vaccine launch.  Prepare press release based on the draft provided for print and online versions. 8.3 Advocacy Advocacy is a well-defined process based on demonstrated evidence to influence decision makers, stakeholders and audiences to suppor",pending,,,,
q_0067,entity_relation,How are Indira Gandhi National Disability Pension Scheme and Mission Shakti related through primary health centre?,chunk_0960663e,"{""entity_graph"": {""rank"": 2, ""score"": 0.5}}",,"Scheme: Coaching Schemes For Sc/st/obc (non-creamy Layer) & Minority Students For Universities Ministry: Ministry Of Minority Affairs Level: Central Target beneficiaries: Individual Overview Coaching schemes for students belonging to SC (Scheduled Caste), ST (Scheduled Tribe), OBC (Other Backward Classes) (non-creamy layer), and minority communities are implemented to provide them with equal opportunities and support in pursuing higher education. Detailed description Coaching schemes for students belonging to SC (Scheduled Caste), ST (Scheduled Tribe), OBC (Other Backward Classes) (non-creamy layer), and minority communities are implemented to provide them with equal opportunities and suppor",pending,,,,
q_0067,entity_relation,How are Indira Gandhi National Disability Pension Scheme and Mission Shakti related through primary health centre?,chunk_0aa09b91,"{""entity_graph"": {""rank"": 3, ""score"": 0.5}}",,"Scheme: Ambedkar Social Innovation and Incubation Mission (ASIIM) Ministry: Ministry Of Social Justice and Empowerment Department: Department of Social Justice & Empowerment Level: Central Scheme type: Central Sector Scheme Overview The scheme aims to boost entrepreneurship and innovation among SC students and SC differently-abled youth by providing focused support to translate innovative, technology-oriented business ideas into successful commercial enterprises. It offers equity funding and hand-holding support. Detailed description The scheme ""Ambedkar Social Innovation and Incubation Mission"" was launched on 30th September 2020, by the Department of Social Justice and Empowerment, Ministr",pending,,,,
q_0067,entity_relation,How are Indira Gandhi National Disability Pension Scheme and Mission Shakti related through primary health centre?,chunk_7a28695d,"{""bm25"": {""rank"": 2, ""score"": 33.649699689877586}}",1,"to by Gram Sabha / Ward Sabhas, Gram Panchayats / Municipalities the Verification Officer directly submits his recommendations to the Sanctioning Authority under intimation to the Gram Panchayat / Municipality. After receipt of applications which are verified and recommended by the Gram Sabha / Ward Committee / Area Sabha, the Sanctioning Authority convey approval to the applicant in the form of a Sanction Order with a copy to Gram Panchayat / Municipality concerned. The Sanctioning Authority issues Sanction Order under his seal Every beneficiary who has been sanctioned pension under schemes of NSAP are issued a Pension Passbook. The Passbook contain details of the Sanction Order, particular",pending,,,,
q_0067,entity_relation,How are Indira Gandhi National Disability Pension Scheme and Mission Shakti related through primary health centre?,chunk_aec33096,"{""faiss"": {""rank"": 3, ""score"": 0.5591770294620207}}",,"Scheme: Labour Welfare Scheme (Health) Ministry: Ministry Of Labour and Employment Level: Central Scheme type: Central Sector Scheme Target beneficiaries: Individual Overview The scheme aims to provide comprehensive health care and financial assistance for medical treatments. It offers hospital services, medical reimbursements, and subsistence allowances for beedi, cine, and non-coal mine workers and their dependants. Detailed description The scheme ""Labour Welfare Scheme (Health)"" was launched by the Ministry of Labour and Employment, Government of India. The scheme aims to provide comprehensive health care facilities and medical financial assistance to unorganised sector workers. The schem",pending,,,,
q_0067,entity_relation,How are Indira Gandhi National Disability Pension Scheme and Mission Shakti related through primary health centre?,chunk_c98d9530,"{""bm25"": {""rank"": 3, ""score"": 32.11314185664036}}",,"Scheme: NSAP - Indira Gandhi National Old Age Pension Scheme Ministry: Ministry Of Rural Development Department: Department of Rural Development Level: Central Scheme type: Centrally Sponsored Scheme Target beneficiaries: Individual Overview ""Indira Gandhi National Old Age Pension Scheme"" is one of the five sub-schemes of the National Social Assistance Programme. Under IGNOAPS, citizens living Below Poverty Line and 60 years or above in age are eligible to apply. A monthly pension of ₹ 200 up to 79 years and ₹ 500 thereafter. Detailed description The ""Indira Gandhi National Old Age Pension Scheme (IGNOAPS)"" is one of the five sub-schemes of the National Social Assistance Programme, Ministry ",pending,,,,
q_0067,entity_relation,How are Indira Gandhi National Disability Pension Scheme and Mission Shakti related through primary health centre?,chunk_db96f02b,"{""faiss"": {""rank"": 1, ""score"": 0.6189181021456633}}",,"Scheme: Indira Gandhi National Disability Pension Scheme Ministry: Ministry Of Rural Development Department: Department of Rural Development Level: Central Scheme type: Central Sector Scheme Target beneficiaries: Individual Overview The scheme aims to provide social security pensions to divyangjans aged 18 and above who belong to a poor family (BPL) in society. Detailed description The ""Indira Gandhi National Disability Scheme"" was launched in February 2009 by the Ministry of Rural Development, headed by the central government, to support disabled people in our country. This scheme, introduced under the National Social Assistance Program provides a monthly pension to disabled people for the ",pending,,,,
q_0067,entity_relation,How are Indira Gandhi National Disability Pension Scheme and Mission Shakti related through primary health centre?,chunk_eabef128,"{""faiss"": {""rank"": 2, ""score"": 0.5746873634120309}}",,"Scheme: Indira Gandhi National Widow Pension Scheme Ministry: Ministry Of Rural Development Department: Department of Rural Development Implementing agency: State/UT Government Level: Central Scheme type: Central Sector Scheme Target beneficiaries: Individual Overview A non-contributory pension scheme to provide social security to widows of poor family (BPL) of the society. Detailed description Indira Gandhi National Widow Pension Scheme (IGNWPS) is implemented by Ministry of Rural Development, Government of India. It is a non-contributory pension scheme to provide social security to widows of poor family (BPL) of the society. Benefits A pension of ₹ 300/- per month is provided to Widows bet",pending,,,,
q_0067,entity_relation,How are Indira Gandhi National Disability Pension Scheme and Mission Shakti related through primary health centre?,chunk_f5cbeb2b,"{""bm25"": {""rank"": 1, ""score"": 34.15372443877861}}",,"Government of India are implementing a number of schemes which target a variety of beneficiaries. In most of such schemes, special emphasis is given to cover the weaker sections of the society and other disadvantaged groups. The Expert Committee is of the view that these schemes could be effectively utilized for providing benefits to such transgender persons who are eligible under those schemes. Some of such schemes/programmes are mentioned below (this list is not exhaustive): Mahatma Gandhi National Rural Employment Guarantee Act (MGNREGA) 2. The Mahatma Gandhi National Rural Employment Guarantee Act (MGNREGA) was a major initiative of the 11thFive Year Plan period. This aims at enhancing t",pending,,,,
q_0068,entity_relation,How are Mahatma Gandhi National Rural Employment Guarantee Act and National Family Benefit Scheme related through ministry of rural development?,chunk_0e5de080,"{""faiss"": {""rank"": 3, ""score"": 0.5756594934042082}}",,"Scheme: PM Janjati Adivasi Nyaya Maha Abhiyan (PM JANMAN) Ministry: Ministry Of Tribal Affairs Level: Central Scheme type: Central Sector Scheme Target beneficiaries: Individual, Family Overview The scheme aims to improve the socio-economic status of PVTGs by saturating families and habitations with basic facilities and services. It provides 11 critical infrastructure and welfare interventions, including housing, water, electricity, and connectivity. Detailed description The scheme “PM- Janjati Adivasi Nyaya Maha Abhiyan (PM JANMAN)” was launched by the Ministry of Tribal Affairs, Government of India, aims to improve the socio-economic status of Particularly Vulnerable Tribal Groups (PVTGs) ",pending,,,,
q_0068,entity_relation,How are Mahatma Gandhi National Rural Employment Guarantee Act and National Family Benefit Scheme related through ministry of rural development?,chunk_389c9415,"{""entity_graph"": {""rank"": 1, ""score"": 0.5}}",,"the details of wage payments like work ID, wage rate, number of days worked, amount earned by the worker during the week, number of mandays completed per HH and number of mandays of employment due to the households concerned etc. The format of the Wage Slip can be found in Annexure-15 of the scheme guidelines. Question: How Are The Payments Of Wages Made To The Wage Seekers? Answer: The payment of wages shall, unless so exempted by the Central Government, be made through the individual savings accounts of the workers in the relevant banks or post offices. Question: Is There Any Authentic Document Required To Open The Wage Seeker Account? Answer: MGNREGS Job Card, duly signed by the concerned",pending,,,,
q_0068,entity_relation,How are Mahatma Gandhi National Rural Employment Guarantee Act and National Family Benefit Scheme related through ministry of rural development?,chunk_74005926,"{""bm25"": {""rank"": 2, ""score"": 38.5343911452378}, ""faiss"": {""rank"": 1, ""score"": 0.654563937748521}, ""entity_graph"": {""rank"": 2, ""score"": 0.5}}",1,"Scheme: Mahatma Gandhi National Rural Employment Guarantee Act Ministry: Ministry Of Rural Development Department: Department of Rural Development Implementing agency: Gram Panchayats (GPs) Level: Central Scheme type: Centrally Sponsored Scheme Target beneficiaries: Individual Overview An employment scheme by the MoRD, providing provide at least 100 days of guaranteed wage employment in a financial year to every rural household whose adult members volunteer to do unskilled work. Any Indian citizen above the age of 18 years and residing in a rural area can apply to this scheme. Detailed description An employment scheme by the Ministry of Rural Development, providing provide at least 100 days ",pending,,,,
q_0068,entity_relation,How are Mahatma Gandhi National Rural Employment Guarantee Act and National Family Benefit Scheme related through ministry of rural development?,chunk_ce79bd34,"{""bm25"": {""rank"": 3, ""score"": 34.09350645507463}}",,"AT CENTER, STATE AND DISTRICT LEVEL . 38 3.3 FUNDING PATTERN .......................................................................................................... 40 3.4 BUDGETARY PROVISION ................................................................................................ 40 3.5 FUND FLOW ....................................................................................................................... 41 3.6 APPROVAL OF THE PROPOSAL ..................................................................................... 41 3.7 TRAINING & CAPACITY-BUILDING .............................................................................. 42 MONITORING, FEEDBACK AND REPORTING ",pending,,,,
q_0068,entity_relation,How are Mahatma Gandhi National Rural Employment Guarantee Act and National Family Benefit Scheme related through ministry of rural development?,chunk_f5cbeb2b,"{""bm25"": {""rank"": 1, ""score"": 49.06560175918215}, ""faiss"": {""rank"": 2, ""score"": 0.6491909614527079}, ""entity_graph"": {""rank"": 3, ""score"": 0.5}}",,"Government of India are implementing a number of schemes which target a variety of beneficiaries. In most of such schemes, special emphasis is given to cover the weaker sections of the society and other disadvantaged groups. The Expert Committee is of the view that these schemes could be effectively utilized for providing benefits to such transgender persons who are eligible under those schemes. Some of such schemes/programmes are mentioned below (this list is not exhaustive): Mahatma Gandhi National Rural Employment Guarantee Act (MGNREGA) 2. The Mahatma Gandhi National Rural Employment Guarantee Act (MGNREGA) was a major initiative of the 11thFive Year Plan period. This aims at enhancing t",pending,,,,
q_0069,entity_relation,How are Aam Aadmi Bima Yojana and Central Sector Scheme for Rehabilitation of Bonded Labourer related through ministry of labour and employment?,chunk_0919edc8,"{""entity_graph"": {""rank"": 1, ""score"": 0.5}}",,"benefits, what specific technology must be used on the official mobile application to properly verify my identity? Answer: You must authenticate your Universal Account Number utilizing the Facial Authentication Technology available on the UMANG mobile application to be eligible for the first-timer incentives. Question: In order to maintain active eligibility and continue receiving the promised financial incentives for generating new jobs, what specific monthly compliance action must the employer ensure is completed without fail? Answer: Employers must consistently file the monthly Electronic Challan-cum-Return along with the prescribed amount of provident fund contributions for their employe",pending,,,,
q_0069,entity_relation,How are Aam Aadmi Bima Yojana and Central Sector Scheme for Rehabilitation of Bonded Labourer related through ministry of labour and employment?,chunk_117cba2a,"{""entity_graph"": {""rank"": 2, ""score"": 0.5}}",,"and up to ₹20,000/-, the benefit is ₹2,000/- per additional employment per month. For additional employees with an Employees' Provident Fund wage greater than ₹20,000/- and up to ₹1,00,000/-, the benefit is ₹3,000/- per additional employment per month. The benefits will be provided to all eligible establishments on a six-monthly lump-sum basis after the filing of six completed months' Electronic Challan-cum-Returns. The incentive to the establishment shall be provided as a Direct Benefit Transfer to the Permanent Account Number-linked bank account of the establishment. Conditions The employer must fulfill the threshold limit continuously, generating at least 2 additional employments with a b",pending,,,,
q_0069,entity_relation,How are Aam Aadmi Bima Yojana and Central Sector Scheme for Rehabilitation of Bonded Labourer related through ministry of labour and employment?,chunk_15c479e6,"{""entity_graph"": {""rank"": 3, ""score"": 0.5}}",,"health check-up of all children registered in the crèche should be done at least once per quarter by registered medical practitioner/doctors from Government Hospitals. The centre must at all times be equipped with basic First Aid & Medicine Kit containing paediatric medicines for common ailments like fever, body ache, vomiting, cough and cold, diarrhoea, ear-ache, eye infection, stomach ache, worm infestation etc. and band-aids/ bandages, cotton wool and disinfectants for minor injuries. ORS packets, scissors, thermometer and antiseptic ointment should also be part of the medicine kit. The crèche timings need to be flexible depending on the local requirements. Crèches shall be open for 26 da",pending,,,,
q_0069,entity_relation,How are Aam Aadmi Bima Yojana and Central Sector Scheme for Rehabilitation of Bonded Labourer related through ministry of labour and employment?,chunk_5a400edf,"{""bm25"": {""rank"": 1, ""score"": 59.024369173709474}, ""faiss"": {""rank"": 3, ""score"": 0.5887194840585996}}",1,"Scheme: Aam Aadmi Bima Yojana Ministry: Ministry Of Labour and Employment Level: Central Scheme type: Central Sector Scheme Target beneficiaries: Individual Overview The Aam Aadmi Bima Yojana (AABY) is a social security scheme for rural landless households implemented by the Ministry of Labour & Employment, Government of India. The scheme provides insurance coverage to the head of the household or an earning member of the family in the age group of 18 to 59. Detailed description The Aam Aadmi Bima Yojana (AABY) is a social security scheme launched by the Ministry of Labour & Employment, Government of India, and implemented through LIC. It provides death and disability coverage to members of ",pending,,,,
q_0069,entity_relation,How are Aam Aadmi Bima Yojana and Central Sector Scheme for Rehabilitation of Bonded Labourer related through ministry of labour and employment?,chunk_bd8cf3a1,"{""bm25"": {""rank"": 2, ""score"": 56.21558872639602}, ""faiss"": {""rank"": 2, ""score"": 0.6131673778834248}}",1,"bonded labourers, including financial support for marriage. Offering special care for disabled individuals, in line with the national policy for disabled people. Providing employable skill development training for adult bonded labourers who do not fall into the above categories. Eligibility The beneficiary should be a rescued bonded labour. Application process Online Step 1: Submission of Proposal The District Magistrate/Administration forwards the proposal for financial support to the relevant State Ministry/Department dealing with the Bonded Labour Rehabilitation Scheme (BLR). The State/UT Government submits each proposal for immediate cash assistance and rehabilitation assistance. Step 2:",pending,,,,
q_0069,entity_relation,How are Aam Aadmi Bima Yojana and Central Sector Scheme for Rehabilitation of Bonded Labourer related through ministry of labour and employment?,chunk_ecc4d90c,"{""bm25"": {""rank"": 3, ""score"": 51.701217709718954}, ""faiss"": {""rank"": 1, ""score"": 0.686278649269493}}",,"Scheme: Central Sector Scheme for Rehabilitation of Bonded Labourer Ministry: Ministry Of Labour and Employment Level: Central Scheme type: Central Sector Scheme Target beneficiaries: Individual Overview The scheme addresses eradicating bonded labour in India. It introduces varying rehabilitation assistance amounts based on beneficiary categories, such as adults, children, women, and extreme cases, with provisions for annuity schemes and Direct Benefit Transfer. Detailed description The Central Sector Scheme for Rehabilitation of Bonded Labourer-2021, effective from January 27, 2022, is a crucial initiative led by the Ministry of Labour & Employment, Government of India that addresses eradic",pending,,,,
q_0070,entity_relation,How are Food Safety & Standards Authority Of India (FSSAI) Internship Scheme and Pradhan Mantri Surakshit Matritva Abhiyan related through ministry of health family welfare?,chunk_060211a3,"{""entity_graph"": {""rank"": 1, ""score"": 0.5}}",,"nominee details. Step 4: A self-certification process for the eligibility conditions will be completed by the applicant. Following this, the system will automatically calculate the monthly contribution amount payable according to the age of the beneficiary. Application and Payment Process Step 5: The enrolled beneficiary will pay the first subscription amount in cash directly to the VLE. This initial contribution payment activates the subscription to the pension scheme. Step 6: An enrollment cum auto-debit mandate form will be generated and printed by the system. This mandate form must be signed by the beneficiary, after which the VLE will scan the document and upload it securely into the sy",pending,,,,
q_0070,entity_relation,How are Food Safety & Standards Authority Of India (FSSAI) Internship Scheme and Pradhan Mantri Surakshit Matritva Abhiyan related through ministry of health family welfare?,chunk_07b48a99,"{""bm25"": {""rank"": 2, ""score"": 58.63572815267978}, ""faiss"": {""rank"": 1, ""score"": 0.7457898279124464}, ""entity_graph"": {""rank"": 2, ""score"": 0.5}}",1,"Scheme: Food Safety & Standards Authority Of India (FSSAI) Internship Scheme Ministry: Ministry Of Health & Family Welfare Department: Department of Health and Family Welfare Implementing agency: Food Safety & Standards Authority Of India (FSSAI) Level: Central Scheme type: Central Sector Scheme Target beneficiaries: Individual Overview The Internship Program by the FSSAI provides interns with unique learning opportunities in various areas of food regulation of food safety administration. FSSAI is a statutory body established under the Food Safety & Standards Act, 2006 under the aegis of the Ministry of Health & Family Welfare. Detailed description The Internship Program by the FSSAI provide",pending,,,,
q_0070,entity_relation,How are Food Safety & Standards Authority Of India (FSSAI) Internship Scheme and Pradhan Mantri Surakshit Matritva Abhiyan related through ministry of health family welfare?,chunk_15c479e6,"{""entity_graph"": {""rank"": 3, ""score"": 0.5}}",,"health check-up of all children registered in the crèche should be done at least once per quarter by registered medical practitioner/doctors from Government Hospitals. The centre must at all times be equipped with basic First Aid & Medicine Kit containing paediatric medicines for common ailments like fever, body ache, vomiting, cough and cold, diarrhoea, ear-ache, eye infection, stomach ache, worm infestation etc. and band-aids/ bandages, cotton wool and disinfectants for minor injuries. ORS packets, scissors, thermometer and antiseptic ointment should also be part of the medicine kit. The crèche timings need to be flexible depending on the local requirements. Crèches shall be open for 26 da",pending,,,,
q_0070,entity_relation,How are Food Safety & Standards Authority Of India (FSSAI) Internship Scheme and Pradhan Mantri Surakshit Matritva Abhiyan related through ministry of health family welfare?,chunk_1baaa669,"{""bm25"": {""rank"": 3, ""score"": 56.58341504366881}, ""faiss"": {""rank"": 2, ""score"": 0.6690440013891148}}",,"Educational Qualifications. Frequently asked questions Question: What Is The Full Name Of FSSAI? Answer: The full name of FSSAI is ""Food Safety & Standards Authority of India"". Question: Under Whose Aegis Is The FSSAI Internship Scheme? Answer: FSSAI is a statutory body established under the Food Safety & Standards Act, 2006 under the aegis of the Ministry of Health & Family Welfare, Government of India. Question: What Is The Responsibility Of FSSAI? Answer: FSSAI is the apex body responsible for ensuring food safety and compliance with food standards across the country. Question: What Are The Objectives Of This Internship Scheme? Answer: The Internship Program by the FSSAI provides interns ",pending,,,,
q_0070,entity_relation,How are Food Safety & Standards Authority Of India (FSSAI) Internship Scheme and Pradhan Mantri Surakshit Matritva Abhiyan related through ministry of health family welfare?,chunk_8ce14990,"{""bm25"": {""rank"": 1, ""score"": 58.82382725896743}}",,"Scheme: Pradhan Mantri Surakshit Matritva Abhiyan Ministry: Ministry Of Health & Family Welfare Department: Department of Health and Family Welfare Level: Central Scheme type: Centrally Sponsored Scheme Target beneficiaries: Individual Overview The scheme aims to provide fixed-day assured, comprehensive and quality antenatal care universally to all pregnant women in 2nd and 3rd trimester on the 9th of every month. It offers free comprehensive antenatal care services at government health facilities. Detailed description The scheme ""Pradhan Mantri Surakshit Matritva Abhiyan"" was launched on 9th June 2016 by the Ministry of Health & Family Welfare, Government of India, aims to provide fixed-day",pending,,,,
q_0070,entity_relation,How are Food Safety & Standards Authority Of India (FSSAI) Internship Scheme and Pradhan Mantri Surakshit Matritva Abhiyan related through ministry of health family welfare?,chunk_99579831,"{""faiss"": {""rank"": 3, ""score"": 0.586209164088444}}",,"the internship i.e. on submission, review of final report/presentation and recommendation by the Project Evaluation Committee. Eligibility The students pursuing a full-time Graduate/Post Graduate Degree/higher degree from a Recognized Institute within India/ abroad, in any of the following: Post Graduate Degree/B.Tech/BE from a recognized University or Institution in Chemistry or Biochemistry or Food Technology or Food Science & Technology or Food & Nutrition or Edible Oil Technology or Microbiology or Dairy Technology or Agricultural or horticultural Sciences or Industrial Microbiology or Toxicology or Public Health or Life Science or Biotechnology or Fruit & Vegetable Technology or Food Sa",pending,,,,
q_0071,entity_relation,How are Janani Suraksha Yojana (JSY) and Welfare Measures for Transgender Persons related through government hospitals?,chunk_0a920a3a,"{""bm25"": {""rank"": 1, ""score"": 34.093779587490964}, ""entity_graph"": {""rank"": 1, ""score"": 0.5}}",,"mother or her husband voluntarily undergoes sterilization immediately after delivery, the compensation money available under the existing Family Welfare scheme should be disbursed to the mother at the hospital itself. Antenatal Care (ANC) Services Includes identification and registration of pregnant women, provision of at least three ANC check-ups, Tetanus Toxoid (TT) injections, and Iron Folic Acid (IFA) tablets. Postnatal Care (PNC) Services Includes a postnatal visit within 7 days of delivery to track the mother’s health and facilitate care, counseling for the initiation of breastfeeding within one hour of delivery and its continuance for 3-6 months, and promotion of family planning. Newb",pending,,,,
q_0071,entity_relation,How are Janani Suraksha Yojana (JSY) and Welfare Measures for Transgender Persons related through government hospitals?,chunk_0ea575f7,"{""entity_graph"": {""rank"": 2, ""score"": 0.5}}",,"1 | P a g e Support for Marginalized Individuals for Livelihood and Enterprise (SMILE) GUIDELINES GOVERNMENT OF INDIA MINISTRY OF SOCIAL JUSTICE & EMPOWERMENT DEPARTMENT OF SOCIAL JUSTICE AND EMPOWERMENT (w.e.f. 12th February 2022) ********* The Ministry of Social Justice and Empowerment has formulated an umbrella scheme “SMILE - Support for Marginalized Individuals for Livelihood and Enterprise”, which includes two sub-schemes - ‘Central Sector Scheme for Comprehensive Rehabilitation for Welfare of Transgender Persons’ and ‘Central Sector Scheme for Comprehensive Rehabilitation of persons engaged in the act of Begging’. This umbrella scheme would cover several comprehensive measures includi",pending,,,,
q_0071,entity_relation,How are Janani Suraksha Yojana (JSY) and Welfare Measures for Transgender Persons related through government hospitals?,chunk_15c479e6,"{""entity_graph"": {""rank"": 3, ""score"": 0.5}}",,"health check-up of all children registered in the crèche should be done at least once per quarter by registered medical practitioner/doctors from Government Hospitals. The centre must at all times be equipped with basic First Aid & Medicine Kit containing paediatric medicines for common ailments like fever, body ache, vomiting, cough and cold, diarrhoea, ear-ache, eye infection, stomach ache, worm infestation etc. and band-aids/ bandages, cotton wool and disinfectants for minor injuries. ORS packets, scissors, thermometer and antiseptic ointment should also be part of the medicine kit. The crèche timings need to be flexible depending on the local requirements. Crèches shall be open for 26 da",pending,,,,
q_0071,entity_relation,How are Janani Suraksha Yojana (JSY) and Welfare Measures for Transgender Persons related through government hospitals?,chunk_25f4f1f8,"{""bm25"": {""rank"": 3, ""score"": 32.93061813793287}}",,"counter upon discharge. All payments before or after seven days of delivery are treated as illegitimate subject to audit objection. Postnatal Care and Immunization The Accredited Social Health Activist is mandated to conduct a postnatal visit within seven days following delivery to monitor the mother's health and to facilitate the newborn's immunization, specifically for Bacillus Calmette–Guérin (BCG). This postnatal visit and the child's immunization are prerequisites for the Accredited Social Health Activist to receive her second payment installment. Sterilization Compensation (if applicable) Should the mother or her husband voluntarily choose to undergo sterilization immediately after the",pending,,,,
q_0071,entity_relation,How are Janani Suraksha Yojana (JSY) and Welfare Measures for Transgender Persons related through government hospitals?,chunk_6e01dd8c,"{""bm25"": {""rank"": 2, ""score"": 33.349747350414574}}",,"Scheme: Janani Suraksha Yojana (JSY) Ministry: Ministry Of Health & Family Welfare Department: Department of Health and Family Welfare Level: Central Scheme type: Centrally Sponsored Scheme Target beneficiaries: Individual Overview The scheme aims to reduce maternal and neonatal mortality by promoting institutional deliveries among poor pregnant women. It offers cash assistance for institutional and home deliveries, along with antenatal and postnatal care support, primarily benefiting poor pregnant women across India. Detailed description The scheme ""Janani Suraksha Yojana"" was launched in 12th April 2025 by the Ministry of Health and Family Welfare, Government of India. The scheme aims to r",pending,,,,
q_0071,entity_relation,How are Janani Suraksha Yojana (JSY) and Welfare Measures for Transgender Persons related through government hospitals?,chunk_93cadfbd,"{""faiss"": {""rank"": 2, ""score"": 0.5986866816784251}}",,"provided by the Transgender Welfare Board. The Transgenders from Chennai District explained about the economic activities, they are carrying out to earn income. They stated that they had received subsidy from the Government and also obtained loans from the Indian Bank to set up cloth business. They stated that they do their business from their houses. They sell sarees, nighties and other clothes within their Transgender Communities and also to the surrounding people. They stated that the monetary help given by the Government through the Transgender Welfare Board has helped them to earn a decent living and has weaned them away from their earlier ways of earning their living. The Transgenders ",pending,,,,
q_0071,entity_relation,How are Janani Suraksha Yojana (JSY) and Welfare Measures for Transgender Persons related through government hospitals?,chunk_d1700bfb,"{""faiss"": {""rank"": 1, ""score"": 0.5995915667854637}}",,"on Transgender had been constituted in Sikkim state. He stated that a Medical Certificate was enough to have access to programmes of the State Government. Further, the State had started a pension scheme and other welfare measures for the community. The State has also constituted a medical board to verify the status of Transgender to make them eligible for the schemes. Ms. Laxmi Narayan Tripathi, Mumbai pointed out that Thailand is a model country wherein all the required facilities are being made available to the Transgender Community. Further, she suggested for the establishment of a Commission on Transgender and protection of Transgender culture. She strongly recommended that the nodal Min",pending,,,,
q_0071,entity_relation,How are Janani Suraksha Yojana (JSY) and Welfare Measures for Transgender Persons related through government hospitals?,chunk_d3b96604,"{""faiss"": {""rank"": 3, ""score"": 0.5972064609809252}}",,"most of such schemes, special emphasis is given to cover the weaker sections of the society and other disadvantaged groups. The Expert Committee is of the view that these schemes could be effectively utilized for providing benefits to such transgender persons who are eligible under those schemes. Some of such schemes/programmes are mentioned below (list is not exhaustive):  MGNREGA  National Rural Livelihoods Mission (NRLM) – AAJEEVIKA  National Social Assistance Programme (NSAP)  National Urban Livelihood Mission (NULM)  Healthcare facilities  Rashtriya Swasthya BimaYojana (RSBY)  National Health Mission (NHM)  National Policy on Skill Development, 2009  Indira Awas Yojana Page | 9",pending,,,,
q_0072,entity_relation,"How are AICTE – Mitacs Globalink Research Internship (GRI) Scheme and AICTE - YOUTH UNDERTAKING VISIT FOR ACQUIRING KNOWLEDGE (YUVAK): STUDY TOUR OF ATAL TUNNEL, HIMACHAL PRADESH related through ministry of education?",chunk_00c17e5e,"{""entity_graph"": {""rank"": 1, ""score"": 0.5}}",,"to raise awareness in the community. It should be clear, attractive, and easy to read, with focused messages and adequate information preferably in the local language. 8.2.2 The launch event  Check event venue prior to the event and ensure that the equipment is in working order.  Ensure orderly and timely conduct of the event.  Ensure folders with materials are available for all participants.  Ensure release of IEC materials for the Rotavirus vaccine launch.  Prepare press release based on the draft provided for print and online versions. 8.3 Advocacy Advocacy is a well-defined process based on demonstrated evidence to influence decision makers, stakeholders and audiences to suppor",pending,,,,
q_0072,entity_relation,"How are AICTE – Mitacs Globalink Research Internship (GRI) Scheme and AICTE - YOUTH UNDERTAKING VISIT FOR ACQUIRING KNOWLEDGE (YUVAK): STUDY TOUR OF ATAL TUNNEL, HIMACHAL PRADESH related through ministry of education?",chunk_0192a18e,"{""entity_graph"": {""rank"": 2, ""score"": 0.5}}",,"on the immunization card and RCH register. Step 6 Return the unopened and opened Rotavirus vaccine vials after the immunization session to the cold chain point as per guidelines. Table 5: Key instructions for health workers while administering the Rotavirus vaccine 6.2 Reporting and recording of Rotavirus vaccine All recording and reporting formats with inclusion of Rotavirus vaccine should be printed well in time before introduction of the vaccine. These formats should be distributed before introduction and ensure that during health workers’ training, an exercise for filling the MCP card and other formats should be conducted. Inclusion of Rotavirus vaccine will be required in vaccine stock ",pending,,,,
q_0072,entity_relation,"How are AICTE – Mitacs Globalink Research Internship (GRI) Scheme and AICTE - YOUTH UNDERTAKING VISIT FOR ACQUIRING KNOWLEDGE (YUVAK): STUDY TOUR OF ATAL TUNNEL, HIMACHAL PRADESH related through ministry of education?",chunk_01ca802c,"{""entity_graph"": {""rank"": 3, ""score"": 0.5}}",,"the primary objective of the scheme? Answer: The scheme aims to provide hostel facilities to students belonging to socially and educationally backward classes, especially from rural areas, to enable them to pursue secondary and higher education. Question: Who are the implementing agencies eligible for assistance under this scheme? Answer: Eligible agencies include State Governments, Union Territory Administrations, and institutions or organizations set up by the Central Government as autonomous bodies under a statute (e.g., Central Universities, IITs, NITs).​ Question: What are the cost norms per hostel seat in different regions? Answer: The cost per hostel seat is as follows:​ 1. North East",pending,,,,
q_0072,entity_relation,"How are AICTE – Mitacs Globalink Research Internship (GRI) Scheme and AICTE - YOUTH UNDERTAKING VISIT FOR ACQUIRING KNOWLEDGE (YUVAK): STUDY TOUR OF ATAL TUNNEL, HIMACHAL PRADESH related through ministry of education?",chunk_6c1cddf0,"{""bm25"": {""rank"": 1, ""score"": 118.69256758308626}, ""faiss"": {""rank"": 2, ""score"": 0.6130406317894874}}",1,"Scheme: AICTE - YOUTH UNDERTAKING VISIT FOR ACQUIRING KNOWLEDGE (YUVAK): STUDY TOUR OF ATAL TUNNEL, HIMACHAL PRADESH Ministry: Ministry of Education Department: Department Of Higher Education Level: Central Scheme type: Central Sector Scheme Target beneficiaries: University / Institution Overview The scheme is intended for providing Financial Grant for conducting a Study Tour of ATAL TUNNEL by Students / faculty of AICTE approved Institutions in the field of technical education. Detailed description AICTE has launched a new scheme namely ,AICTE YOUTH UNDERTAKING VISIT FOR ACQUTRING KNOWLEDGE (YUVAK) STUDY TOUR OF ATAL TUNNEL, HIMACHAL PRADESH, on 21 st May 2021 to provide financial grants to",pending,,,,
q_0072,entity_relation,"How are AICTE – Mitacs Globalink Research Internship (GRI) Scheme and AICTE - YOUTH UNDERTAKING VISIT FOR ACQUIRING KNOWLEDGE (YUVAK): STUDY TOUR OF ATAL TUNNEL, HIMACHAL PRADESH related through ministry of education?",chunk_b0152e51,"{""bm25"": {""rank"": 3, ""score"": 76.39293104248843}, ""faiss"": {""rank"": 1, ""score"": 0.6532114701009021}}",1,"Scheme: AICTE – Mitacs Globalink Research Internship (GRI) Scheme Ministry: Ministry of Education Department: Department Of Higher Education Implementing agency: AICTE And Mitacs Level: Central Scheme type: Centrally Sponsored Scheme Target beneficiaries: Individual Overview The scheme aims to promote collaborative research between India and Canada. Through this scheme, fully funded international research internships are provided to eligible Indian undergraduate students. Detailed description The scheme “AICTE–MITACS Globalink Research Internship (GRI)” has been launched by the All India Council for Technical Education (AICTE), Government of India. It aims to foster cross-border partnerships",pending,,,,
q_0072,entity_relation,"How are AICTE – Mitacs Globalink Research Internship (GRI) Scheme and AICTE - YOUTH UNDERTAKING VISIT FOR ACQUIRING KNOWLEDGE (YUVAK): STUDY TOUR OF ATAL TUNNEL, HIMACHAL PRADESH related through ministry of education?",chunk_db8507e0,"{""bm25"": {""rank"": 2, ""score"": 85.30780199716563}, ""faiss"": {""rank"": 3, ""score"": 0.5873179532948736}}",,"scheme? Answer: AICTE–Youth Undertaking Visit For Acquiring Knowledge (YUVAK) Study Tour Of Atal Tunnel scheme has been launched to provide financial grants to the institutions who conducts study tour of ATAL TUNNEL to the team of one faculty and 10 students from AICTE approved institutions. Question: When this scheme was launched? Answer: This scheme was launched in on 21 st May, 2021. Question: Who manages this scheme? Answer: This scheme is managed by All India Council for Technical Education(AICTE). Question: What is Atal Tunnel and where it has been built? Answer: Atal Tunnel has been built under the Rohtang Pass on the Leh-Manali Highway as an all-weather route to Leh and Lahaul and Sp",pending,,,,
q_0073,entity_relation,How are Aam Aadmi Bima Yojana and Internship Scheme Of Employees’ Provident Fund Organisation (EPFO) related through ministry of labour and employment level: central scheme?,chunk_0a37094c,"{""entity_graph"": {""rank"": 1, ""score"": 0.5}}",,a) Pursuing law [in the last two years of degree course] or Law Graduates. b) Pursuing Post Graduation in Law or Research Scholars in Law. c) Pursuing post-graduation courses like MBA/MSW/ MSC/MA/M.Com./MCA. 2. The applicant should be enrolled in recognized University/Institution within India or abroad. Application process Online The application must be submitted in the prescribed format along with the required (self-attested) documents by EMAIL ONLY to rc.hrm@epfindia.gov.in. NOTE: Soft copies of mark sheets /certificates etc. in support of qualifications and other documentary proof need not be sent with the application. Required documents At the time of Application 1. Letter of Recommendat,pending,,,,
q_0073,entity_relation,How are Aam Aadmi Bima Yojana and Internship Scheme Of Employees’ Provident Fund Organisation (EPFO) related through ministry of labour and employment level: central scheme?,chunk_0f94052e,"{""entity_graph"": {""rank"": 2, ""score"": 0.5}}",,Superannuation Pension The applicant must be 58 years or above in age. The applicant must have rendered at least 10 years of eligible service. For Early Pension The applicant must opt for early pension between 50 and 58 years of age. For Family Pension The applicant must be the spouse or child of a deceased member who met the eligibility criteria. The applicant must provide proof of the relationship and the member's death. The deceased member must have contributed for at least one month. Post-Selection Conditions The applicant must submit the required documents for verification. The applicant must comply with EPFO guidelines for pension disbursement. *International workers are eligible under,pending,,,,
q_0073,entity_relation,How are Aam Aadmi Bima Yojana and Internship Scheme Of Employees’ Provident Fund Organisation (EPFO) related through ministry of labour and employment level: central scheme?,chunk_4b178ed4,"{""faiss"": {""rank"": 3, ""score"": 0.5832707233051392}}",,"Scheme: Internship Scheme Of The Ministry Of Labour & Employment Ministry: Ministry Of Labour and Employment Level: Central Scheme type: Central Sector Scheme Target beneficiaries: Individual Overview Through the Internship Scheme, the Ministry of Labour & Employment engage eligible students as “Interns"" to work for mutual benefit. The “Interns” shall have an opportunity to know about the Government functioning and Department Policy issues in the Government of India. Detailed description Through the Internship Scheme, the Ministry of Labour & Employment engage eligible students as “Interns"" to work for mutual benefit. The “Interns” shall have an opportunity to know about the Government funct",pending,,,,
q_0073,entity_relation,How are Aam Aadmi Bima Yojana and Internship Scheme Of Employees’ Provident Fund Organisation (EPFO) related through ministry of labour and employment level: central scheme?,chunk_5a400edf,"{""bm25"": {""rank"": 2, ""score"": 60.81836841665168}, ""faiss"": {""rank"": 2, ""score"": 0.5992305645727893}}",1,"Scheme: Aam Aadmi Bima Yojana Ministry: Ministry Of Labour and Employment Level: Central Scheme type: Central Sector Scheme Target beneficiaries: Individual Overview The Aam Aadmi Bima Yojana (AABY) is a social security scheme for rural landless households implemented by the Ministry of Labour & Employment, Government of India. The scheme provides insurance coverage to the head of the household or an earning member of the family in the age group of 18 to 59. Detailed description The Aam Aadmi Bima Yojana (AABY) is a social security scheme launched by the Ministry of Labour & Employment, Government of India, and implemented through LIC. It provides death and disability coverage to members of ",pending,,,,
q_0073,entity_relation,How are Aam Aadmi Bima Yojana and Internship Scheme Of Employees’ Provident Fund Organisation (EPFO) related through ministry of labour and employment level: central scheme?,chunk_5d6669f2,"{""entity_graph"": {""rank"": 3, ""score"": 0.5}}",,"Scheme: Employees' Pension Scheme Ministry: Ministry Of Labour and Employment Level: Central Scheme type: Central Sector Scheme Target beneficiaries: Individual Overview The scheme ensures retirement security for employees covered under the EPF Act, offering monthly pensions, family pensions, and withdrawal benefits. It targets workers in organised sectors, providing financial support post-retirement, during disability, or to dependents after the member’s death. Detailed description Launched on 16th November 1995, the ""Employees' Pension Scheme"" is a social security initiative by the Government of India, implemented under the Employees' Provident Funds and Miscellaneous Provisions Act, 1952.",pending,,,,
q_0073,entity_relation,How are Aam Aadmi Bima Yojana and Internship Scheme Of Employees’ Provident Fund Organisation (EPFO) related through ministry of labour and employment level: central scheme?,chunk_7d6da280,"{""bm25"": {""rank"": 1, ""score"": 64.58723349557371}, ""faiss"": {""rank"": 1, ""score"": 0.6336713600624863}}",1,Scheme: Internship Scheme Of Employees’ Provident Fund Organisation (EPFO) Ministry: Ministry Of Labour and Employment Level: Central Scheme type: Central Sector Scheme Target beneficiaries: Individual Overview The Internship Scheme of Employees’ Provident Fund Organization invites applications for Internships from students for engagement as “Interns” with EPFO. The “Interns” shall have an opportunity to know about the EPFO’s functioning and Departmental Policy issues in EPFO and Government of India. Detailed description The Internship Scheme of Employees’ Provident Fund Organization invites applications for Internships from students for engagement as “Interns” with EPFO. The “Interns” shall,pending,,,,
q_0073,entity_relation,How are Aam Aadmi Bima Yojana and Internship Scheme Of Employees’ Provident Fund Organisation (EPFO) related through ministry of labour and employment level: central scheme?,chunk_8f18c46b,"{""bm25"": {""rank"": 3, ""score"": 50.14068714160965}}",,"as actually earned by the Pension Fund or the savings bank interest rate, whichever is higher. 6. Death of Beneficiary During the Contribution Period If an eligible beneficiary has given regular contributions and dies due to any cause, the spouse shall be entitled to continue with the scheme by payment of regular contributions. If the spouse does not wish to continue after the beneficiary's death, they can exit by receiving the share of contribution paid by the beneficiary along with accumulated interest, as actually earned by the Pension Fund or at the savings bank interest rate, whichever is higher. 7. Corpus Reversion After Death of Both Beneficiary and Spouse After the death of the benef",pending,,,,
q_0074,entity_relation,How are Credit Linked Subsidy Scheme for Middle Income Group and Micro Finance Scheme of NMDFC related through backward classes?,chunk_005a2521,"{""entity_graph"": {""rank"": 3, ""score"": 0.3333333333333333}}",,Scheme: IVRI Institute Scholarship For M.V.Sc. And Ph.D. Ministry: Ministry Of Agriculture and Farmers Welfare Department: Department of Agriculture Research and Education Implementing agency: Indian Council Of Agricultural Research (ICAR) Level: Central Scheme type: Centrally Sponsored Scheme Target beneficiaries: All Overview The Indian Veterinary Research Institute will award scholarships to MVSc and PhD students who need financial assistance.his provision will be utilized to assist as many students as possible who have good academic record and who are making diligent efforts to pursue higher education. Detailed description IVRI Institute Scholarship for M.V.Sc. and Ph.D. – The Indian Cou,pending,,,,
q_0074,entity_relation,How are Credit Linked Subsidy Scheme for Middle Income Group and Micro Finance Scheme of NMDFC related through backward classes?,chunk_2bb715ea,"{""faiss"": {""rank"": 2, ""score"": 0.5881472450457287}, ""entity_graph"": {""rank"": 1, ""score"": 0.5}}",,"Scheme: Education Loan Scheme of NMDFC Ministry: Ministry Of Minority Affairs Implementing agency: National Minorities Development & Finance Corporation Level: Central Scheme type: Centrally Sponsored Scheme Target beneficiaries: All Overview Loan of upto ₹20,00,000/- for domestic courses & ₹30,00,000/- for courses abroad under Credit Line-1 and Credit line -2 is extended to beneficiaries belong to minority communities at 3% p.a. & 8% p.a respectively. Detailed description Under this scheme of NMDFC, loan is available for job oriented 'technical and professional courses' of durations not exceeding five years. Loan of upto ₹20,00,000/- for domestic courses & ₹30,00,000/- for courses abroad un",pending,,,,
q_0074,entity_relation,How are Credit Linked Subsidy Scheme for Middle Income Group and Micro Finance Scheme of NMDFC related through backward classes?,chunk_80d73df5,"{""bm25"": {""rank"": 2, ""score"": 52.57970062482558}, ""faiss"": {""rank"": 1, ""score"": 0.5980565142405628}, ""entity_graph"": {""rank"": 2, ""score"": 0.5}}",1,"Scheme: Micro Finance Scheme of NMDFC Ministry: Ministry Of Minority Affairs Level: Central Scheme type: Centrally Sponsored Scheme Target beneficiaries: Self Help Groups (SHGS) Overview Under the scheme, an amount of Rs. 1 lakh under credit Line-1 & upto Rs. 1.5 lakh under Credit Line-2 is extended to each member of SHG (belong to Minority communities) at interest rate of 7% & 10% respectively. Concession of 2% is extended to women beneficiaries under Credit Line-2. Detailed description Under this Scheme of NMDFC, credit is extended to the members of the Self Help Groups (SHGs), predominantly comprising of the minority women scattered in remote villages and urban slums, who are not able to ",pending,,,,
q_0074,entity_relation,How are Credit Linked Subsidy Scheme for Middle Income Group and Micro Finance Scheme of NMDFC related through backward classes?,chunk_98eaee8e,"{""bm25"": {""rank"": 3, ""score"": 44.33063226907838}}",,"Ministry may notify other institutions as CNA in the future. Toll-Free Helpline Numbers: NHB: 1800-11-3377, 1800-11-3388 HUDCO: 1800-11-6163 SBI: 1800-11-2018 Required documents 1. Copy of Aadhaar Card 2. Copy of PAN Card 3. Residence proof 4. Proof of income 5. Bank account details 6. Property documents 7. Any other documents, as required Frequently asked questions Question: What is Affordable Housing through Credit Linked Subsidy Scheme for MIG? Answer: Under Credit Linked Subsidy Scheme, beneficiaries of Middle-Income Group (MIG) can seek housing loans from Banks, Housing Finance Companies and other such institutions for acquisition/ construction of house (including re-purchase). The cred",pending,,,,
q_0074,entity_relation,How are Credit Linked Subsidy Scheme for Middle Income Group and Micro Finance Scheme of NMDFC related through backward classes?,chunk_e7504d4c,"{""bm25"": {""rank"": 1, ""score"": 54.711189856854716}, ""faiss"": {""rank"": 3, ""score"": 0.5424559692247742}}",,"Scheme: Credit Linked Subsidy Scheme for Middle Income Group Ministry: Ministry Of Housing & Urban Affairs Implementing agency: National Housing Bank, Housing And Urban Development Corporation And State Bank Of India Level: Central Scheme type: Central Sector Scheme Target beneficiaries: Family Overview Under Credit Linked Subsidy Scheme, beneficiaries of Middle-Income Group (MIG) can seek housing loans from Banks, Housing Finance Companies and other such institutions for acquisition/ construction of house (including re-purchase). Detailed description The scheme ""Credit Linked Subsidy Scheme for Middle Income Group (CLSS for MIG)"" by the Ministry of Housing and Urban Affairs, Government of I",pending,,,,
q_0075,entity_relation,How are Mahatma Gandhi National Rural Employment Guarantee Act and National Food Security Mission NFSM related through gram panchayat?,chunk_389c9415,"{""entity_graph"": {""rank"": 1, ""score"": 0.5}}",,"the details of wage payments like work ID, wage rate, number of days worked, amount earned by the worker during the week, number of mandays completed per HH and number of mandays of employment due to the households concerned etc. The format of the Wage Slip can be found in Annexure-15 of the scheme guidelines. Question: How Are The Payments Of Wages Made To The Wage Seekers? Answer: The payment of wages shall, unless so exempted by the Central Government, be made through the individual savings accounts of the workers in the relevant banks or post offices. Question: Is There Any Authentic Document Required To Open The Wage Seeker Account? Answer: MGNREGS Job Card, duly signed by the concerned",pending,,,,
q_0075,entity_relation,How are Mahatma Gandhi National Rural Employment Guarantee Act and National Food Security Mission NFSM related through gram panchayat?,chunk_74005926,"{""bm25"": {""rank"": 2, ""score"": 36.0255548985909}, ""faiss"": {""rank"": 1, ""score"": 0.5847246052968041}, ""entity_graph"": {""rank"": 2, ""score"": 0.5}}",,"Scheme: Mahatma Gandhi National Rural Employment Guarantee Act Ministry: Ministry Of Rural Development Department: Department of Rural Development Implementing agency: Gram Panchayats (GPs) Level: Central Scheme type: Centrally Sponsored Scheme Target beneficiaries: Individual Overview An employment scheme by the MoRD, providing provide at least 100 days of guaranteed wage employment in a financial year to every rural household whose adult members volunteer to do unskilled work. Any Indian citizen above the age of 18 years and residing in a rural area can apply to this scheme. Detailed description An employment scheme by the Ministry of Rural Development, providing provide at least 100 days ",pending,,,,
q_0075,entity_relation,How are Mahatma Gandhi National Rural Employment Guarantee Act and National Food Security Mission NFSM related through gram panchayat?,chunk_eabef128,"{""bm25"": {""rank"": 3, ""score"": 32.26708840464658}}",,"Scheme: Indira Gandhi National Widow Pension Scheme Ministry: Ministry Of Rural Development Department: Department of Rural Development Implementing agency: State/UT Government Level: Central Scheme type: Central Sector Scheme Target beneficiaries: Individual Overview A non-contributory pension scheme to provide social security to widows of poor family (BPL) of the society. Detailed description Indira Gandhi National Widow Pension Scheme (IGNWPS) is implemented by Ministry of Rural Development, Government of India. It is a non-contributory pension scheme to provide social security to widows of poor family (BPL) of the society. Benefits A pension of ₹ 300/- per month is provided to Widows bet",pending,,,,
q_0075,entity_relation,How are Mahatma Gandhi National Rural Employment Guarantee Act and National Food Security Mission NFSM related through gram panchayat?,chunk_ee5f6709,"{""faiss"": {""rank"": 3, ""score"": 0.5664228506020136}}",,"in all districts of the country on line lines of Rural Development Self-Employment Institute (RUDSETI) model for promoting self-employment. National Academy of RUDSETIs is supporting RSETIs in this effort. RSETIs provide self-employment training and link the candidates with bank loans for taking up self-employment. NRLM provides the costs of the training to RSETIs. Question: How Does NRLM Support Farm-Based Livelihoods? Answer: Mahila Kisan Sashaktikaran Pariyojana (MKSP), launched in 2010-11, is a special programme for livelihood enhancement under NRLM. It is a concerted effort to recognize the role of women in agriculture and an investment is being made to enhance their capacities and incr",pending,,,,
q_0075,entity_relation,How are Mahatma Gandhi National Rural Employment Guarantee Act and National Food Security Mission NFSM related through gram panchayat?,chunk_f5cbeb2b,"{""bm25"": {""rank"": 1, ""score"": 42.12565978188036}, ""faiss"": {""rank"": 2, ""score"": 0.5753938723896602}, ""entity_graph"": {""rank"": 3, ""score"": 0.5}}",,"Government of India are implementing a number of schemes which target a variety of beneficiaries. In most of such schemes, special emphasis is given to cover the weaker sections of the society and other disadvantaged groups. The Expert Committee is of the view that these schemes could be effectively utilized for providing benefits to such transgender persons who are eligible under those schemes. Some of such schemes/programmes are mentioned below (this list is not exhaustive): Mahatma Gandhi National Rural Employment Guarantee Act (MGNREGA) 2. The Mahatma Gandhi National Rural Employment Guarantee Act (MGNREGA) was a major initiative of the 11thFive Year Plan period. This aims at enhancing t",pending,,,,
q_0076,entity_relation,How are Pradhan Mantri Jan Dhan Yojana and Pradhan Mantri Jeevan Jyoti Bima Yojana related through department of financial service implementing?,chunk_060211a3,"{""entity_graph"": {""rank"": 1, ""score"": 0.5}}",,"nominee details. Step 4: A self-certification process for the eligibility conditions will be completed by the applicant. Following this, the system will automatically calculate the monthly contribution amount payable according to the age of the beneficiary. Application and Payment Process Step 5: The enrolled beneficiary will pay the first subscription amount in cash directly to the VLE. This initial contribution payment activates the subscription to the pension scheme. Step 6: An enrollment cum auto-debit mandate form will be generated and printed by the system. This mandate form must be signed by the beneficiary, after which the VLE will scan the document and upload it securely into the sy",pending,,,,
q_0076,entity_relation,How are Pradhan Mantri Jan Dhan Yojana and Pradhan Mantri Jeevan Jyoti Bima Yojana related through department of financial service implementing?,chunk_0919edc8,"{""entity_graph"": {""rank"": 2, ""score"": 0.5}}",,"benefits, what specific technology must be used on the official mobile application to properly verify my identity? Answer: You must authenticate your Universal Account Number utilizing the Facial Authentication Technology available on the UMANG mobile application to be eligible for the first-timer incentives. Question: In order to maintain active eligibility and continue receiving the promised financial incentives for generating new jobs, what specific monthly compliance action must the employer ensure is completed without fail? Answer: Employers must consistently file the monthly Electronic Challan-cum-Return along with the prescribed amount of provident fund contributions for their employe",pending,,,,
q_0076,entity_relation,How are Pradhan Mantri Jan Dhan Yojana and Pradhan Mantri Jeevan Jyoti Bima Yojana related through department of financial service implementing?,chunk_117cba2a,"{""entity_graph"": {""rank"": 3, ""score"": 0.5}}",,"and up to ₹20,000/-, the benefit is ₹2,000/- per additional employment per month. For additional employees with an Employees' Provident Fund wage greater than ₹20,000/- and up to ₹1,00,000/-, the benefit is ₹3,000/- per additional employment per month. The benefits will be provided to all eligible establishments on a six-monthly lump-sum basis after the filing of six completed months' Electronic Challan-cum-Returns. The incentive to the establishment shall be provided as a Direct Benefit Transfer to the Permanent Account Number-linked bank account of the establishment. Conditions The employer must fulfill the threshold limit continuously, generating at least 2 additional employments with a b",pending,,,,
q_0076,entity_relation,How are Pradhan Mantri Jan Dhan Yojana and Pradhan Mantri Jeevan Jyoti Bima Yojana related through department of financial service implementing?,chunk_2a4d53ce,"{""bm25"": {""rank"": 1, ""score"": 66.4240226816912}, ""faiss"": {""rank"": 2, ""score"": 0.5718521219063819}}",1,"Scheme: Pradhan Mantri Jeevan Jyoti Bima Yojana Ministry: Ministry Of Finance Department: Department of Financial Service Implementing agency: Banks Level: Central Scheme type: Central Sector Scheme Target beneficiaries: Individual Overview Pradhan Mantri Jeevan Jyoti Bima Yojana (PMJJBY) is an insurance scheme offering life insurance cover for death due to any reason. It is a one-year cover, renewable from year to year. The scheme is offered by banks/post offices and administered through life insurance companies. Detailed description Pradhan Mantri Jeevan Jyoti Bima Yojana (PMJJBY) is an insurance scheme offering life insurance cover for death due to any reason. It is a one-year cover, rene",pending,,,,
q_0076,entity_relation,How are Pradhan Mantri Jan Dhan Yojana and Pradhan Mantri Jeevan Jyoti Bima Yojana related through department of financial service implementing?,chunk_326058bd,"{""bm25"": {""rank"": 3, ""score"": 50.38630860146559}}",,0% 6. Electricity and clean fuel 6.1 Whether the village has been electrified? (Yes/No) Yes No 6.2 % of households having electricity connection >75% 50-75% <50% 6.3 % of households using at least one LED bulb >75% 50-75% <50% 6.4 % of households having gas connection >75% 50-75% <50% 6.5 % of internal roads having street lights >75% 50-75% <50% 7. Agricultural Practices etc. 7.1 % of eligible farmers provided with Soil Health Card >75% 50-75% <50% 7.2 Extent (in %) of organic farming practices adopted >75% 50-75% <50% 7.3 Extent (in %) of watershed management practices adopted >75% 50-75% <50% 8. Financial Inclusion 8.1 % of village population (>5 years) having Aadhaar Identification >98% 0,pending,,,,
q_0076,entity_relation,How are Pradhan Mantri Jan Dhan Yojana and Pradhan Mantri Jeevan Jyoti Bima Yojana related through department of financial service implementing?,chunk_e412063b,"{""faiss"": {""rank"": 3, ""score"": 0.5491933701425966}}",,"PRADHAN MANTRI -ANUSUCHIT JAATI ABHYUDAY YOJANA (PM-AJAY) PRADHAN MANTRI - ANUSUCHIT JAATI ABHYUDAY YOJANA (PM-AJAY) Centrally Sponsored Scheme GUIDELINES MINISTRY OF SOCIAL JUSTICE AND EMPOWERMENT DEPARTMENT OF SOCIAL JUSTICE AND EMPOWERMENT Government of India (May, 2023) Revised PRADHAN MANTRI -ANUSUCHIT JAATI ABHYUDAY YOJANA (PM-AJAY) Centrally Sponsored Scheme of Pradhan Mantri Anusuchit Jaati Abhyuday Yojana Chapter Topic Page No. Introduction Development of SC dominated villages into “Adarsh Gram” Grants-in-aid to State/Districts Construction/Repair of Hostels Fund flow mechanism Appraisal, Monitoring and Evaluation Miscellaneous PRADHAN MANTRI -ANUSUCHIT JAATI ABHYUDAY YOJANA (PM-AJA",pending,,,,
q_0076,entity_relation,How are Pradhan Mantri Jan Dhan Yojana and Pradhan Mantri Jeevan Jyoti Bima Yojana related through department of financial service implementing?,chunk_f65b5ba7,"{""bm25"": {""rank"": 2, ""score"": 54.20061147948361}, ""faiss"": {""rank"": 1, ""score"": 0.6340705368218391}}",1,"Scheme: Pradhan Mantri Jan Dhan Yojana Ministry: Ministry Of Finance Department: Department of Financial Service Implementing agency: Banks Level: Central Scheme type: Central Sector Scheme Target beneficiaries: Individual Overview A National Mission for Financial Inclusion (NMFI), namely, Pradhan Mantri Jan Dhan Yojana (PMJDY) was launched by the Prime Minister across the country on 28th August, 2014. It envisages to provide universal banking services for every unbanked adult in the country. Detailed description A National Mission for Financial Inclusion (NMFI), namely, Pradhan Mantri Jan Dhan Yojana (PMJDY) was launched across the Country in August, 2014 by the Prime Minister with the idea",pending,,,,
q_0077,entity_relation,How are Indira Gandhi National Disability Pension Scheme and Indira Gandhi National Widow Pension Scheme related through gram panchayat / municipality?,chunk_2d5e6db8,"{""entity_graph"": {""rank"": 1, ""score"": 0.5}}",,"click on ""Submit."" Required documents Passport-size Photo Domicile Certificate Residential Proof (Voter card/Electricity Bill/Aadhar Card) Age Proof (Birth Certificate issued by the School last attended or Municipal authority or SHO or through the medical board) Aadhaar Number Bank Passbook Ration Card Affidavit duly attested by Judicial Magistrate/Executive Magistrate that she/he is not in receipt of any pension/financial assistance from any other source Definitions any person who has little or no regular means of subsistence from his / her own source of income or through financial support from family members or other sources destitutes https://nsap.nic.in/Guidelines/nsap_guidelines_oct2014",pending,,,,
q_0077,entity_relation,How are Indira Gandhi National Disability Pension Scheme and Indira Gandhi National Widow Pension Scheme related through gram panchayat / municipality?,chunk_99478c0a,"{""bm25"": {""rank"": 3, ""score"": 62.3904926919292}}",,"The Passbook contain details of the Sanction Order, particulars of the pensioner and disbursement details The list of beneficiaries to whom sanctions are issued is displayed at the Gram Panchayat / Ward / Municipal Office and updated every three months. The Pension amount is directly paid to the beneficiaries through the Direct Benefit Transfer (DBT) process to their post office or bank account. Required documents Death Certificate of husband – With the name of the surviving wife(widow). BPL Card. Age Proof - For age, the birth certificate or school certificate may be relied on. In their absence ration card and EPIC may be considered. If there is no valid document, any Medical Officer of any",pending,,,,
q_0077,entity_relation,How are Indira Gandhi National Disability Pension Scheme and Indira Gandhi National Widow Pension Scheme related through gram panchayat / municipality?,chunk_b32abd7f,"{""entity_graph"": {""rank"": 2, ""score"": 0.5}}",,comments/suggestions to offer . 6. Suggestions given by the Govt. of M.P. • Transgender should be defined under particular sex for social respect. • Special school should be established for Kinnar and provision of free education from 1 to 12 std. • Scholarship schemes for Higher Education should be effective for Transgender with the help of Central and State Govt. • Transgender should be included under the National urbane housing schemes and Indira Gandhi rural housing schemes on the priority basis • There should be provision of employment • Benefit of reservation should be provided in 3rd and 4th grade administrative services. • Government of India should declare special central Helping Pro,pending,,,,
q_0077,entity_relation,How are Indira Gandhi National Disability Pension Scheme and Indira Gandhi National Widow Pension Scheme related through gram panchayat / municipality?,chunk_c98d9530,"{""faiss"": {""rank"": 3, ""score"": 0.6208885353077559}, ""entity_graph"": {""rank"": 3, ""score"": 0.5}}",,"Scheme: NSAP - Indira Gandhi National Old Age Pension Scheme Ministry: Ministry Of Rural Development Department: Department of Rural Development Level: Central Scheme type: Centrally Sponsored Scheme Target beneficiaries: Individual Overview ""Indira Gandhi National Old Age Pension Scheme"" is one of the five sub-schemes of the National Social Assistance Programme. Under IGNOAPS, citizens living Below Poverty Line and 60 years or above in age are eligible to apply. A monthly pension of ₹ 200 up to 79 years and ₹ 500 thereafter. Detailed description The ""Indira Gandhi National Old Age Pension Scheme (IGNOAPS)"" is one of the five sub-schemes of the National Social Assistance Programme, Ministry ",pending,,,,
q_0077,entity_relation,How are Indira Gandhi National Disability Pension Scheme and Indira Gandhi National Widow Pension Scheme related through gram panchayat / municipality?,chunk_db96f02b,"{""bm25"": {""rank"": 2, ""score"": 70.7341770806281}, ""faiss"": {""rank"": 1, ""score"": 0.6660271004474396}}",,"Scheme: Indira Gandhi National Disability Pension Scheme Ministry: Ministry Of Rural Development Department: Department of Rural Development Level: Central Scheme type: Central Sector Scheme Target beneficiaries: Individual Overview The scheme aims to provide social security pensions to divyangjans aged 18 and above who belong to a poor family (BPL) in society. Detailed description The ""Indira Gandhi National Disability Scheme"" was launched in February 2009 by the Ministry of Rural Development, headed by the central government, to support disabled people in our country. This scheme, introduced under the National Social Assistance Program provides a monthly pension to disabled people for the ",pending,,,,
q_0077,entity_relation,How are Indira Gandhi National Disability Pension Scheme and Indira Gandhi National Widow Pension Scheme related through gram panchayat / municipality?,chunk_eabef128,"{""bm25"": {""rank"": 1, ""score"": 77.90119517047553}, ""faiss"": {""rank"": 2, ""score"": 0.664017990511991}}",1,"Scheme: Indira Gandhi National Widow Pension Scheme Ministry: Ministry Of Rural Development Department: Department of Rural Development Implementing agency: State/UT Government Level: Central Scheme type: Central Sector Scheme Target beneficiaries: Individual Overview A non-contributory pension scheme to provide social security to widows of poor family (BPL) of the society. Detailed description Indira Gandhi National Widow Pension Scheme (IGNWPS) is implemented by Ministry of Rural Development, Government of India. It is a non-contributory pension scheme to provide social security to widows of poor family (BPL) of the society. Benefits A pension of ₹ 300/- per month is provided to Widows bet",pending,,,,
q_0078,entity_relation,How are CIFE - Institutional Fellowship and SMILE related through the university/institute?,chunk_0ea575f7,"{""entity_graph"": {""rank"": 1, ""score"": 0.5}}",,"1 | P a g e Support for Marginalized Individuals for Livelihood and Enterprise (SMILE) GUIDELINES GOVERNMENT OF INDIA MINISTRY OF SOCIAL JUSTICE & EMPOWERMENT DEPARTMENT OF SOCIAL JUSTICE AND EMPOWERMENT (w.e.f. 12th February 2022) ********* The Ministry of Social Justice and Empowerment has formulated an umbrella scheme “SMILE - Support for Marginalized Individuals for Livelihood and Enterprise”, which includes two sub-schemes - ‘Central Sector Scheme for Comprehensive Rehabilitation for Welfare of Transgender Persons’ and ‘Central Sector Scheme for Comprehensive Rehabilitation of persons engaged in the act of Begging’. This umbrella scheme would cover several comprehensive measures includi",pending,,,,
q_0078,entity_relation,How are CIFE - Institutional Fellowship and SMILE related through the university/institute?,chunk_136cd204,"{""bm25"": {""rank"": 1, ""score"": 30.08804241670217}, ""faiss"": {""rank"": 1, ""score"": 0.49962795662509696}, ""entity_graph"": {""rank"": 2, ""score"": 0.5}}",1,"Scheme: CIFE - Institutional Fellowship Ministry: Ministry Of Agriculture and Farmers Welfare Implementing agency: Indian Council Of Agricultural Research (ICAR) Level: Central Scheme type: Central Sector Scheme Target beneficiaries: Individual Overview From the year 2010 onwards, the division is offering Masters and PhD in two disciplines namely Fish Nutrition and Feed Technology and Fish physiology and Biochemistry with an objective of moulding professionals with fundamental and advanced knowledge and expertise. Detailed description ICAR-CIFE offers two years Masters (Masters in Fisheries Science) and three years Doctoral (Ph.D.) degrees in as many as eleven specialised disciplines of fish",pending,,,,
q_0078,entity_relation,How are CIFE - Institutional Fellowship and SMILE related through the university/institute?,chunk_1dc99057,"{""bm25"": {""rank"": 2, ""score"": 24.19608306946408}}",,"field under 10 + 2 + 4 are eligible to apply for admission. Candidates must have obtained at least 60% marks or an overall grade point average (OGPA) of 6.50 out of 10.00, 3.25 out of 5.00 or 2.60 out of 4.00 (for SC/ST candidates 55% marks or OGPA of 6.00 out of 10.00, 3.00 out of 5.00 or 2.40 out of 4.00). Ph.D . B.F.Sc. & M.F.Sc. (4 +2 yrs) or B.Sc & M.Sc. (3yrs) from CIFE (till 1995), with M.F.Sc./M.Sc. OGPA 7.5 out of 10 and 3.75 out of 5 For General / OBC candidates (OGPA for SC/ST candidates is 7.00 out of 10 and 3.50 out of 5). (OR) D.F.Sc. from CIFE, provided the candidate holds a Bachelor's degree in biological science and has two years of experience in fisheries development work a",pending,,,,
q_0078,entity_relation,How are CIFE - Institutional Fellowship and SMILE related through the university/institute?,chunk_508821ca,"{""entity_graph"": {""rank"": 3, ""score"": 0.5}}",,GOVERNMENT OF INDIA MINISTRY OF SOCIAL JUSTICE & EMPOWERMENT DEPARTMENT OF SOCIAL JUSTICE & EMPOWERMENT Support for Marginalized Individuals for Livelihood and Enterprise (SMILE) Guidelines for SMILE Sub-Scheme Comprehensive Rehabilitation of Persons engaged in the act of Begging (Implemented w.e.f. 12.02.2022) (1st Revision w.e.f 23.10.2023) (2nd Revision w.e.f 10.06.2025) ******** Revised Scheme Guidelines for SMILE Sub-Scheme Comprehensive Rehabilitation of Persons Engaged in the Act of Begging 1. INTRODUCTION (i) The Ministry of Social Justice and Empowerment has formulated an umbrella Central Sector Scheme called “Support for Marginalized Individuals for Livelihood and Enterprise (SMILE,pending,,,,
q_0078,entity_relation,How are CIFE - Institutional Fellowship and SMILE related through the university/institute?,chunk_850ce67c,"{""faiss"": {""rank"": 2, ""score"": 0.4903839279372602}}",,"fellowship. Question: How is the fellowship disbursed in terms of timing and mode? Answer: The fellowship is disbursed from the date of the JRF award letter or the date of joining M.Phil./Ph.D., whichever is later. It is granted up to the date of Ph.D. thesis submission or a maximum of five years. The mode of disbursal is through Direct Benefit Transfer (DBT) to Aadhaar-linked bank accounts. Question: Is there a limit on the number of fellowships awarded each year? Answer: The scheme provides 2000 new Fellowships annually, including 1500 Junior Research Fellowships for Humanities/Social Sciences and 500 Junior Research Fellowships for Science streams. Question: Which department oversees this",pending,,,,
q_0078,entity_relation,How are CIFE - Institutional Fellowship and SMILE related through the university/institute?,chunk_8caef92e,"{""bm25"": {""rank"": 3, ""score"": 18.307707488575026}, ""faiss"": {""rank"": 3, ""score"": 0.48182995725476313}}",,"Scheme: Maulana Azad National Fellowship For Minority Students Ministry: Ministry Of Minority Affairs Implementing agency: University Grant Commission Level: Central Scheme type: Central Sector Scheme Target beneficiaries: Individual Overview Maulana Azad National Fellowship For Minority Students was launched in 2009 by the Ministry of Minority Affairs for providing financial aid to students for their higher studies. Detailed description The objective of the Fellowship is to provide five year fellowships in the form of financial assistance to students from minority communities, notified by the Central Government, to pursue M. Phil and Ph.D. The scheme covers all Universities/Institutions rec",pending,,,,
q_0079,entity_relation,How are Indira Gandhi National Widow Pension Scheme and Mahatma Gandhi National Rural Employment Guarantee Act related through ministry of rural development department?,chunk_389c9415,"{""entity_graph"": {""rank"": 1, ""score"": 0.5}}",,"the details of wage payments like work ID, wage rate, number of days worked, amount earned by the worker during the week, number of mandays completed per HH and number of mandays of employment due to the households concerned etc. The format of the Wage Slip can be found in Annexure-15 of the scheme guidelines. Question: How Are The Payments Of Wages Made To The Wage Seekers? Answer: The payment of wages shall, unless so exempted by the Central Government, be made through the individual savings accounts of the workers in the relevant banks or post offices. Question: Is There Any Authentic Document Required To Open The Wage Seeker Account? Answer: MGNREGS Job Card, duly signed by the concerned",pending,,,,
q_0079,entity_relation,How are Indira Gandhi National Widow Pension Scheme and Mahatma Gandhi National Rural Employment Guarantee Act related through ministry of rural development department?,chunk_74005926,"{""entity_graph"": {""rank"": 2, ""score"": 0.5}}",1,"Scheme: Mahatma Gandhi National Rural Employment Guarantee Act Ministry: Ministry Of Rural Development Department: Department of Rural Development Implementing agency: Gram Panchayats (GPs) Level: Central Scheme type: Centrally Sponsored Scheme Target beneficiaries: Individual Overview An employment scheme by the MoRD, providing provide at least 100 days of guaranteed wage employment in a financial year to every rural household whose adult members volunteer to do unskilled work. Any Indian citizen above the age of 18 years and residing in a rural area can apply to this scheme. Detailed description An employment scheme by the Ministry of Rural Development, providing provide at least 100 days ",pending,,,,
q_0079,entity_relation,How are Indira Gandhi National Widow Pension Scheme and Mahatma Gandhi National Rural Employment Guarantee Act related through ministry of rural development department?,chunk_c98d9530,"{""bm25"": {""rank"": 3, ""score"": 54.9102553374281}, ""faiss"": {""rank"": 3, ""score"": 0.6248791982192085}}",,"Scheme: NSAP - Indira Gandhi National Old Age Pension Scheme Ministry: Ministry Of Rural Development Department: Department of Rural Development Level: Central Scheme type: Centrally Sponsored Scheme Target beneficiaries: Individual Overview ""Indira Gandhi National Old Age Pension Scheme"" is one of the five sub-schemes of the National Social Assistance Programme. Under IGNOAPS, citizens living Below Poverty Line and 60 years or above in age are eligible to apply. A monthly pension of ₹ 200 up to 79 years and ₹ 500 thereafter. Detailed description The ""Indira Gandhi National Old Age Pension Scheme (IGNOAPS)"" is one of the five sub-schemes of the National Social Assistance Programme, Ministry ",pending,,,,
q_0079,entity_relation,How are Indira Gandhi National Widow Pension Scheme and Mahatma Gandhi National Rural Employment Guarantee Act related through ministry of rural development department?,chunk_db96f02b,"{""faiss"": {""rank"": 2, ""score"": 0.651185443442767}}",,"Scheme: Indira Gandhi National Disability Pension Scheme Ministry: Ministry Of Rural Development Department: Department of Rural Development Level: Central Scheme type: Central Sector Scheme Target beneficiaries: Individual Overview The scheme aims to provide social security pensions to divyangjans aged 18 and above who belong to a poor family (BPL) in society. Detailed description The ""Indira Gandhi National Disability Scheme"" was launched in February 2009 by the Ministry of Rural Development, headed by the central government, to support disabled people in our country. This scheme, introduced under the National Social Assistance Program provides a monthly pension to disabled people for the ",pending,,,,
q_0079,entity_relation,How are Indira Gandhi National Widow Pension Scheme and Mahatma Gandhi National Rural Employment Guarantee Act related through ministry of rural development department?,chunk_eabef128,"{""bm25"": {""rank"": 2, ""score"": 57.02928534983909}, ""faiss"": {""rank"": 1, ""score"": 0.6689876975157059}}",1,"Scheme: Indira Gandhi National Widow Pension Scheme Ministry: Ministry Of Rural Development Department: Department of Rural Development Implementing agency: State/UT Government Level: Central Scheme type: Central Sector Scheme Target beneficiaries: Individual Overview A non-contributory pension scheme to provide social security to widows of poor family (BPL) of the society. Detailed description Indira Gandhi National Widow Pension Scheme (IGNWPS) is implemented by Ministry of Rural Development, Government of India. It is a non-contributory pension scheme to provide social security to widows of poor family (BPL) of the society. Benefits A pension of ₹ 300/- per month is provided to Widows bet",pending,,,,
q_0079,entity_relation,How are Indira Gandhi National Widow Pension Scheme and Mahatma Gandhi National Rural Employment Guarantee Act related through ministry of rural development department?,chunk_f5cbeb2b,"{""bm25"": {""rank"": 1, ""score"": 69.35491345317877}, ""entity_graph"": {""rank"": 3, ""score"": 0.5}}",,"Government of India are implementing a number of schemes which target a variety of beneficiaries. In most of such schemes, special emphasis is given to cover the weaker sections of the society and other disadvantaged groups. The Expert Committee is of the view that these schemes could be effectively utilized for providing benefits to such transgender persons who are eligible under those schemes. Some of such schemes/programmes are mentioned below (this list is not exhaustive): Mahatma Gandhi National Rural Employment Guarantee Act (MGNREGA) 2. The Mahatma Gandhi National Rural Employment Guarantee Act (MGNREGA) was a major initiative of the 11thFive Year Plan period. This aims at enhancing t",pending,,,,
q_0080,entity_relation,How are Centrally Sponsored Scheme of Upgradation of Merit of Scheduled Caste Students and PM Janjati Adivasi Nyaya Maha Abhiyan (PM JANMAN) related through states and union territories?,chunk_01ca802c,"{""entity_graph"": {""rank"": 1, ""score"": 0.5}}",,"the primary objective of the scheme? Answer: The scheme aims to provide hostel facilities to students belonging to socially and educationally backward classes, especially from rural areas, to enable them to pursue secondary and higher education. Question: Who are the implementing agencies eligible for assistance under this scheme? Answer: Eligible agencies include State Governments, Union Territory Administrations, and institutions or organizations set up by the Central Government as autonomous bodies under a statute (e.g., Central Universities, IITs, NITs).​ Question: What are the cost norms per hostel seat in different regions? Answer: The cost per hostel seat is as follows:​ 1. North East",pending,,,,
q_0080,entity_relation,How are Centrally Sponsored Scheme of Upgradation of Merit of Scheduled Caste Students and PM Janjati Adivasi Nyaya Maha Abhiyan (PM JANMAN) related through states and union territories?,chunk_02155a58,"{""entity_graph"": {""rank"": 2, ""score"": 0.5}}",,"share to this Escrow account as per the cost sharing ratio between the Centre and State/UT. The fund available in the dedicated Escrow account are meant for transfer to the beneficiaries under the scheme. In no case, the funds from this account should be diverted for any other purpose. The funds from this account shall be transferred to the beneficiaries through PFMS in DBT mode. II. To meet the administrative and other expenditures the funds shall also be transferred by MWCD to the States/UTs as per schematic norms through PFMS in the State/ UT treasury. The State/UT after crediting their respective shares shall make it available to the Department for smooth implementation of the scheme. II",pending,,,,
q_0080,entity_relation,How are Centrally Sponsored Scheme of Upgradation of Merit of Scheduled Caste Students and PM Janjati Adivasi Nyaya Maha Abhiyan (PM JANMAN) related through states and union territories?,chunk_02502564,"{""entity_graph"": {""rank"": 3, ""score"": 0.5}}",,"empowerment. The tailor-made skill based training programmes need to be developed with the help of Jan Shikshan Sansthans, NSDC and lifelong learning programmes of universities and colleges. • Financial incentives/scholarship for the transgender persons: Government should provide scholarship/entitlements, fee-waiver, free textbooks, free hostel accommodation and other facilities at subsidized rates for students belonging to this group. • Establishment of anti-discrimination cell: All the educational institutions/universities should establish an anti-discrimination cell to monitor any form of discrimination/harassment against the transgender students. • Create an enabling environment: There i",pending,,,,
q_0080,entity_relation,How are Centrally Sponsored Scheme of Upgradation of Merit of Scheduled Caste Students and PM Janjati Adivasi Nyaya Maha Abhiyan (PM JANMAN) related through states and union territories?,chunk_0e5de080,"{""bm25"": {""rank"": 1, ""score"": 91.30156926155249}}",1,"Scheme: PM Janjati Adivasi Nyaya Maha Abhiyan (PM JANMAN) Ministry: Ministry Of Tribal Affairs Level: Central Scheme type: Central Sector Scheme Target beneficiaries: Individual, Family Overview The scheme aims to improve the socio-economic status of PVTGs by saturating families and habitations with basic facilities and services. It provides 11 critical infrastructure and welfare interventions, including housing, water, electricity, and connectivity. Detailed description The scheme “PM- Janjati Adivasi Nyaya Maha Abhiyan (PM JANMAN)” was launched by the Ministry of Tribal Affairs, Government of India, aims to improve the socio-economic status of Particularly Vulnerable Tribal Groups (PVTGs) ",pending,,,,
q_0080,entity_relation,How are Centrally Sponsored Scheme of Upgradation of Merit of Scheduled Caste Students and PM Janjati Adivasi Nyaya Maha Abhiyan (PM JANMAN) related through states and union territories?,chunk_4eb05876,"{""bm25"": {""rank"": 2, ""score"": 64.15977459294812}}",1,"for any reason. Question: How many years of continuous coaching support can a student expect to receive through this educational enhancement initiative? Answer: Students receive four years of continuous coaching support from class 9 to class 12, ensuring sufficient time for addressing educational deficiencies and competitive exam preparation. Question: What specific subjects and areas are covered under the remedial coaching component of this merit upgradation program? Answer: Remedial coaching focuses on removing educational deficiencies in linguistic skills, Science and Mathematics, while also promoting proper study habits among Scheduled Caste students. Question: Are there any special prov",pending,,,,
q_0080,entity_relation,How are Centrally Sponsored Scheme of Upgradation of Merit of Scheduled Caste Students and PM Janjati Adivasi Nyaya Maha Abhiyan (PM JANMAN) related through states and union territories?,chunk_89df265a,"{""faiss"": {""rank"": 2, ""score"": 0.5890698525255207}}",,"Scheme: National Overseas Scholarship For Scheduled Tribes (ST) Students Ministry: Ministry Of Tribal Affairs Implementing agency: Ministry Of External Affairs (MEA) Level: Central Scheme type: Central Sector Scheme Target beneficiaries: Individual Overview A scholarship scheme by the Ministry of Tribal Affairs for regular, full-time ST students to obtain higher education (post-graduate courses viz. Masters, Ph.D. and Post-Doctoral Research) from foreign institutes/universities. The Scheme is implemented through the Indian Embassies. Detailed description A scholarship scheme by the Ministry of Tribal Affairs for regular, full-time students from Scheduled Tribes, to obtain higher education (p",pending,,,,
q_0080,entity_relation,How are Centrally Sponsored Scheme of Upgradation of Merit of Scheduled Caste Students and PM Janjati Adivasi Nyaya Maha Abhiyan (PM JANMAN) related through states and union territories?,chunk_b086a42d,"{""bm25"": {""rank"": 3, ""score"": 53.2656584018781}, ""faiss"": {""rank"": 1, ""score"": 0.6266775557820635}}",,"Scheme: Centrally Sponsored Scheme of Upgradation of Merit of Scheduled Caste Students Ministry: Ministry Of Social Justice and Empowerment Department: Department of Social Justice & Empowerment Level: Central Scheme type: Centrally Sponsored Scheme Target beneficiaries: Individual Overview The scheme aims to upgrade the merit of Scheduled Caste students by providing them with facilities for all round development through education in residential or non-residential schools, addressing their educational deficiencies that prevent them from taking advantage of reservation quotas. Detailed description The scheme ""Centrally Sponsored Scheme of Upgradation of Merit of Scheduled Caste Students"" was ",pending,,,,
q_0080,entity_relation,How are Centrally Sponsored Scheme of Upgradation of Merit of Scheduled Caste Students and PM Janjati Adivasi Nyaya Maha Abhiyan (PM JANMAN) related through states and union territories?,chunk_dbc5cc45,"{""faiss"": {""rank"": 3, ""score"": 0.5741106498224718}}",,"Scheme: Post Matric Scholarship Scheme For The Students Belonging To Scheduled Tribe For Studies In India Ministry: Ministry Of Tribal Affairs Level: Central Scheme type: Centrally Sponsored Scheme Target beneficiaries: Individual Overview This is a centrally sponsored scheme by the Ministry of Tribal Affairs, for the students of Scheduled Tribe (ST) for studies in India. This scheme is for pursuing higher education starting from class XI to Post Graduation courses in India. Detailed description ""Post Matric Scholarship Scheme For The Students Belonging To Scheduled Tribe For Studies In India"" is a centrally sponsored scheme by the Ministry of Tribal Affairs, for the students of Scheduled Tr",pending,,,,
q_0081,multi_hop,What combined evidence connects National Savings Certificates (VIII-Issue) Scheme and Pradhan Mantri Jeevan Jyoti Bima Yojana through ministry of finance department?,chunk_02a282c8,"{""entity_graph"": {""rank"": 1, ""score"": 0.5}}",,"Scheme: Internship Scheme Of The Department Of Economic Affairs Ministry: Ministry Of Finance Department: Department Of Economic Affairs Level: Central Scheme type: Central Sector Scheme Target beneficiaries: Individual Overview The Internship Scheme aims to familiarise students with macro-economic policy formulation and economic research. Through this scheme, internship opportunities with token remuneration are provided to eligible Post Graduate and PhD students. Detailed description The scheme ""Internship Scheme Of The Department Of Economic Affairs"" has been implemented by the Department of Economic Affairs, Ministry of Finance, Government of India, aiming to familiarize selected candidat",pending,,,,
q_0081,multi_hop,What combined evidence connects National Savings Certificates (VIII-Issue) Scheme and Pradhan Mantri Jeevan Jyoti Bima Yojana through ministry of finance department?,chunk_060211a3,"{""entity_graph"": {""rank"": 2, ""score"": 0.5}}",,"nominee details. Step 4: A self-certification process for the eligibility conditions will be completed by the applicant. Following this, the system will automatically calculate the monthly contribution amount payable according to the age of the beneficiary. Application and Payment Process Step 5: The enrolled beneficiary will pay the first subscription amount in cash directly to the VLE. This initial contribution payment activates the subscription to the pension scheme. Step 6: An enrollment cum auto-debit mandate form will be generated and printed by the system. This mandate form must be signed by the beneficiary, after which the VLE will scan the document and upload it securely into the sy",pending,,,,
q_0081,multi_hop,What combined evidence connects National Savings Certificates (VIII-Issue) Scheme and Pradhan Mantri Jeevan Jyoti Bima Yojana through ministry of finance department?,chunk_0919edc8,"{""entity_graph"": {""rank"": 3, ""score"": 0.5}}",,"benefits, what specific technology must be used on the official mobile application to properly verify my identity? Answer: You must authenticate your Universal Account Number utilizing the Facial Authentication Technology available on the UMANG mobile application to be eligible for the first-timer incentives. Question: In order to maintain active eligibility and continue receiving the promised financial incentives for generating new jobs, what specific monthly compliance action must the employer ensure is completed without fail? Answer: Employers must consistently file the monthly Electronic Challan-cum-Return along with the prescribed amount of provident fund contributions for their employe",pending,,,,
q_0081,multi_hop,What combined evidence connects National Savings Certificates (VIII-Issue) Scheme and Pradhan Mantri Jeevan Jyoti Bima Yojana through ministry of finance department?,chunk_2a4d53ce,"{""bm25"": {""rank"": 1, ""score"": 52.84049901932669}}",1,"Scheme: Pradhan Mantri Jeevan Jyoti Bima Yojana Ministry: Ministry Of Finance Department: Department of Financial Service Implementing agency: Banks Level: Central Scheme type: Central Sector Scheme Target beneficiaries: Individual Overview Pradhan Mantri Jeevan Jyoti Bima Yojana (PMJJBY) is an insurance scheme offering life insurance cover for death due to any reason. It is a one-year cover, renewable from year to year. The scheme is offered by banks/post offices and administered through life insurance companies. Detailed description Pradhan Mantri Jeevan Jyoti Bima Yojana (PMJJBY) is an insurance scheme offering life insurance cover for death due to any reason. It is a one-year cover, rene",pending,,,,
q_0081,multi_hop,What combined evidence connects National Savings Certificates (VIII-Issue) Scheme and Pradhan Mantri Jeevan Jyoti Bima Yojana through ministry of finance department?,chunk_326058bd,"{""bm25"": {""rank"": 3, ""score"": 35.6631043201658}}",,0% 6. Electricity and clean fuel 6.1 Whether the village has been electrified? (Yes/No) Yes No 6.2 % of households having electricity connection >75% 50-75% <50% 6.3 % of households using at least one LED bulb >75% 50-75% <50% 6.4 % of households having gas connection >75% 50-75% <50% 6.5 % of internal roads having street lights >75% 50-75% <50% 7. Agricultural Practices etc. 7.1 % of eligible farmers provided with Soil Health Card >75% 50-75% <50% 7.2 Extent (in %) of organic farming practices adopted >75% 50-75% <50% 7.3 Extent (in %) of watershed management practices adopted >75% 50-75% <50% 8. Financial Inclusion 8.1 % of village population (>5 years) having Aadhaar Identification >98% 0,pending,,,,
q_0081,multi_hop,What combined evidence connects National Savings Certificates (VIII-Issue) Scheme and Pradhan Mantri Jeevan Jyoti Bima Yojana through ministry of finance department?,chunk_8fc66a96,"{""faiss"": {""rank"": 3, ""score"": 0.5616820340763218}}",,a ‘Succession Certificate’ issued by the court along with the following documents; namely: (a) claim form; (b) passbook or deposit receipt or statement of account in original; (c) death certificate of the account holder. Required documents Passport size Photo Aadhaar Card PAN Card Proof of age i.e. Birth Certificate The following documents are accepted as valid documents for the purpose of identification and address proof: Passport Driving license Voter’s ID card Job card issued by NREGA signed by the State Government officer Letter issued by the National Population Register containing details of name and address; Frequently asked questions Question: What is National Savings Certificate? Ans,pending,,,,
q_0081,multi_hop,What combined evidence connects National Savings Certificates (VIII-Issue) Scheme and Pradhan Mantri Jeevan Jyoti Bima Yojana through ministry of finance department?,chunk_aa3beb45,"{""faiss"": {""rank"": 2, ""score"": 0.5617865499778328}}",,"Scheme: Mahila Samman Savings Certificate Ministry: Ministry Of Finance Department: Department Of Economic Affairs Implementing agency: Post Office Branch Or A Designated Bank Level: Central Scheme type: Central Sector Scheme Target beneficiaries: Individual Overview The scheme aims to provide a secure savings option with assured returns for women. Through this scheme, 7.5% interest and flexible savings benefits are provided to women and minor girls. Detailed description The scheme “Mahila Samman Savings Certificate” launched by the Department of Economic Affairs, Ministry of Finance aims to provide financial security and attractive investment opportunities to girls and women in India. It is",pending,,,,
q_0081,multi_hop,What combined evidence connects National Savings Certificates (VIII-Issue) Scheme and Pradhan Mantri Jeevan Jyoti Bima Yojana through ministry of finance department?,chunk_e41622a9,"{""bm25"": {""rank"": 2, ""score"": 36.29088681140107}, ""faiss"": {""rank"": 1, ""score"": 0.6243595949384838}}",1,"Scheme: National Savings Certificates (VIII-Issue) Scheme Ministry: Ministry Of Finance Department: Department Of Economic Affairs Implementing agency: Post Office Branch Or A Designated Bank Level: Central Scheme type: Central Sector Scheme Target beneficiaries: Individual Overview The scheme “National Savings Certificates (VIII-Issue) Scheme” was launched by the Department of Economic Affairs, Ministry of Finance, Government of India to promote a culture of long-term savings among individuals. Detailed description The scheme “National Savings Certificates (VIII-Issue) Scheme” was launched by the Department of Economic Affairs, Ministry of Finance, Government of India to promote a culture o",pending,,,,
q_0082,multi_hop,What combined evidence connects Scheme for Prevention of Alcoholism and Substance Abuse and SMILE through national institute of social defence?,chunk_0ea575f7,"{""entity_graph"": {""rank"": 1, ""score"": 0.5}}",,"1 | P a g e Support for Marginalized Individuals for Livelihood and Enterprise (SMILE) GUIDELINES GOVERNMENT OF INDIA MINISTRY OF SOCIAL JUSTICE & EMPOWERMENT DEPARTMENT OF SOCIAL JUSTICE AND EMPOWERMENT (w.e.f. 12th February 2022) ********* The Ministry of Social Justice and Empowerment has formulated an umbrella scheme “SMILE - Support for Marginalized Individuals for Livelihood and Enterprise”, which includes two sub-schemes - ‘Central Sector Scheme for Comprehensive Rehabilitation for Welfare of Transgender Persons’ and ‘Central Sector Scheme for Comprehensive Rehabilitation of persons engaged in the act of Begging’. This umbrella scheme would cover several comprehensive measures includi",pending,,,,
q_0082,multi_hop,What combined evidence connects Scheme for Prevention of Alcoholism and Substance Abuse and SMILE through national institute of social defence?,chunk_21611109,"{""bm25"": {""rank"": 1, ""score"": 46.02855471278828}, ""faiss"": {""rank"": 1, ""score"": 0.5478397328345053}}",1,for the Programmes under the Scheme for Prevention of Alcoholism and Substance (Drugs) Abuse Annexure 4. 6 Follow-up Card Name of the organization : Contact person : Address of treatment centre : Phone : Land mark : Fax no : Best way of reaching the centre : E.mail : Date Report of Visit / feedback letter / letter received with details Details of staff Sl.no Name Age & Education Designation Date of joining the organization Training attended –RRTC/NISD Annexure 4.7 Training needs assessment format Name of the Centre: Contact Person: Postal Address: Phone: E.mail: Name of the trainings Project Director Medical Officer Coun- selor Coun- selor Psycho- logist Social Worker Peer educator Nurse War,pending,,,,
q_0082,multi_hop,What combined evidence connects Scheme for Prevention of Alcoholism and Substance Abuse and SMILE through national institute of social defence?,chunk_23905c3c,"{""bm25"": {""rank"": 3, ""score"": 38.43423142999268}}",,"termination of grant to the centre/project based on services inspected. Provide specific reasons for conclusions and observations: (Enclose a statement if necessary, duly signed) ____________________________________________________________________ ____________________________________________________________________ ____________________________________________________________________ ____________________________________________________________________ Date of Inspection Signature of Inspecting Officers Manual on Minimum Standards of Services for the Programmes under the Scheme for Prevention of Alcoholism and Substance (Drugs) Abuse Annexure 4.13 WEBSITES AVAILABLE Government Sites - Governme",pending,,,,
q_0082,multi_hop,What combined evidence connects Scheme for Prevention of Alcoholism and Substance Abuse and SMILE through national institute of social defence?,chunk_508821ca,"{""entity_graph"": {""rank"": 2, ""score"": 0.5}}",,GOVERNMENT OF INDIA MINISTRY OF SOCIAL JUSTICE & EMPOWERMENT DEPARTMENT OF SOCIAL JUSTICE & EMPOWERMENT Support for Marginalized Individuals for Livelihood and Enterprise (SMILE) Guidelines for SMILE Sub-Scheme Comprehensive Rehabilitation of Persons engaged in the act of Begging (Implemented w.e.f. 12.02.2022) (1st Revision w.e.f 23.10.2023) (2nd Revision w.e.f 10.06.2025) ******** Revised Scheme Guidelines for SMILE Sub-Scheme Comprehensive Rehabilitation of Persons Engaged in the Act of Begging 1. INTRODUCTION (i) The Ministry of Social Justice and Empowerment has formulated an umbrella Central Sector Scheme called “Support for Marginalized Individuals for Livelihood and Enterprise (SMILE,pending,,,,
q_0082,multi_hop,What combined evidence connects Scheme for Prevention of Alcoholism and Substance Abuse and SMILE through national institute of social defence?,chunk_848cc9ee,"{""bm25"": {""rank"": 2, ""score"": 45.12707320051908}, ""faiss"": {""rank"": 3, ""score"": 0.5348170775091928}}",,MANUAL ON MINIMUM STANDARDS OF SERVICES FOR THE PROGRAMMES UNDER THE SCHEME FOR PREVENTION OF ALCOHOLISM AND SUBSTANCE (DRUGS) ABUSE Prepared by National Institute of Social Defence & Regional Resource and Training Centres Page no. Chapter 1 Introduction and about the scheme Chapter 2 Integrated Rehabilitation Centre for Addicts (IRCA) –with annexure Chapter 3 Awareness-Cum-De-addiction Camps (ACDC) and programme for prevention of alcoholism and drug abuse at workplace (WPP) - with annexure Chapter 4 Regional Resource and Training Centres (RRTC) - with annexure Chapter 5 Responsibilities of staff and code of ethics - rights for staff and clients - with annexure List of References CHAPTER 1 M,pending,,,,
q_0082,multi_hop,What combined evidence connects Scheme for Prevention of Alcoholism and Substance Abuse and SMILE through national institute of social defence?,chunk_d41b20f1,"{""entity_graph"": {""rank"": 3, ""score"": 0.5}}",,"/Rented home i. Up to 4 Shelter Homes allowed with capacity utilisation between 80-100%. Beyond 4 it will be approved on case-to-case basis with proper justification. ii. Existing Shelter homes from MoHUA or State Govt. or Local Administration must be utilised. Only in case of non-availability, rented shelter home could be considered on merit for which a maximum rent of Rs.40,000/- per shelter home per month may be considered. PART B: COST NORMS FOR ACTIVITIES TO BE IMPLEMENTED BY THE DEPARTMENT (DOSJE) S. No. Cost Head Cost Unit Cost Norms (Rs.) IEC/Media Activities/Events at National Level by the Ministry Per Year 5,00,000 National/Regional Capacity Building/Trainings/Orientations on SMILE",pending,,,,
q_0082,multi_hop,What combined evidence connects Scheme for Prevention of Alcoholism and Substance Abuse and SMILE through national institute of social defence?,chunk_fd0e501e,"{""faiss"": {""rank"": 2, ""score"": 0.5432254855049672}}",,"of Assistance The quantum of assistance shall not be more than 90% of the approved expenditure. In case of the seven North Eastern States, Sikkim and J & K, the quantum of assistance will be 95% of the total admissible expenditure. The balance of the approved expenditure shall have to be borne by the implementing agency out of its own resources. The Universities, Schools of Social Work and such other institutions of higher learning will be eligible for 100% reimbursement of approved expenditure. Services under the scheme The following components are admissible 1. Integrated rehabilitation centre for addicts (IRCA) 2. Programme for prevention of alcoholism and drug abuse at workplace (WPP) 3.",pending,,,,
q_0083,multi_hop,What combined evidence connects Ambedkar Social Innovation and Incubation Mission (ASIIM) and Credit Enhancement Guarantee Scheme For The Scheduled Castes through scheduled caste?,chunk_02155a58,"{""entity_graph"": {""rank"": 1, ""score"": 0.5}}",,"share to this Escrow account as per the cost sharing ratio between the Centre and State/UT. The fund available in the dedicated Escrow account are meant for transfer to the beneficiaries under the scheme. In no case, the funds from this account should be diverted for any other purpose. The funds from this account shall be transferred to the beneficiaries through PFMS in DBT mode. II. To meet the administrative and other expenditures the funds shall also be transferred by MWCD to the States/UTs as per schematic norms through PFMS in the State/ UT treasury. The State/UT after crediting their respective shares shall make it available to the Department for smooth implementation of the scheme. II",pending,,,,
q_0083,multi_hop,What combined evidence connects Ambedkar Social Innovation and Incubation Mission (ASIIM) and Credit Enhancement Guarantee Scheme For The Scheduled Castes through scheduled caste?,chunk_030a851f,"{""entity_graph"": {""rank"": 2, ""score"": 0.5}}",,"in view the scope of insurance coverage: Loss by Theft, War, Invasion, Civil War. Rebellion, Revolution, Insurrection, Mutiny, Lockout, Malicious Damage, Conspiracy, Military/Usurped Power, Civil Commotion, Confiscation, Requisition/Destruction/damage by order of any Government de-jure/de-facto/by any public/municipal/local authority, including damage due to power transmission. Nuclear reaction, nuclear radiation or radioactive contamination. Impact damage due to aircraft or other falling objects Wilful negligence of the insured and anyone acting on his behalf. Damage caused by human, bird or any animal action. Improper maintenance of palms. Palm becoming unhealthy & senile. Natural morality",pending,,,,
q_0083,multi_hop,What combined evidence connects Ambedkar Social Innovation and Incubation Mission (ASIIM) and Credit Enhancement Guarantee Scheme For The Scheduled Castes through scheduled caste?,chunk_0406f424,"{""entity_graph"": {""rank"": 3, ""score"": 0.5}}",,"applicant should not exceed ₹4,50,000/- per annum from all sources. The applicant should have passed Class 12th or equivalent in the preceding year of study for applications called for the present year. The applicant should have secured admission in the first year of any degree course, either a general degree course of The scholarship shall only be provided for general degree courses, and technical and professional courses, including medical and paramedical courses, as certified by the Registrar/ Principal/ Director of University/ College/ Institute in any of the following universities/colleges/institutes: Universities/Institutions/Colleges included under Section 2(f) and 12 (B) of the UGC A",pending,,,,
q_0083,multi_hop,What combined evidence connects Ambedkar Social Innovation and Incubation Mission (ASIIM) and Credit Enhancement Guarantee Scheme For The Scheduled Castes through scheduled caste?,chunk_0aa09b91,"{""bm25"": {""rank"": 1, ""score"": 72.83221773274732}, ""faiss"": {""rank"": 1, ""score"": 0.6298793385680062}}",,"Scheme: Ambedkar Social Innovation and Incubation Mission (ASIIM) Ministry: Ministry Of Social Justice and Empowerment Department: Department of Social Justice & Empowerment Level: Central Scheme type: Central Sector Scheme Overview The scheme aims to boost entrepreneurship and innovation among SC students and SC differently-abled youth by providing focused support to translate innovative, technology-oriented business ideas into successful commercial enterprises. It offers equity funding and hand-holding support. Detailed description The scheme ""Ambedkar Social Innovation and Incubation Mission"" was launched on 30th September 2020, by the Department of Social Justice and Empowerment, Ministr",pending,,,,
q_0083,multi_hop,What combined evidence connects Ambedkar Social Innovation and Incubation Mission (ASIIM) and Credit Enhancement Guarantee Scheme For The Scheduled Castes through scheduled caste?,chunk_20e6ecdb,"{""bm25"": {""rank"": 2, ""score"": 70.32904098591264}, ""faiss"": {""rank"": 3, ""score"": 0.5761055627998487}}",,"Scheme: Credit Enhancement Guarantee Scheme For The Scheduled Castes Ministry: Ministry Of Social Justice and Empowerment Implementing agency: National Scheduled Castes Finance And Development Corporation (NSFDC) Level: Central Scheme type: Central Sector Scheme Overview The scheme aims to promote entrepreneurship, financial inclusion, and employment generation among Scheduled Castes. Through this scheme, credit enhancement guarantees are provided to banks and financial institutions financing eligible Scheduled Caste entrepreneurs. Detailed description The scheme ""Credit Enhancement Guarantee Scheme for the Scheduled Castes (SCs) (CEGSSC)"" by the Department of Social Justice and Empowerment,",pending,,,,
q_0083,multi_hop,What combined evidence connects Ambedkar Social Innovation and Incubation Mission (ASIIM) and Credit Enhancement Guarantee Scheme For The Scheduled Castes through scheduled caste?,chunk_ba1d8435,"{""bm25"": {""rank"": 3, ""score"": 64.6792720170093}, ""faiss"": {""rank"": 2, ""score"": 0.6040235435459653}}",1,"fund. Selection and Automatic Incubation The start-up ideas presented by Scheduled Caste (SC)/Scheduled Caste Divyang students that have been selected by the Technology Business Incubators (TBIs) will be automatically selected for incubation under the Ambedkar Social Innovation and Incubation Mission (ASIIM). Company Formation and Compliance Prior to receiving assistance, selected participants who are not already incorporated must convert their Proprietary Firms, Partnership Firms, One Person Company (OPC), Limited Liability Partnerships (LLPs), or other establishments into a Private Limited or Public Limited company. The incorporated company must ensure that the Scheduled Caste entrepreneur",pending,,,,
q_0084,multi_hop,What combined evidence connects Mahila Samman Savings Certificate and National Savings Certificates (VIII-Issue) Scheme through department of economic affairs implementing?,chunk_00d0910a,"{""entity_graph"": {""rank"": 3, ""score"": 0.3333333333333333}}",,"Rotavirus vaccine in national immunization programmes4 Universal Subnational None Operational Guidelines Figure 5: Impact of Rotavirus vaccine introduction on all cause diarrhea mortality rates among children <5 years in Mexico and Brazil7,8 3.2 Impact of Rotavirus vaccines in Public Health Programme Globally, marked declines have been observed in hospitalizations and deaths due to Rotavirus in countries that have introduced Rotavirus vaccines under national immunization programmes, including Australia, Austria, Bolivia, Brazil, El Salvador, Mexico, Brazil, Nicaragua, and the United States. 3.3 Currently Licensed Rotavirus Vaccines There are four Rotavirus Vaccines available in Indian market",pending,,,,
q_0084,multi_hop,What combined evidence connects Mahila Samman Savings Certificate and National Savings Certificates (VIII-Issue) Scheme through department of economic affairs implementing?,chunk_0817eb95,"{""faiss"": {""rank"": 2, ""score"": 0.5974795427233862}}",,"the account shall be eligible only for the interest rate less by 2% than the rate specified in this Scheme. 4. In calculating the maturity value, any amount in fraction of a rupee shall be rounded off to the nearest rupee and for this purpose; any amount of fifty paisa or more shall be treated as one rupee and any amount less than fifty paisa shall be ignored. Required documents 1. Passport size photograph 2. Proof of age, i.e. Birth Certificate 3. Aadhaar Card 4. PAN Card 5. Pay-in-Slip along with deposit amount or cheque 6. The following documents are accepted as valid documents for the purpose of identification and address proof: Passport Driving license Voter’s ID card Job card issued by",pending,,,,
q_0084,multi_hop,What combined evidence connects Mahila Samman Savings Certificate and National Savings Certificates (VIII-Issue) Scheme through department of economic affairs implementing?,chunk_8fc66a96,"{""bm25"": {""rank"": 3, ""score"": 41.96638803438585}, ""entity_graph"": {""rank"": 1, ""score"": 0.5}}",,a ‘Succession Certificate’ issued by the court along with the following documents; namely: (a) claim form; (b) passbook or deposit receipt or statement of account in original; (c) death certificate of the account holder. Required documents Passport size Photo Aadhaar Card PAN Card Proof of age i.e. Birth Certificate The following documents are accepted as valid documents for the purpose of identification and address proof: Passport Driving license Voter’s ID card Job card issued by NREGA signed by the State Government officer Letter issued by the National Population Register containing details of name and address; Frequently asked questions Question: What is National Savings Certificate? Ans,pending,,,,
q_0084,multi_hop,What combined evidence connects Mahila Samman Savings Certificate and National Savings Certificates (VIII-Issue) Scheme through department of economic affairs implementing?,chunk_aa3beb45,"{""bm25"": {""rank"": 2, ""score"": 43.06873466649378}, ""faiss"": {""rank"": 1, ""score"": 0.642084059305958}}",1,"Scheme: Mahila Samman Savings Certificate Ministry: Ministry Of Finance Department: Department Of Economic Affairs Implementing agency: Post Office Branch Or A Designated Bank Level: Central Scheme type: Central Sector Scheme Target beneficiaries: Individual Overview The scheme aims to provide a secure savings option with assured returns for women. Through this scheme, 7.5% interest and flexible savings benefits are provided to women and minor girls. Detailed description The scheme “Mahila Samman Savings Certificate” launched by the Department of Economic Affairs, Ministry of Finance aims to provide financial security and attractive investment opportunities to girls and women in India. It is",pending,,,,
q_0084,multi_hop,What combined evidence connects Mahila Samman Savings Certificate and National Savings Certificates (VIII-Issue) Scheme through department of economic affairs implementing?,chunk_e41622a9,"{""bm25"": {""rank"": 1, ""score"": 47.202051995671994}, ""faiss"": {""rank"": 3, ""score"": 0.5893745052454955}, ""entity_graph"": {""rank"": 2, ""score"": 0.5}}",1,"Scheme: National Savings Certificates (VIII-Issue) Scheme Ministry: Ministry Of Finance Department: Department Of Economic Affairs Implementing agency: Post Office Branch Or A Designated Bank Level: Central Scheme type: Central Sector Scheme Target beneficiaries: Individual Overview The scheme “National Savings Certificates (VIII-Issue) Scheme” was launched by the Department of Economic Affairs, Ministry of Finance, Government of India to promote a culture of long-term savings among individuals. Detailed description The scheme “National Savings Certificates (VIII-Issue) Scheme” was launched by the Department of Economic Affairs, Ministry of Finance, Government of India to promote a culture o",pending,,,,
q_0085,multi_hop,What combined evidence connects Micro Finance Scheme of NMDFC and National Mission on Edible Oils- Oil Palm through self help groups?,chunk_005a2521,"{""entity_graph"": {""rank"": 3, ""score"": 0.3333333333333333}}",,Scheme: IVRI Institute Scholarship For M.V.Sc. And Ph.D. Ministry: Ministry Of Agriculture and Farmers Welfare Department: Department of Agriculture Research and Education Implementing agency: Indian Council Of Agricultural Research (ICAR) Level: Central Scheme type: Centrally Sponsored Scheme Target beneficiaries: All Overview The Indian Veterinary Research Institute will award scholarships to MVSc and PhD students who need financial assistance.his provision will be utilized to assist as many students as possible who have good academic record and who are making diligent efforts to pursue higher education. Detailed description IVRI Institute Scholarship for M.V.Sc. and Ph.D. – The Indian Cou,pending,,,,
q_0085,multi_hop,What combined evidence connects Micro Finance Scheme of NMDFC and National Mission on Edible Oils- Oil Palm through self help groups?,chunk_1ec7678d,"{""faiss"": {""rank"": 3, ""score"": 0.4661273139921189}}",,"Scheme: Coconut Palm Insurance Scheme Ministry: Ministry Of Agriculture and Farmers Welfare Department: Department of Agriculture & Farmers Welfare Implementing agency: Coconut Development Board Level: Central Scheme type: Centrally Sponsored Scheme Target beneficiaries: Individual Overview The “Coconut Palm Insurance Scheme (CPIS)” is being implemented by the Coconut Development Board, Ministry of Agriculture and Farmers Welfare, Government of India with the objective of insuring coconut palms against natural calamities, climatic risks, pests, diseases, and other perils. Detailed description The “Coconut Palm Insurance Scheme (CPIS)” is being implemented by the Coconut Development Board, Mi",pending,,,,
q_0085,multi_hop,What combined evidence connects Micro Finance Scheme of NMDFC and National Mission on Edible Oils- Oil Palm through self help groups?,chunk_2bb715ea,"{""entity_graph"": {""rank"": 1, ""score"": 0.5}}",,"Scheme: Education Loan Scheme of NMDFC Ministry: Ministry Of Minority Affairs Implementing agency: National Minorities Development & Finance Corporation Level: Central Scheme type: Centrally Sponsored Scheme Target beneficiaries: All Overview Loan of upto ₹20,00,000/- for domestic courses & ₹30,00,000/- for courses abroad under Credit Line-1 and Credit line -2 is extended to beneficiaries belong to minority communities at 3% p.a. & 8% p.a respectively. Detailed description Under this scheme of NMDFC, loan is available for job oriented 'technical and professional courses' of durations not exceeding five years. Loan of upto ₹20,00,000/- for domestic courses & ₹30,00,000/- for courses abroad un",pending,,,,
q_0085,multi_hop,What combined evidence connects Micro Finance Scheme of NMDFC and National Mission on Edible Oils- Oil Palm through self help groups?,chunk_80d73df5,"{""bm25"": {""rank"": 3, ""score"": 36.056623630525245}, ""faiss"": {""rank"": 2, ""score"": 0.4917843148589119}, ""entity_graph"": {""rank"": 2, ""score"": 0.5}}",,"Scheme: Micro Finance Scheme of NMDFC Ministry: Ministry Of Minority Affairs Level: Central Scheme type: Centrally Sponsored Scheme Target beneficiaries: Self Help Groups (SHGS) Overview Under the scheme, an amount of Rs. 1 lakh under credit Line-1 & upto Rs. 1.5 lakh under Credit Line-2 is extended to each member of SHG (belong to Minority communities) at interest rate of 7% & 10% respectively. Concession of 2% is extended to women beneficiaries under Credit Line-2. Detailed description Under this Scheme of NMDFC, credit is extended to the members of the Self Help Groups (SHGs), predominantly comprising of the minority women scattered in remote villages and urban slums, who are not able to ",pending,,,,
q_0085,multi_hop,What combined evidence connects Micro Finance Scheme of NMDFC and National Mission on Edible Oils- Oil Palm through self help groups?,chunk_b6da3286,"{""bm25"": {""rank"": 2, ""score"": 36.726251240055085}}",1,"recommended to consult with the relevant authorities for detailed information on documents to be submitted. Frequently asked questions Question: What is the fund flow mechanism for the scheme? Answer: Release of Central and States’ share for this scheme will be through PFMS system. Both the GoI and State share of funds shall be transferred through defined mechanism of PFMS. Question: Is there a role of Panchayati Raj Institutions (PRIs) under the scheme? Answer: The State Governments may develop a sound mechanism for involvement of PRIs in the formulation, prioritization of activities & identification of beneficiaries at grass root level and ensure involvement of NGOs, Self Help Groups and P",pending,,,,
q_0085,multi_hop,What combined evidence connects Micro Finance Scheme of NMDFC and National Mission on Edible Oils- Oil Palm through self help groups?,chunk_e41082f7,"{""bm25"": {""rank"": 1, ""score"": 53.657056133968666}, ""faiss"": {""rank"": 1, ""score"": 0.5646691115937661}}",,"Scheme: National Mission on Edible Oils- Oil Palm Ministry: Ministry Of Agriculture and Farmers Welfare Department: Department of Agriculture & Farmers Welfare Implementing agency: State Government Department Level: Central Scheme type: Centrally Sponsored Scheme Target beneficiaries: Individual, Business Entity, University / Institution, NGO Overview The Mission was launched with the aim to enhance the edible oilseeds production and oils availability in the country by harnessing Oil Palm area expansion, increasing CPO production and to reduce import burden on edible oils. Detailed description The State Department of Agriculture, State Department of Horticulture, Central University, ICAR Ins",pending,,,,
q_0086,multi_hop,What combined evidence connects Indira Gandhi National Widow Pension Scheme and Janani Suraksha Yojana (JSY) through below poverty line?,chunk_0a920a3a,"{""entity_graph"": {""rank"": 1, ""score"": 0.5}}",1,"mother or her husband voluntarily undergoes sterilization immediately after delivery, the compensation money available under the existing Family Welfare scheme should be disbursed to the mother at the hospital itself. Antenatal Care (ANC) Services Includes identification and registration of pregnant women, provision of at least three ANC check-ups, Tetanus Toxoid (TT) injections, and Iron Folic Acid (IFA) tablets. Postnatal Care (PNC) Services Includes a postnatal visit within 7 days of delivery to track the mother’s health and facilitate care, counseling for the initiation of breastfeeding within one hour of delivery and its continuance for 3-6 months, and promotion of family planning. Newb",pending,,,,
q_0086,multi_hop,What combined evidence connects Indira Gandhi National Widow Pension Scheme and Janani Suraksha Yojana (JSY) through below poverty line?,chunk_15c479e6,"{""entity_graph"": {""rank"": 2, ""score"": 0.5}}",,"health check-up of all children registered in the crèche should be done at least once per quarter by registered medical practitioner/doctors from Government Hospitals. The centre must at all times be equipped with basic First Aid & Medicine Kit containing paediatric medicines for common ailments like fever, body ache, vomiting, cough and cold, diarrhoea, ear-ache, eye infection, stomach ache, worm infestation etc. and band-aids/ bandages, cotton wool and disinfectants for minor injuries. ORS packets, scissors, thermometer and antiseptic ointment should also be part of the medicine kit. The crèche timings need to be flexible depending on the local requirements. Crèches shall be open for 26 da",pending,,,,
q_0086,multi_hop,What combined evidence connects Indira Gandhi National Widow Pension Scheme and Janani Suraksha Yojana (JSY) through below poverty line?,chunk_25f4f1f8,"{""entity_graph"": {""rank"": 3, ""score"": 0.5}}",,"counter upon discharge. All payments before or after seven days of delivery are treated as illegitimate subject to audit objection. Postnatal Care and Immunization The Accredited Social Health Activist is mandated to conduct a postnatal visit within seven days following delivery to monitor the mother's health and to facilitate the newborn's immunization, specifically for Bacillus Calmette–Guérin (BCG). This postnatal visit and the child's immunization are prerequisites for the Accredited Social Health Activist to receive her second payment installment. Sterilization Compensation (if applicable) Should the mother or her husband voluntarily choose to undergo sterilization immediately after the",pending,,,,
q_0086,multi_hop,What combined evidence connects Indira Gandhi National Widow Pension Scheme and Janani Suraksha Yojana (JSY) through below poverty line?,chunk_57bcdf0f,"{""bm25"": {""rank"": 3, ""score"": 37.48347200289461}}",,"the BPL list required to be prepared in connection with the poverty alleviation program off the ministry of Urban Housing and Poverty Alleviation. Question: What Will Be The Position In Respect Of Existing Beneficiaries, Whose Names Are Not On The BPL List? Answer: They will continue to get the pension as at present without any interruption notwithstanding the fact that their names are not borne on the BPL list, provided they were eligible as per the old criteria. Question: What Is The Funding Pattern Envisaged Under NSAP? Answer: Under NSAP 100 percent Central Assistance is extended to the States/UTs to provide the benefits in accordance with the norms, guidelines, and conditions laid down ",pending,,,,
q_0086,multi_hop,What combined evidence connects Indira Gandhi National Widow Pension Scheme and Janani Suraksha Yojana (JSY) through below poverty line?,chunk_c98d9530,"{""bm25"": {""rank"": 1, ""score"": 42.19609442768797}, ""faiss"": {""rank"": 3, ""score"": 0.5832857495290524}}",,"Scheme: NSAP - Indira Gandhi National Old Age Pension Scheme Ministry: Ministry Of Rural Development Department: Department of Rural Development Level: Central Scheme type: Centrally Sponsored Scheme Target beneficiaries: Individual Overview ""Indira Gandhi National Old Age Pension Scheme"" is one of the five sub-schemes of the National Social Assistance Programme. Under IGNOAPS, citizens living Below Poverty Line and 60 years or above in age are eligible to apply. A monthly pension of ₹ 200 up to 79 years and ₹ 500 thereafter. Detailed description The ""Indira Gandhi National Old Age Pension Scheme (IGNOAPS)"" is one of the five sub-schemes of the National Social Assistance Programme, Ministry ",pending,,,,
q_0086,multi_hop,What combined evidence connects Indira Gandhi National Widow Pension Scheme and Janani Suraksha Yojana (JSY) through below poverty line?,chunk_db96f02b,"{""faiss"": {""rank"": 2, ""score"": 0.5921056745912117}}",,"Scheme: Indira Gandhi National Disability Pension Scheme Ministry: Ministry Of Rural Development Department: Department of Rural Development Level: Central Scheme type: Central Sector Scheme Target beneficiaries: Individual Overview The scheme aims to provide social security pensions to divyangjans aged 18 and above who belong to a poor family (BPL) in society. Detailed description The ""Indira Gandhi National Disability Scheme"" was launched in February 2009 by the Ministry of Rural Development, headed by the central government, to support disabled people in our country. This scheme, introduced under the National Social Assistance Program provides a monthly pension to disabled people for the ",pending,,,,
q_0086,multi_hop,What combined evidence connects Indira Gandhi National Widow Pension Scheme and Janani Suraksha Yojana (JSY) through below poverty line?,chunk_eabef128,"{""bm25"": {""rank"": 2, ""score"": 41.739102203065904}, ""faiss"": {""rank"": 1, ""score"": 0.6029308090370535}}",,"Scheme: Indira Gandhi National Widow Pension Scheme Ministry: Ministry Of Rural Development Department: Department of Rural Development Implementing agency: State/UT Government Level: Central Scheme type: Central Sector Scheme Target beneficiaries: Individual Overview A non-contributory pension scheme to provide social security to widows of poor family (BPL) of the society. Detailed description Indira Gandhi National Widow Pension Scheme (IGNWPS) is implemented by Ministry of Rural Development, Government of India. It is a non-contributory pension scheme to provide social security to widows of poor family (BPL) of the society. Benefits A pension of ₹ 300/- per month is provided to Widows bet",pending,,,,
q_0087,multi_hop,What combined evidence connects Begum Hazrat Mahal National Scholarship Program and Maulana Azad National Fellowship For Minority Students through ministry of minority affairs?,chunk_0960663e,"{""entity_graph"": {""rank"": 1, ""score"": 0.5}}",,"Scheme: Coaching Schemes For Sc/st/obc (non-creamy Layer) & Minority Students For Universities Ministry: Ministry Of Minority Affairs Level: Central Target beneficiaries: Individual Overview Coaching schemes for students belonging to SC (Scheduled Caste), ST (Scheduled Tribe), OBC (Other Backward Classes) (non-creamy layer), and minority communities are implemented to provide them with equal opportunities and support in pursuing higher education. Detailed description Coaching schemes for students belonging to SC (Scheduled Caste), ST (Scheduled Tribe), OBC (Other Backward Classes) (non-creamy layer), and minority communities are implemented to provide them with equal opportunities and suppor",pending,,,,
q_0087,multi_hop,What combined evidence connects Begum Hazrat Mahal National Scholarship Program and Maulana Azad National Fellowship For Minority Students through ministry of minority affairs?,chunk_0aa09b91,"{""entity_graph"": {""rank"": 2, ""score"": 0.5}}",,"Scheme: Ambedkar Social Innovation and Incubation Mission (ASIIM) Ministry: Ministry Of Social Justice and Empowerment Department: Department of Social Justice & Empowerment Level: Central Scheme type: Central Sector Scheme Overview The scheme aims to boost entrepreneurship and innovation among SC students and SC differently-abled youth by providing focused support to translate innovative, technology-oriented business ideas into successful commercial enterprises. It offers equity funding and hand-holding support. Detailed description The scheme ""Ambedkar Social Innovation and Incubation Mission"" was launched on 30th September 2020, by the Department of Social Justice and Empowerment, Ministr",pending,,,,
q_0087,multi_hop,What combined evidence connects Begum Hazrat Mahal National Scholarship Program and Maulana Azad National Fellowship For Minority Students through ministry of minority affairs?,chunk_0c737fd6,"{""entity_graph"": {""rank"": 3, ""score"": 0.5}}",,"for execution of the smooth and timely execution of the 'Adarsh Gram' component of the scheme as well as proper implementation of projects as approved as part of Perspective Plan' at District level under Grant in aid component. The PIUs would be manned by a mix of persons having adequate experience in need assessment, project design and management, data analysis and software development and management as well as some young professionals having high social consciousness and preferably belong to the Scheduled Castes (SCs) category. The size and composition of the PIU would depend on the available funds under the administrative head, number of villages covered under PMAGY and size and type of p",pending,,,,
q_0087,multi_hop,What combined evidence connects Begum Hazrat Mahal National Scholarship Program and Maulana Azad National Fellowship For Minority Students through ministry of minority affairs?,chunk_6a1ab95d,"{""bm25"": {""rank"": 1, ""score"": 75.84869644851769}, ""faiss"": {""rank"": 1, ""score"": 0.6814088219150798}}",1,Scheme: Begum Hazrat Mahal National Scholarship Program Ministry: Ministry Of Minority Affairs Level: Central Scheme type: Central Sector Scheme Target beneficiaries: Individual Overview Begum Hazrat Mahal National scholarship is a scholarship scheme also known as Maulana Azad National scholarship scheme was first announced on 3rd May 2003. It is a national level scholarship started for the benefit of the girl’s student belonging to the minority communities. Detailed description The Scheme of “Begum Hazrat Mahal National Scholarship” for Meritorious Girl Students belonging to the Minority Communities was earlier known as “Maulana Azad National Scholarship for Meritorious Girls belonging Mino,pending,,,,
q_0087,multi_hop,What combined evidence connects Begum Hazrat Mahal National Scholarship Program and Maulana Azad National Fellowship For Minority Students through ministry of minority affairs?,chunk_8caef92e,"{""bm25"": {""rank"": 3, ""score"": 54.04860653334694}, ""faiss"": {""rank"": 3, ""score"": 0.5995380860983784}}",1,"Scheme: Maulana Azad National Fellowship For Minority Students Ministry: Ministry Of Minority Affairs Implementing agency: University Grant Commission Level: Central Scheme type: Central Sector Scheme Target beneficiaries: Individual Overview Maulana Azad National Fellowship For Minority Students was launched in 2009 by the Ministry of Minority Affairs for providing financial aid to students for their higher studies. Detailed description The objective of the Fellowship is to provide five year fellowships in the form of financial assistance to students from minority communities, notified by the Central Government, to pursue M. Phil and Ph.D. The scheme covers all Universities/Institutions rec",pending,,,,
q_0087,multi_hop,What combined evidence connects Begum Hazrat Mahal National Scholarship Program and Maulana Azad National Fellowship For Minority Students through ministry of minority affairs?,chunk_f092795b,"{""bm25"": {""rank"": 2, ""score"": 67.1856337725662}, ""faiss"": {""rank"": 2, ""score"": 0.6213480163691263}}",,"photograph. Previous year marksheet. Self declaration of the minority community. Candidates bank account detail. Domicile certificate. Frequently asked questions Question: Who are eligible to apply for Begum Hazrat Mahal National Scholarship Scheme (BHMNS) ? Answer: Only girl students belonging to six notified minority communities viz. Muslim, Christian, Sikh, Buddhist, Jain, Parsi (Zoroastrian) studying in India and fulfilling the Scheme guidelines are eligible to apply for this scholarship. Question: How can I apply online for scholarship? Answer: Begum Hazrat Mahal National Scholarship Scheme is online Scheme and one can apply for fresh Scholarship under this Scheme on the National Schola",pending,,,,
q_0088,multi_hop,What combined evidence connects Internship Scheme Of The Department Of Economic Affairs and Kisan Vikas Patra Scheme through department of economic affairs?,chunk_015c5041,"{""entity_graph"": {""rank"": 3, ""score"": 0.3333333333333333}}",,"Scheme: Assistance to Voluntary Organizations Working for Welfare of OBCs Ministry: Ministry Of Social Justice and Empowerment Department: Department of Social Justice & Empowerment Level: Central Scheme type: Central Sector Scheme Target beneficiaries: NGO Overview The ""Assistance to Voluntary Organizations Working for Welfare of OBCs"" scheme aims to involve the voluntary sector in improving the educational and socio-economic conditions of the target group i.e. OBCs to upgrade skills to enable them to start income-generating activities on their own. Detailed description The central sector scheme ""Assistance to Voluntary Organizations Working for Welfare of OBCs"" was launched by the Ministry",pending,,,,
q_0088,multi_hop,What combined evidence connects Internship Scheme Of The Department Of Economic Affairs and Kisan Vikas Patra Scheme through department of economic affairs?,chunk_02a282c8,"{""bm25"": {""rank"": 3, ""score"": 53.929189557039564}, ""faiss"": {""rank"": 1, ""score"": 0.6240596078053278}}",,"Scheme: Internship Scheme Of The Department Of Economic Affairs Ministry: Ministry Of Finance Department: Department Of Economic Affairs Level: Central Scheme type: Central Sector Scheme Target beneficiaries: Individual Overview The Internship Scheme aims to familiarise students with macro-economic policy formulation and economic research. Through this scheme, internship opportunities with token remuneration are provided to eligible Post Graduate and PhD students. Detailed description The scheme ""Internship Scheme Of The Department Of Economic Affairs"" has been implemented by the Department of Economic Affairs, Ministry of Finance, Government of India, aiming to familiarize selected candidat",pending,,,,
q_0088,multi_hop,What combined evidence connects Internship Scheme Of The Department Of Economic Affairs and Kisan Vikas Patra Scheme through department of economic affairs?,chunk_0fc946cc,"{""bm25"": {""rank"": 2, ""score"": 58.85134553184631}, ""entity_graph"": {""rank"": 1, ""score"": 0.5}}",1,"of the death of any of the account holders in a joint account, the account shall be transferred in the name of the surviving account holder or account holder, as the case may be. Payment on the death of the account holder: In the event of the death of the depositor of a single account or of all the depositors in a joint account, the deposit shall be payable to the nominee if a nomination exists or to the legal heir(s). Where there are not more than three surviving nominees or legal heirs, they may, at their option continue the account and receive the amount of deposit along with interest on maturity in the manner provided for in this scheme, as if they had opened the account themselves. Wher",pending,,,,
q_0088,multi_hop,What combined evidence connects Internship Scheme Of The Department Of Economic Affairs and Kisan Vikas Patra Scheme through department of economic affairs?,chunk_460b3a34,"{""bm25"": {""rank"": 1, ""score"": 66.35379058141542}, ""entity_graph"": {""rank"": 2, ""score"": 0.5}}",,"Scheme: Kisan Vikas Patra Scheme Ministry: Ministry Of Finance Department: Department Of Economic Affairs Implementing agency: Post Office Branch Or A Designated Bank Level: Central Scheme type: Central Sector Scheme Target beneficiaries: Individual Overview ‘Kisan Vikas Patra Scheme’ was relaunched in the year 2014 by the Department of Economic Affairs, Ministry Of Finance, Government of India in view of the popular demand and to revitalize Small Savings. The amount invested in Kisan Vikas Patra (KYP) doubles in 115 months at the present rate. Detailed description The ‘Kisan Vikas Patra (KVP)’ is a certificate savings scheme that was launched by the Government of India on 1st April 1988. Th",pending,,,,
q_0088,multi_hop,What combined evidence connects Internship Scheme Of The Department Of Economic Affairs and Kisan Vikas Patra Scheme through department of economic affairs?,chunk_7d6da280,"{""faiss"": {""rank"": 3, ""score"": 0.5520965148504712}}",,Scheme: Internship Scheme Of Employees’ Provident Fund Organisation (EPFO) Ministry: Ministry Of Labour and Employment Level: Central Scheme type: Central Sector Scheme Target beneficiaries: Individual Overview The Internship Scheme of Employees’ Provident Fund Organization invites applications for Internships from students for engagement as “Interns” with EPFO. The “Interns” shall have an opportunity to know about the EPFO’s functioning and Departmental Policy issues in EPFO and Government of India. Detailed description The Internship Scheme of Employees’ Provident Fund Organization invites applications for Internships from students for engagement as “Interns” with EPFO. The “Interns” shall,pending,,,,
q_0088,multi_hop,What combined evidence connects Internship Scheme Of The Department Of Economic Affairs and Kisan Vikas Patra Scheme through department of economic affairs?,chunk_d9b29e30,"{""faiss"": {""rank"": 2, ""score"": 0.5758559547328198}}",,Scheme: Internship Programme Of The Department Of Expenditure Ministry: Ministry Of Finance Department: Department of Expenditure Level: Central Scheme type: Central Sector Scheme Target beneficiaries: Individual Overview The Internship Programme of the Department of Expenditure aims to familiarize willing and eligible undergraduates pursuing five-year integrated courses and Graduates pursuing post-Graduation/ post-Graduates pursuing Research with the overall process of formulation of economic policies of the Govt. Detailed description The Internship Programme of the Department of Expenditure aims to familiarize willing and eligible undergraduates pursuing five-year integrated courses and Gr,pending,,,,
q_0089,multi_hop,What combined evidence connects AVYAY - National Action Plan for Senior Citizens: Health and Shelter for Senior Citizens and SMILE through the companies act?,chunk_0ea575f7,"{""entity_graph"": {""rank"": 1, ""score"": 0.5}}",,"1 | P a g e Support for Marginalized Individuals for Livelihood and Enterprise (SMILE) GUIDELINES GOVERNMENT OF INDIA MINISTRY OF SOCIAL JUSTICE & EMPOWERMENT DEPARTMENT OF SOCIAL JUSTICE AND EMPOWERMENT (w.e.f. 12th February 2022) ********* The Ministry of Social Justice and Empowerment has formulated an umbrella scheme “SMILE - Support for Marginalized Individuals for Livelihood and Enterprise”, which includes two sub-schemes - ‘Central Sector Scheme for Comprehensive Rehabilitation for Welfare of Transgender Persons’ and ‘Central Sector Scheme for Comprehensive Rehabilitation of persons engaged in the act of Begging’. This umbrella scheme would cover several comprehensive measures includi",pending,,,,
q_0089,multi_hop,What combined evidence connects AVYAY - National Action Plan for Senior Citizens: Health and Shelter for Senior Citizens and SMILE through the companies act?,chunk_508821ca,"{""entity_graph"": {""rank"": 2, ""score"": 0.5}}",,GOVERNMENT OF INDIA MINISTRY OF SOCIAL JUSTICE & EMPOWERMENT DEPARTMENT OF SOCIAL JUSTICE & EMPOWERMENT Support for Marginalized Individuals for Livelihood and Enterprise (SMILE) Guidelines for SMILE Sub-Scheme Comprehensive Rehabilitation of Persons engaged in the act of Begging (Implemented w.e.f. 12.02.2022) (1st Revision w.e.f 23.10.2023) (2nd Revision w.e.f 10.06.2025) ******** Revised Scheme Guidelines for SMILE Sub-Scheme Comprehensive Rehabilitation of Persons Engaged in the Act of Begging 1. INTRODUCTION (i) The Ministry of Social Justice and Empowerment has formulated an umbrella Central Sector Scheme called “Support for Marginalized Individuals for Livelihood and Enterprise (SMILE,pending,,,,
q_0089,multi_hop,What combined evidence connects AVYAY - National Action Plan for Senior Citizens: Health and Shelter for Senior Citizens and SMILE through the companies act?,chunk_5f3e034f,"{""faiss"": {""rank"": 2, ""score"": 0.5075092985202833}}",,of ways to handle problems as they arise. 89. The Policy aims to involve mass media as well as informal and traditional communication channels on ageing issues. It will be necessary to provide opportunities to media personnel to have access to information apart from their own independent sources of information and reporting of field situations. Their participation in orientation programmes on ageing will be facilitated. Opportunities will be extended for greater interaction between media personnel and persons active in the field of ageing. III. IMPLEMENTATION 90. The National Policy on Older Persons will be very widely disseminated for which an action plan will be prepared so that its featur,pending,,,,
q_0089,multi_hop,What combined evidence connects AVYAY - National Action Plan for Senior Citizens: Health and Shelter for Senior Citizens and SMILE through the companies act?,chunk_6d2f1c38,"{""bm25"": {""rank"": 1, ""score"": 64.71487423536033}, ""faiss"": {""rank"": 1, ""score"": 0.5975926342144003}, ""entity_graph"": {""rank"": 3, ""score"": 0.5}}",,"Scheme: AVYAY - National Action Plan for Senior Citizens: Health and Shelter for Senior Citizens Ministry: Ministry Of Social Justice and Empowerment Department: Department of Social Justice & Empowerment Level: Central Scheme type: Central Sector Scheme Target beneficiaries: Individual Overview The scheme aims to improve the quality of life of Senior Citizens, particularly those who are indigent, by providing basic amenities like shelter, food, medical care and entertainment opportunities. The scheme provides financial assistance for projects such as maintenance of Senior Citizen Homes. Detailed description The scheme ""AVYAY - National Action Plan for Senior Citizens: Health and Shelter for",pending,,,,
q_0089,multi_hop,What combined evidence connects AVYAY - National Action Plan for Senior Citizens: Health and Shelter for Senior Citizens and SMILE through the companies act?,chunk_797e87b4,"{""bm25"": {""rank"": 2, ""score"": 55.2883754776211}}",1,"I intend to provide services through a project, is it acceptable for the bank account to be held solely in the name of the Non-Governmental Organization? Answer: No, the bank account used by the Non-Governmental Organization or Voluntary Organization for receiving the assistance must be maintained and operated jointly. Question: If the proposed project involves establishing a new physiotherapy clinic, can I expect to receive a grant-in-aid under the State Action Plan for Senior Citizens sub-scheme? Answer: No Grant-in-Aid will be released for starting new Physiotherapy Clinics; this project type is permitted only in existing Government District Hospitals under the State Action Plan for Senio",pending,,,,
q_0089,multi_hop,What combined evidence connects AVYAY - National Action Plan for Senior Citizens: Health and Shelter for Senior Citizens and SMILE through the companies act?,chunk_8ef238d9,"{""faiss"": {""rank"": 3, ""score"": 0.4994530111773388}}",,"the State towards its senior citizens so that they do not face an identity crisis and know where they stand in the overall national perspective. The need has been expressed at different forums where ageing issues have been deliberated. The Statement, by indicating the principles underlying the policy, the directions, the needs that will be addressed and the relative roles of governmental and nongovernmental institutions, is expected to facilitate carving out of respective areas of operation and action in the direction of a human age integrated society. II. National Policy Statement 15. The National Policy seeks to assure older persons that their concerns are national concerns and they will n",pending,,,,
q_0089,multi_hop,What combined evidence connects AVYAY - National Action Plan for Senior Citizens: Health and Shelter for Senior Citizens and SMILE through the companies act?,chunk_adcd9e33,"{""bm25"": {""rank"": 3, ""score"": 45.1568940684475}}",,"is released in two equal half-yearly instalments. Conditions for Disbursement Recurring Grant-in-aid for Senior Citizen Homes is based on the number of days of attendance of beneficiaries as recorded through a contactless Information Technology (IT) system. The second half-yearly instalment is released only after the inspection report of the State Government, the officers of the Central Ministry, or the Project Monitoring Unit (PMU) is received. Conditions for Continuation Implementing Agencies must maintain the standards laid down in the scheme guidelines. Implementing Agencies must use the Expenditure, Audit and Tender (EAT) module of the Public Financial Management System (PFMS). Implemen",pending,,,,
q_0090,multi_hop,What combined evidence connects Agricultural Extension and ICAR Senior Research Fellowship For Post-Graduate Studies In Agricultural Sciences through department of agriculture research?,chunk_005a2521,"{""entity_graph"": {""rank"": 3, ""score"": 0.3333333333333333}}",,Scheme: IVRI Institute Scholarship For M.V.Sc. And Ph.D. Ministry: Ministry Of Agriculture and Farmers Welfare Department: Department of Agriculture Research and Education Implementing agency: Indian Council Of Agricultural Research (ICAR) Level: Central Scheme type: Centrally Sponsored Scheme Target beneficiaries: All Overview The Indian Veterinary Research Institute will award scholarships to MVSc and PhD students who need financial assistance.his provision will be utilized to assist as many students as possible who have good academic record and who are making diligent efforts to pursue higher education. Detailed description IVRI Institute Scholarship for M.V.Sc. and Ph.D. – The Indian Cou,pending,,,,
q_0090,multi_hop,What combined evidence connects Agricultural Extension and ICAR Senior Research Fellowship For Post-Graduate Studies In Agricultural Sciences through department of agriculture research?,chunk_295934df,"{""entity_graph"": {""rank"": 1, ""score"": 0.5}}",,"Scheme: MANAGE Internship Programme Ministry: Ministry Of Agriculture and Farmers Welfare Department: Department of Agriculture Research and Education Implementing agency: National Institute Of Agricultural Extension Management (MANAGE) Level: Central Scheme type: Central Sector Scheme Target beneficiaries: Individual Overview MANAGE Internship Programme is open to students from the disciplines of Extension Education, Economics, Sociology, Psychology, MSW, Journalism, Communication, and Environmental Science. The internships are open year-round, and the duration ranges from 3 months upto 6 months. Detailed description ""MANAGE Internship Programme"" implemented by the National Institute of Agr",pending,,,,
q_0090,multi_hop,What combined evidence connects Agricultural Extension and ICAR Senior Research Fellowship For Post-Graduate Studies In Agricultural Sciences through department of agriculture research?,chunk_3aac3916,"{""entity_graph"": {""rank"": 2, ""score"": 0.5}}",1,"Scheme: Agricultural Extension Ministry: Ministry Of Agriculture and Farmers Welfare Department: Department of Agriculture Research and Education Implementing agency: National Institute Of Agricultural Extension Management Level: Central Scheme type: Centrally Sponsored Scheme Target beneficiaries: Individual Overview Extension Division endeavours towards successful implementation of Agricultural Extension activities. Through its various programmes, schemes and activities, Extension Division helps farmers to get information regarding scientific research and new knowledge in agricultural practices. Detailed description Extension Division endeavours towards successful implementation of Agricul",pending,,,,
q_0090,multi_hop,What combined evidence connects Agricultural Extension and ICAR Senior Research Fellowship For Post-Graduate Studies In Agricultural Sciences through department of agriculture research?,chunk_4f60c46f,"{""bm25"": {""rank"": 2, ""score"": 61.65962677522119}, ""faiss"": {""rank"": 2, ""score"": 0.6313151539838626}}",,"Scheme: ICAR Junior Research Fellowship For Post-Graduate Studies In Agricultural Sciences Ministry: Ministry Of Agriculture and Farmers Welfare Department: Department of Agriculture Research and Education Implementing agency: Indian Council Of Agricultural Research Level: Central Scheme type: Central Sector Scheme Target beneficiaries: Individual Overview ICAR awards a certain number of Junior Research Fellowships for Postgraduate Studies (course and research work) leading to a Master’s degree, in different disciplines of agriculture and allied sciences. This is done to encourage talented students to undertake higher agricultural education. Detailed description ICAR awards a certain number ",pending,,,,
q_0090,multi_hop,What combined evidence connects Agricultural Extension and ICAR Senior Research Fellowship For Post-Graduate Studies In Agricultural Sciences through department of agriculture research?,chunk_6e1f8940,"{""bm25"": {""rank"": 3, ""score"": 51.686093782508365}, ""faiss"": {""rank"": 1, ""score"": 0.6581019457670885}}",,"Scheme: ICAR Emeritus Scientist Scheme Ministry: Ministry Of Agriculture and Farmers Welfare Department: Department of Agriculture Research and Education Implementing agency: Indian Council Of Agricultural Research Level: Central Scheme type: Centrally Sponsored Scheme Target beneficiaries: Individual Overview The scheme aims to utilize the expertise of outstanding superannuated scientists of the National Agricultural Research System by supporting nationally important research, teaching, human resource development, and extension activities through honorarium and research grants. Detailed description The ""ICAR Emeritus Scientist"" scheme is implemented by the Indian Council of Agricultural Res",pending,,,,
q_0090,multi_hop,What combined evidence connects Agricultural Extension and ICAR Senior Research Fellowship For Post-Graduate Studies In Agricultural Sciences through department of agriculture research?,chunk_bb712328,"{""bm25"": {""rank"": 1, ""score"": 65.43983665290887}, ""faiss"": {""rank"": 3, ""score"": 0.6256108828715039}}",1,"Scheme: ICAR Senior Research Fellowship For Post-Graduate Studies In Agricultural Sciences Ministry: Ministry Of Agriculture and Farmers Welfare Department: Department of Agriculture Research and Education Implementing agency: Indian Council Of Agricultural Research Level: Central Scheme type: Central Sector Scheme Target beneficiaries: Individual Overview ICAR awards a certain number of Senior Research Fellowships for Ph.D. in an Agricultural University (AU), in different disciplines of agriculture and allied sciences. This is done to encourage talented students to undertake higher agricultural education. Detailed description In order to address the emerging challenges of agricultural resea",pending,,,,
q_0091,multi_hop,What combined evidence connects Indira Gandhi National Widow Pension Scheme and Pradhan Mantri Gram Sadak Yojana through department of rural development?,chunk_0afb475a,"{""bm25"": {""rank"": 2, ""score"": 48.076707927517916}}",1,"Scheme: Pradhan Mantri Gram Sadak Yojana Ministry: Ministry Of Rural Development Department: Department of Rural Development Implementing agency: Rural Works Departments And State PWDs Level: Central Target beneficiaries: All Overview With the objective of providing rural connectivity, the Government of India launched the Pradhan Mantri Gram Sadak Yojana (referred to as PMGSY-I hereinafter) on 25th December 2000 to provide all-weather access to eligible unconnected habitations. Detailed description With the objective of providing rural connectivity, the Government of India launched the Pradhan Mantri Gram Sadak Yojana (referred to as PMGSY-I hereinafter) on 25th December 2000 to provide all-",pending,,,,
q_0091,multi_hop,What combined evidence connects Indira Gandhi National Widow Pension Scheme and Pradhan Mantri Gram Sadak Yojana through department of rural development?,chunk_2d5e6db8,"{""entity_graph"": {""rank"": 1, ""score"": 0.5}}",,"click on ""Submit."" Required documents Passport-size Photo Domicile Certificate Residential Proof (Voter card/Electricity Bill/Aadhar Card) Age Proof (Birth Certificate issued by the School last attended or Municipal authority or SHO or through the medical board) Aadhaar Number Bank Passbook Ration Card Affidavit duly attested by Judicial Magistrate/Executive Magistrate that she/he is not in receipt of any pension/financial assistance from any other source Definitions any person who has little or no regular means of subsistence from his / her own source of income or through financial support from family members or other sources destitutes https://nsap.nic.in/Guidelines/nsap_guidelines_oct2014",pending,,,,
q_0091,multi_hop,What combined evidence connects Indira Gandhi National Widow Pension Scheme and Pradhan Mantri Gram Sadak Yojana through department of rural development?,chunk_b32abd7f,"{""entity_graph"": {""rank"": 2, ""score"": 0.5}}",,comments/suggestions to offer . 6. Suggestions given by the Govt. of M.P. • Transgender should be defined under particular sex for social respect. • Special school should be established for Kinnar and provision of free education from 1 to 12 std. • Scholarship schemes for Higher Education should be effective for Transgender with the help of Central and State Govt. • Transgender should be included under the National urbane housing schemes and Indira Gandhi rural housing schemes on the priority basis • There should be provision of employment • Benefit of reservation should be provided in 3rd and 4th grade administrative services. • Government of India should declare special central Helping Pro,pending,,,,
q_0091,multi_hop,What combined evidence connects Indira Gandhi National Widow Pension Scheme and Pradhan Mantri Gram Sadak Yojana through department of rural development?,chunk_c98d9530,"{""bm25"": {""rank"": 3, ""score"": 40.09173914346012}, ""faiss"": {""rank"": 3, ""score"": 0.595131949309614}, ""entity_graph"": {""rank"": 3, ""score"": 0.5}}",,"Scheme: NSAP - Indira Gandhi National Old Age Pension Scheme Ministry: Ministry Of Rural Development Department: Department of Rural Development Level: Central Scheme type: Centrally Sponsored Scheme Target beneficiaries: Individual Overview ""Indira Gandhi National Old Age Pension Scheme"" is one of the five sub-schemes of the National Social Assistance Programme. Under IGNOAPS, citizens living Below Poverty Line and 60 years or above in age are eligible to apply. A monthly pension of ₹ 200 up to 79 years and ₹ 500 thereafter. Detailed description The ""Indira Gandhi National Old Age Pension Scheme (IGNOAPS)"" is one of the five sub-schemes of the National Social Assistance Programme, Ministry ",pending,,,,
q_0091,multi_hop,What combined evidence connects Indira Gandhi National Widow Pension Scheme and Pradhan Mantri Gram Sadak Yojana through department of rural development?,chunk_db96f02b,"{""faiss"": {""rank"": 2, ""score"": 0.6151733446845171}}",,"Scheme: Indira Gandhi National Disability Pension Scheme Ministry: Ministry Of Rural Development Department: Department of Rural Development Level: Central Scheme type: Central Sector Scheme Target beneficiaries: Individual Overview The scheme aims to provide social security pensions to divyangjans aged 18 and above who belong to a poor family (BPL) in society. Detailed description The ""Indira Gandhi National Disability Scheme"" was launched in February 2009 by the Ministry of Rural Development, headed by the central government, to support disabled people in our country. This scheme, introduced under the National Social Assistance Program provides a monthly pension to disabled people for the ",pending,,,,
q_0091,multi_hop,What combined evidence connects Indira Gandhi National Widow Pension Scheme and Pradhan Mantri Gram Sadak Yojana through department of rural development?,chunk_eabef128,"{""bm25"": {""rank"": 1, ""score"": 48.18129720452975}, ""faiss"": {""rank"": 1, ""score"": 0.6246009178391759}}",1,"Scheme: Indira Gandhi National Widow Pension Scheme Ministry: Ministry Of Rural Development Department: Department of Rural Development Implementing agency: State/UT Government Level: Central Scheme type: Central Sector Scheme Target beneficiaries: Individual Overview A non-contributory pension scheme to provide social security to widows of poor family (BPL) of the society. Detailed description Indira Gandhi National Widow Pension Scheme (IGNWPS) is implemented by Ministry of Rural Development, Government of India. It is a non-contributory pension scheme to provide social security to widows of poor family (BPL) of the society. Benefits A pension of ₹ 300/- per month is provided to Widows bet",pending,,,,
q_0092,multi_hop,What combined evidence connects Begum Hazrat Mahal National Scholarship Program and SMILE through the state government/union territory administration?,chunk_0ea575f7,"{""entity_graph"": {""rank"": 1, ""score"": 0.5}}",,"1 | P a g e Support for Marginalized Individuals for Livelihood and Enterprise (SMILE) GUIDELINES GOVERNMENT OF INDIA MINISTRY OF SOCIAL JUSTICE & EMPOWERMENT DEPARTMENT OF SOCIAL JUSTICE AND EMPOWERMENT (w.e.f. 12th February 2022) ********* The Ministry of Social Justice and Empowerment has formulated an umbrella scheme “SMILE - Support for Marginalized Individuals for Livelihood and Enterprise”, which includes two sub-schemes - ‘Central Sector Scheme for Comprehensive Rehabilitation for Welfare of Transgender Persons’ and ‘Central Sector Scheme for Comprehensive Rehabilitation of persons engaged in the act of Begging’. This umbrella scheme would cover several comprehensive measures includi",pending,,,,
q_0092,multi_hop,What combined evidence connects Begum Hazrat Mahal National Scholarship Program and SMILE through the state government/union territory administration?,chunk_34a1d8b4,"{""bm25"": {""rank"": 3, ""score"": 26.455119207495223}}",,"the undertaking carefully and Accept the Terms. Click “Next”. Step 3: In the next window, enter your mobile number and OTP. Then click “Verify”. Step 4: After successful verification, continue with e-KYC process (as applicable). Step 5: Once completed, your reference number will be generated and the same will be sent to your registered phone number. Process for OTR ID Number Generation Download and install AadhaarFaceRD services in the android device. Download and install the NSP OTR App from the Google Play Store. After opening the mobile app Select the option “eKYC with FaceAuth” highlighted in red. Enter the allotted reference number and click on “Send OTP” to receive OTP on your mobile n",pending,,,,
q_0092,multi_hop,What combined evidence connects Begum Hazrat Mahal National Scholarship Program and SMILE through the state government/union territory administration?,chunk_508821ca,"{""entity_graph"": {""rank"": 2, ""score"": 0.5}}",,GOVERNMENT OF INDIA MINISTRY OF SOCIAL JUSTICE & EMPOWERMENT DEPARTMENT OF SOCIAL JUSTICE & EMPOWERMENT Support for Marginalized Individuals for Livelihood and Enterprise (SMILE) Guidelines for SMILE Sub-Scheme Comprehensive Rehabilitation of Persons engaged in the act of Begging (Implemented w.e.f. 12.02.2022) (1st Revision w.e.f 23.10.2023) (2nd Revision w.e.f 10.06.2025) ******** Revised Scheme Guidelines for SMILE Sub-Scheme Comprehensive Rehabilitation of Persons Engaged in the Act of Begging 1. INTRODUCTION (i) The Ministry of Social Justice and Empowerment has formulated an umbrella Central Sector Scheme called “Support for Marginalized Individuals for Livelihood and Enterprise (SMILE,pending,,,,
q_0092,multi_hop,What combined evidence connects Begum Hazrat Mahal National Scholarship Program and SMILE through the state government/union territory administration?,chunk_6a1ab95d,"{""bm25"": {""rank"": 1, ""score"": 49.95698413755029}, ""faiss"": {""rank"": 1, ""score"": 0.573029455732516}}",1,Scheme: Begum Hazrat Mahal National Scholarship Program Ministry: Ministry Of Minority Affairs Level: Central Scheme type: Central Sector Scheme Target beneficiaries: Individual Overview Begum Hazrat Mahal National scholarship is a scholarship scheme also known as Maulana Azad National scholarship scheme was first announced on 3rd May 2003. It is a national level scholarship started for the benefit of the girl’s student belonging to the minority communities. Detailed description The Scheme of “Begum Hazrat Mahal National Scholarship” for Meritorious Girl Students belonging to the Minority Communities was earlier known as “Maulana Azad National Scholarship for Meritorious Girls belonging Mino,pending,,,,
q_0092,multi_hop,What combined evidence connects Begum Hazrat Mahal National Scholarship Program and SMILE through the state government/union territory administration?,chunk_8caef92e,"{""faiss"": {""rank"": 3, ""score"": 0.4565260893532259}}",,"Scheme: Maulana Azad National Fellowship For Minority Students Ministry: Ministry Of Minority Affairs Implementing agency: University Grant Commission Level: Central Scheme type: Central Sector Scheme Target beneficiaries: Individual Overview Maulana Azad National Fellowship For Minority Students was launched in 2009 by the Ministry of Minority Affairs for providing financial aid to students for their higher studies. Detailed description The objective of the Fellowship is to provide five year fellowships in the form of financial assistance to students from minority communities, notified by the Central Government, to pursue M. Phil and Ph.D. The scheme covers all Universities/Institutions rec",pending,,,,
q_0092,multi_hop,What combined evidence connects Begum Hazrat Mahal National Scholarship Program and SMILE through the state government/union territory administration?,chunk_d41b20f1,"{""entity_graph"": {""rank"": 3, ""score"": 0.5}}",,"/Rented home i. Up to 4 Shelter Homes allowed with capacity utilisation between 80-100%. Beyond 4 it will be approved on case-to-case basis with proper justification. ii. Existing Shelter homes from MoHUA or State Govt. or Local Administration must be utilised. Only in case of non-availability, rented shelter home could be considered on merit for which a maximum rent of Rs.40,000/- per shelter home per month may be considered. PART B: COST NORMS FOR ACTIVITIES TO BE IMPLEMENTED BY THE DEPARTMENT (DOSJE) S. No. Cost Head Cost Unit Cost Norms (Rs.) IEC/Media Activities/Events at National Level by the Ministry Per Year 5,00,000 National/Regional Capacity Building/Trainings/Orientations on SMILE",pending,,,,
q_0092,multi_hop,What combined evidence connects Begum Hazrat Mahal National Scholarship Program and SMILE through the state government/union territory administration?,chunk_f092795b,"{""bm25"": {""rank"": 2, ""score"": 36.728170844266025}, ""faiss"": {""rank"": 2, ""score"": 0.5581696105129496}}",,"photograph. Previous year marksheet. Self declaration of the minority community. Candidates bank account detail. Domicile certificate. Frequently asked questions Question: Who are eligible to apply for Begum Hazrat Mahal National Scholarship Scheme (BHMNS) ? Answer: Only girl students belonging to six notified minority communities viz. Muslim, Christian, Sikh, Buddhist, Jain, Parsi (Zoroastrian) studying in India and fulfilling the Scheme guidelines are eligible to apply for this scholarship. Question: How can I apply online for scholarship? Answer: Begum Hazrat Mahal National Scholarship Scheme is online Scheme and one can apply for fresh Scholarship under this Scheme on the National Schola",pending,,,,
q_0093,multi_hop,What combined evidence connects Construction of Hostels for OBC Boys and Girls and Disha - Early Intervention and School Readiness Scheme through ministry of social justice?,chunk_015c5041,"{""entity_graph"": {""rank"": 1, ""score"": 0.5}}",,"Scheme: Assistance to Voluntary Organizations Working for Welfare of OBCs Ministry: Ministry Of Social Justice and Empowerment Department: Department of Social Justice & Empowerment Level: Central Scheme type: Central Sector Scheme Target beneficiaries: NGO Overview The ""Assistance to Voluntary Organizations Working for Welfare of OBCs"" scheme aims to involve the voluntary sector in improving the educational and socio-economic conditions of the target group i.e. OBCs to upgrade skills to enable them to start income-generating activities on their own. Detailed description The central sector scheme ""Assistance to Voluntary Organizations Working for Welfare of OBCs"" was launched by the Ministry",pending,,,,
q_0093,multi_hop,What combined evidence connects Construction of Hostels for OBC Boys and Girls and Disha - Early Intervention and School Readiness Scheme through ministry of social justice?,chunk_054b5d2b,"{""bm25"": {""rank"": 1, ""score"": 57.08373302839634}, ""faiss"": {""rank"": 1, ""score"": 0.6454655427136528}, ""entity_graph"": {""rank"": 2, ""score"": 0.5}}",1,"Scheme: Construction of Hostels for OBC Boys and Girls Ministry: Ministry Of Social Justice and Empowerment Department: Department of Social Justice & Empowerment Level: Central Scheme type: Centrally Sponsored Scheme Target beneficiaries: State Government, University / Institution Overview The Scheme aims at providing hostel facilities to students belonging to socially and educationally backward classes, especially from rural areas, to enable them to pursue secondary and higher education. Detailed description The scheme “Construction of Hostels for OBC Boys and Girls” is a Centrally Sponsored Scheme launched by the Department of Social Justice & Empowerment, Ministry of Social Justice & Emp",pending,,,,
q_0093,multi_hop,What combined evidence connects Construction of Hostels for OBC Boys and Girls and Disha - Early Intervention and School Readiness Scheme through ministry of social justice?,chunk_0aa09b91,"{""entity_graph"": {""rank"": 3, ""score"": 0.5}}",,"Scheme: Ambedkar Social Innovation and Incubation Mission (ASIIM) Ministry: Ministry Of Social Justice and Empowerment Department: Department of Social Justice & Empowerment Level: Central Scheme type: Central Sector Scheme Overview The scheme aims to boost entrepreneurship and innovation among SC students and SC differently-abled youth by providing focused support to translate innovative, technology-oriented business ideas into successful commercial enterprises. It offers equity funding and hand-holding support. Detailed description The scheme ""Ambedkar Social Innovation and Incubation Mission"" was launched on 30th September 2020, by the Department of Social Justice and Empowerment, Ministr",pending,,,,
q_0093,multi_hop,What combined evidence connects Construction of Hostels for OBC Boys and Girls and Disha - Early Intervention and School Readiness Scheme through ministry of social justice?,chunk_30cc5c3e,"{""faiss"": {""rank"": 3, ""score"": 0.5717710093576072}}",,"to supplement the efforts made by the Central as well as State Governments in bridging the deficit in socio-economic conditions of the Scheduled Castes with the other communities, the Government of India, in 1980, started a Centrally Sponsored scheme “Special Central Assistance to Scheduled Castes Sub Plan (SCA to SCSP) as an additive to the State’s Scheduled Castes Sub Plan. d. Prior to this, in order to enable and encourage students belonging to the Scheduled Castes(SCs) to attain quality education, Scheme for Construction of Hostels for SC Girls started implementation from Third Five Year Plan(1961-66), and Scheme for SC boys, was started with effect from the year 1989-90. The scheme for ",pending,,,,
q_0093,multi_hop,What combined evidence connects Construction of Hostels for OBC Boys and Girls and Disha - Early Intervention and School Readiness Scheme through ministry of social justice?,chunk_b9e694ae,"{""bm25"": {""rank"": 2, ""score"": 55.57811236280223}}",1,"Scheme: Disha - Early Intervention and School Readiness Scheme Ministry: Ministry Of Social Justice and Empowerment Department: Department Of Empowerment Of Persons With Disabilities Implementing agency: Department Of Empowerment Of Persons With Disabilities Level: Central Scheme type: Central Sector Scheme Target beneficiaries: Individual Overview This scheme aims at setting up Disha Centres for early intervention for Person with Disability (PwD) in 0-10 years of age covered under the National Trust Act, through therapies, trainings and providing support to family members. Detailed description Disha-Early Intervention and School Readiness Scheme was launched by the Department of Empowerment",pending,,,,
q_0093,multi_hop,What combined evidence connects Construction of Hostels for OBC Boys and Girls and Disha - Early Intervention and School Readiness Scheme through ministry of social justice?,chunk_ce35df3e,"{""faiss"": {""rank"": 2, ""score"": 0.5852100077052648}}",,"attain quality education. Such hostels are immensely beneficial to the students hailing from rural and remote areas of the country. While the component of construction of hostels for SC girls is in operation from the Third Five Year Plan (1961-66), the same for boys was started with effect from the year 1989-90. 2. Objectives: The objective of this component is containment and reduction of dropout rate of Scheduled Castes Students, especially for SC girls. 3. Scope of Works: Under this component, construction of new Hostel Buildings (separately for Boys and Girls Hostels) as well as repair of existing Hostels constructed under this component {including hostels constructed under earlier Schem",pending,,,,
q_0093,multi_hop,What combined evidence connects Construction of Hostels for OBC Boys and Girls and Disha - Early Intervention and School Readiness Scheme through ministry of social justice?,chunk_cf2cceaf,"{""bm25"": {""rank"": 3, ""score"": 54.98227372005337}}",,"the Assessment Test, proceed to the next step. In case of enrolling PwD in the Disha Centre, a check is made by the concerned RO on whether the PwD is applicable for the LIG or BPL funding by the National Trust. The National Trust shall generally fund on the basis of information provided by the RO. However, the National Trust reserves the right to verify this through other sources, if required. Parents or guardians are required to bring the Enrolment Form along with the originals and photocopies of the following documents. The documents and records for each PwD are to be maintained in separate files by RO. After successful verification of all the above furnished documents, the PwD is enrolle",pending,,,,
q_0094,multi_hop,What combined evidence connects ICAR Junior Research Fellowship For Post-Graduate Studies In Agricultural Sciences and ICAR Senior Research Fellowship For Post-Graduate Studies In Agricultural Sciences through aligarh muslim university?,chunk_136cd204,"{""bm25"": {""rank"": 3, ""score"": 72.48783934948355}}",,"Scheme: CIFE - Institutional Fellowship Ministry: Ministry Of Agriculture and Farmers Welfare Implementing agency: Indian Council Of Agricultural Research (ICAR) Level: Central Scheme type: Central Sector Scheme Target beneficiaries: Individual Overview From the year 2010 onwards, the division is offering Masters and PhD in two disciplines namely Fish Nutrition and Feed Technology and Fish physiology and Biochemistry with an objective of moulding professionals with fundamental and advanced knowledge and expertise. Detailed description ICAR-CIFE offers two years Masters (Masters in Fisheries Science) and three years Doctoral (Ph.D.) degrees in as many as eleven specialised disciplines of fish",pending,,,,
q_0094,multi_hop,What combined evidence connects ICAR Junior Research Fellowship For Post-Graduate Studies In Agricultural Sciences and ICAR Senior Research Fellowship For Post-Graduate Studies In Agricultural Sciences through aligarh muslim university?,chunk_2bb715ea,"{""entity_graph"": {""rank"": 1, ""score"": 0.5}}",,"Scheme: Education Loan Scheme of NMDFC Ministry: Ministry Of Minority Affairs Implementing agency: National Minorities Development & Finance Corporation Level: Central Scheme type: Centrally Sponsored Scheme Target beneficiaries: All Overview Loan of upto ₹20,00,000/- for domestic courses & ₹30,00,000/- for courses abroad under Credit Line-1 and Credit line -2 is extended to beneficiaries belong to minority communities at 3% p.a. & 8% p.a respectively. Detailed description Under this scheme of NMDFC, loan is available for job oriented 'technical and professional courses' of durations not exceeding five years. Loan of upto ₹20,00,000/- for domestic courses & ₹30,00,000/- for courses abroad un",pending,,,,
q_0094,multi_hop,What combined evidence connects ICAR Junior Research Fellowship For Post-Graduate Studies In Agricultural Sciences and ICAR Senior Research Fellowship For Post-Graduate Studies In Agricultural Sciences through aligarh muslim university?,chunk_34a1d8b4,"{""entity_graph"": {""rank"": 2, ""score"": 0.5}}",,"the undertaking carefully and Accept the Terms. Click “Next”. Step 3: In the next window, enter your mobile number and OTP. Then click “Verify”. Step 4: After successful verification, continue with e-KYC process (as applicable). Step 5: Once completed, your reference number will be generated and the same will be sent to your registered phone number. Process for OTR ID Number Generation Download and install AadhaarFaceRD services in the android device. Download and install the NSP OTR App from the Google Play Store. After opening the mobile app Select the option “eKYC with FaceAuth” highlighted in red. Enter the allotted reference number and click on “Send OTP” to receive OTP on your mobile n",pending,,,,
q_0094,multi_hop,What combined evidence connects ICAR Junior Research Fellowship For Post-Graduate Studies In Agricultural Sciences and ICAR Senior Research Fellowship For Post-Graduate Studies In Agricultural Sciences through aligarh muslim university?,chunk_4f60c46f,"{""bm25"": {""rank"": 1, ""score"": 104.99563996688244}, ""faiss"": {""rank"": 1, ""score"": 0.6787691573725673}}",1,"Scheme: ICAR Junior Research Fellowship For Post-Graduate Studies In Agricultural Sciences Ministry: Ministry Of Agriculture and Farmers Welfare Department: Department of Agriculture Research and Education Implementing agency: Indian Council Of Agricultural Research Level: Central Scheme type: Central Sector Scheme Target beneficiaries: Individual Overview ICAR awards a certain number of Junior Research Fellowships for Postgraduate Studies (course and research work) leading to a Master’s degree, in different disciplines of agriculture and allied sciences. This is done to encourage talented students to undertake higher agricultural education. Detailed description ICAR awards a certain number ",pending,,,,
q_0094,multi_hop,What combined evidence connects ICAR Junior Research Fellowship For Post-Graduate Studies In Agricultural Sciences and ICAR Senior Research Fellowship For Post-Graduate Studies In Agricultural Sciences through aligarh muslim university?,chunk_58852d33,"{""entity_graph"": {""rank"": 3, ""score"": 0.5}}",,"process Online The candidates should apply and appear in UGC-NET / Joint CSIR-UGC Test for both i.e. Junior Research Fellowship (JRF) as well as Eligibility for Assistant Professor. This fellowship is awarded only through UGC-NET / Joint CSIR-UGC Test. Applicant have to visit the official portal https://nta.ac.in/ for UGC-NET and https://csirhrdg.res.in/ for CSIR-UGC. For the candidates who had already taken admission into M.Phil / Ph.D while applying for the concerned UGC-NET/ Joint CSIR-UGC Test, the validity period of the offer is three months w.e.f. the date of issue of Award letter. Required documents The awardee needs to submit the following documents to the designated branch of the UG",pending,,,,
q_0094,multi_hop,What combined evidence connects ICAR Junior Research Fellowship For Post-Graduate Studies In Agricultural Sciences and ICAR Senior Research Fellowship For Post-Graduate Studies In Agricultural Sciences through aligarh muslim university?,chunk_6e1f8940,"{""faiss"": {""rank"": 2, ""score"": 0.6416821685908406}}",,"Scheme: ICAR Emeritus Scientist Scheme Ministry: Ministry Of Agriculture and Farmers Welfare Department: Department of Agriculture Research and Education Implementing agency: Indian Council Of Agricultural Research Level: Central Scheme type: Centrally Sponsored Scheme Target beneficiaries: Individual Overview The scheme aims to utilize the expertise of outstanding superannuated scientists of the National Agricultural Research System by supporting nationally important research, teaching, human resource development, and extension activities through honorarium and research grants. Detailed description The ""ICAR Emeritus Scientist"" scheme is implemented by the Indian Council of Agricultural Res",pending,,,,
q_0094,multi_hop,What combined evidence connects ICAR Junior Research Fellowship For Post-Graduate Studies In Agricultural Sciences and ICAR Senior Research Fellowship For Post-Graduate Studies In Agricultural Sciences through aligarh muslim university?,chunk_bb712328,"{""bm25"": {""rank"": 2, ""score"": 101.51646955449617}, ""faiss"": {""rank"": 3, ""score"": 0.6296030380873223}}",1,"Scheme: ICAR Senior Research Fellowship For Post-Graduate Studies In Agricultural Sciences Ministry: Ministry Of Agriculture and Farmers Welfare Department: Department of Agriculture Research and Education Implementing agency: Indian Council Of Agricultural Research Level: Central Scheme type: Central Sector Scheme Target beneficiaries: Individual Overview ICAR awards a certain number of Senior Research Fellowships for Ph.D. in an Agricultural University (AU), in different disciplines of agriculture and allied sciences. This is done to encourage talented students to undertake higher agricultural education. Detailed description In order to address the emerging challenges of agricultural resea",pending,,,,
q_0095,multi_hop,What combined evidence connects AICTE e-Shodh Sindhu Scheme (eSS) and AICTE SHORT TERM TRAINING PROGRAMME-SFURTI SCHEME through department of higher education?,chunk_02155a58,"{""entity_graph"": {""rank"": 1, ""score"": 0.5}}",,"share to this Escrow account as per the cost sharing ratio between the Centre and State/UT. The fund available in the dedicated Escrow account are meant for transfer to the beneficiaries under the scheme. In no case, the funds from this account should be diverted for any other purpose. The funds from this account shall be transferred to the beneficiaries through PFMS in DBT mode. II. To meet the administrative and other expenditures the funds shall also be transferred by MWCD to the States/UTs as per schematic norms through PFMS in the State/ UT treasury. The State/UT after crediting their respective shares shall make it available to the Department for smooth implementation of the scheme. II",pending,,,,
q_0095,multi_hop,What combined evidence connects AICTE e-Shodh Sindhu Scheme (eSS) and AICTE SHORT TERM TRAINING PROGRAMME-SFURTI SCHEME through department of higher education?,chunk_030a851f,"{""entity_graph"": {""rank"": 2, ""score"": 0.5}}",,"in view the scope of insurance coverage: Loss by Theft, War, Invasion, Civil War. Rebellion, Revolution, Insurrection, Mutiny, Lockout, Malicious Damage, Conspiracy, Military/Usurped Power, Civil Commotion, Confiscation, Requisition/Destruction/damage by order of any Government de-jure/de-facto/by any public/municipal/local authority, including damage due to power transmission. Nuclear reaction, nuclear radiation or radioactive contamination. Impact damage due to aircraft or other falling objects Wilful negligence of the insured and anyone acting on his behalf. Damage caused by human, bird or any animal action. Improper maintenance of palms. Palm becoming unhealthy & senile. Natural morality",pending,,,,
q_0095,multi_hop,What combined evidence connects AICTE e-Shodh Sindhu Scheme (eSS) and AICTE SHORT TERM TRAINING PROGRAMME-SFURTI SCHEME through department of higher education?,chunk_0406f424,"{""entity_graph"": {""rank"": 3, ""score"": 0.5}}",,"applicant should not exceed ₹4,50,000/- per annum from all sources. The applicant should have passed Class 12th or equivalent in the preceding year of study for applications called for the present year. The applicant should have secured admission in the first year of any degree course, either a general degree course of The scholarship shall only be provided for general degree courses, and technical and professional courses, including medical and paramedical courses, as certified by the Registrar/ Principal/ Director of University/ College/ Institute in any of the following universities/colleges/institutes: Universities/Institutions/Colleges included under Section 2(f) and 12 (B) of the UGC A",pending,,,,
q_0095,multi_hop,What combined evidence connects AICTE e-Shodh Sindhu Scheme (eSS) and AICTE SHORT TERM TRAINING PROGRAMME-SFURTI SCHEME through department of higher education?,chunk_8146c515,"{""bm25"": {""rank"": 2, ""score"": 55.72848051833321}, ""faiss"": {""rank"": 1, ""score"": 0.6739075954718587}}",,"Documents. Details of Ph.D. qualified Faculty. Details of consultancy project completed in last three years. Details of research project completed in last three years. Details of professors in the institute. For Renewal of subscriptions: The following documents are required to be submitted by the institute in the month of October every year for renewal of subscription to e-Resources: Proof of usage of e-Resources (from 1st January to 30th September). Feedback of Principal/ Director, Coordinator, Co-Coordinator and faculty members in prescribed proforma. Request & undertaking for renewal of subscriptions for subsequent year. Frequently asked questions Question: What is AICTE e-Shodh Sindhu Sc",pending,,,,
q_0095,multi_hop,What combined evidence connects AICTE e-Shodh Sindhu Scheme (eSS) and AICTE SHORT TERM TRAINING PROGRAMME-SFURTI SCHEME through department of higher education?,chunk_910acbaa,"{""bm25"": {""rank"": 1, ""score"": 59.25069393983386}, ""faiss"": {""rank"": 2, ""score"": 0.6376427717830382}}",1,"Scheme: AICTE e-Shodh Sindhu Scheme (eSS) Ministry: Ministry of Education Department: Department Of Higher Education Level: Central Scheme type: Central Sector Scheme Target beneficiaries: University / Institution Overview AICTE e-Shodh Sindhu Scheme (eSS) provides subscriptions of e-Resources like Web of Science, Scopus, ASME, ASCE and Bentham Science to institutions. Detailed description Launched by the All India Council for Technical Education, AICTE e-Shodh Sindhu Scheme (eSS) provides subscriptions of e-Resources like Web of Science, Scopus, The American Society of Mechanical Engineers (ASME), American Society of Civil Engineers (ASCE) and Bentham Science to institutions. Objective: Fac",pending,,,,
q_0095,multi_hop,What combined evidence connects AICTE e-Shodh Sindhu Scheme (eSS) and AICTE SHORT TERM TRAINING PROGRAMME-SFURTI SCHEME through department of higher education?,chunk_da49f4c1,"{""faiss"": {""rank"": 3, ""score"": 0.5454089620556032}}",,"Scheme: AICTE – Saksham Scholarship Scheme For Specially-Abled Student (Diploma) Ministry: Ministry of Education Department: Department Of Higher Education Implementing agency: All India Council For Technical Education (AICTE) Level: Central Scheme type: Central Sector Scheme Target beneficiaries: Individual Overview Saksham is a Scholarship Scheme by the Ministry of Education, implemented by AICTE, aimed at providing encouragement and support to specially-abled children to pursue technical education. This is an attempt to give every young specially-abled student the opportunity to study further. Detailed description Saksham is a Scholarship Scheme by the Ministry of Education, implemented b",pending,,,,
q_0095,multi_hop,What combined evidence connects AICTE e-Shodh Sindhu Scheme (eSS) and AICTE SHORT TERM TRAINING PROGRAMME-SFURTI SCHEME through department of higher education?,chunk_f5178833,"{""bm25"": {""rank"": 3, ""score"": 50.23096774321093}}",1,"Scheme: AICTE SHORT TERM TRAINING PROGRAMME-SFURTI SCHEME Ministry: Ministry of Education Department: Department Of Higher Education Level: Central Scheme type: Central Sector Scheme Target beneficiaries: University / Institution Overview Short Term Training Programme-SFURTI Program aims to provide financial assistance from AICTE to the institutions for conducting faculty and student trainings to enable faculty members and students in the field of technical education. Detailed description Short Term Training Programme-SFURTI Program, launched by the All India Council for Technical Education (AICTE), aims to provide financial assistance to the institutions for conducting faculty and student t",pending,,,,
q_0096,multi_hop,What combined evidence connects AICTE – Mitacs Globalink Research Internship (GRI) Scheme and AICTE SHORT TERM TRAINING PROGRAMME-SFURTI SCHEME through ministry of education department?,chunk_0192a18e,"{""entity_graph"": {""rank"": 1, ""score"": 0.5}}",,"on the immunization card and RCH register. Step 6 Return the unopened and opened Rotavirus vaccine vials after the immunization session to the cold chain point as per guidelines. Table 5: Key instructions for health workers while administering the Rotavirus vaccine 6.2 Reporting and recording of Rotavirus vaccine All recording and reporting formats with inclusion of Rotavirus vaccine should be printed well in time before introduction of the vaccine. These formats should be distributed before introduction and ensure that during health workers’ training, an exercise for filling the MCP card and other formats should be conducted. Inclusion of Rotavirus vaccine will be required in vaccine stock ",pending,,,,
q_0096,multi_hop,What combined evidence connects AICTE – Mitacs Globalink Research Internship (GRI) Scheme and AICTE SHORT TERM TRAINING PROGRAMME-SFURTI SCHEME through ministry of education department?,chunk_02155a58,"{""entity_graph"": {""rank"": 2, ""score"": 0.5}}",,"share to this Escrow account as per the cost sharing ratio between the Centre and State/UT. The fund available in the dedicated Escrow account are meant for transfer to the beneficiaries under the scheme. In no case, the funds from this account should be diverted for any other purpose. The funds from this account shall be transferred to the beneficiaries through PFMS in DBT mode. II. To meet the administrative and other expenditures the funds shall also be transferred by MWCD to the States/UTs as per schematic norms through PFMS in the State/ UT treasury. The State/UT after crediting their respective shares shall make it available to the Department for smooth implementation of the scheme. II",pending,,,,
q_0096,multi_hop,What combined evidence connects AICTE – Mitacs Globalink Research Internship (GRI) Scheme and AICTE SHORT TERM TRAINING PROGRAMME-SFURTI SCHEME through ministry of education department?,chunk_030a851f,"{""entity_graph"": {""rank"": 3, ""score"": 0.5}}",,"in view the scope of insurance coverage: Loss by Theft, War, Invasion, Civil War. Rebellion, Revolution, Insurrection, Mutiny, Lockout, Malicious Damage, Conspiracy, Military/Usurped Power, Civil Commotion, Confiscation, Requisition/Destruction/damage by order of any Government de-jure/de-facto/by any public/municipal/local authority, including damage due to power transmission. Nuclear reaction, nuclear radiation or radioactive contamination. Impact damage due to aircraft or other falling objects Wilful negligence of the insured and anyone acting on his behalf. Damage caused by human, bird or any animal action. Improper maintenance of palms. Palm becoming unhealthy & senile. Natural morality",pending,,,,
q_0096,multi_hop,What combined evidence connects AICTE – Mitacs Globalink Research Internship (GRI) Scheme and AICTE SHORT TERM TRAINING PROGRAMME-SFURTI SCHEME through ministry of education department?,chunk_58208206,"{""bm25"": {""rank"": 2, ""score"": 61.35825392345002}, ""faiss"": {""rank"": 2, ""score"": 0.5756652215460789}}",,"a visa, air tickets for air travel, etc. Required documents Candidates must provide the following with their application to the AICTE-GRI Program, in accordance with the instructions on the MITACS online application portal: Official yearly transcripts for all years in university; Curriculum Vitae (CV); One (1) reference letter from a post-secondary academic supervisor or researcher and Project rationale; Any other document(s) mentioned in MITACS GRI Portal; Upon completion of the Internships, the candidate must submit the feedback form. Frequently asked questions Question: What is the duration of the AICTE – MITACS GLOBALINK RESEARCH INTERNSHIP? Answer: The duration of the internship is 12 w",pending,,,,
q_0096,multi_hop,What combined evidence connects AICTE – Mitacs Globalink Research Internship (GRI) Scheme and AICTE SHORT TERM TRAINING PROGRAMME-SFURTI SCHEME through ministry of education department?,chunk_b0152e51,"{""bm25"": {""rank"": 1, ""score"": 71.5935043159191}, ""faiss"": {""rank"": 1, ""score"": 0.6774759920491986}}",1,"Scheme: AICTE – Mitacs Globalink Research Internship (GRI) Scheme Ministry: Ministry of Education Department: Department Of Higher Education Implementing agency: AICTE And Mitacs Level: Central Scheme type: Centrally Sponsored Scheme Target beneficiaries: Individual Overview The scheme aims to promote collaborative research between India and Canada. Through this scheme, fully funded international research internships are provided to eligible Indian undergraduate students. Detailed description The scheme “AICTE–MITACS Globalink Research Internship (GRI)” has been launched by the All India Council for Technical Education (AICTE), Government of India. It aims to foster cross-border partnerships",pending,,,,
q_0096,multi_hop,What combined evidence connects AICTE – Mitacs Globalink Research Internship (GRI) Scheme and AICTE SHORT TERM TRAINING PROGRAMME-SFURTI SCHEME through ministry of education department?,chunk_f5178833,"{""bm25"": {""rank"": 3, ""score"": 50.82151577922301}, ""faiss"": {""rank"": 3, ""score"": 0.558126958425882}}",1,"Scheme: AICTE SHORT TERM TRAINING PROGRAMME-SFURTI SCHEME Ministry: Ministry of Education Department: Department Of Higher Education Level: Central Scheme type: Central Sector Scheme Target beneficiaries: University / Institution Overview Short Term Training Programme-SFURTI Program aims to provide financial assistance from AICTE to the institutions for conducting faculty and student trainings to enable faculty members and students in the field of technical education. Detailed description Short Term Training Programme-SFURTI Program, launched by the All India Council for Technical Education (AICTE), aims to provide financial assistance to the institutions for conducting faculty and student t",pending,,,,
q_0097,multi_hop,What combined evidence connects Mission on Integrated Development of Horticulture- NHM and HMNEH and Pradhan Mantri Gram Sadak Yojana through himalayan states?,chunk_0afb475a,"{""bm25"": {""rank"": 1, ""score"": 52.46415462277135}, ""faiss"": {""rank"": 2, ""score"": 0.5453074375278042}}",1,"Scheme: Pradhan Mantri Gram Sadak Yojana Ministry: Ministry Of Rural Development Department: Department of Rural Development Implementing agency: Rural Works Departments And State PWDs Level: Central Target beneficiaries: All Overview With the objective of providing rural connectivity, the Government of India launched the Pradhan Mantri Gram Sadak Yojana (referred to as PMGSY-I hereinafter) on 25th December 2000 to provide all-weather access to eligible unconnected habitations. Detailed description With the objective of providing rural connectivity, the Government of India launched the Pradhan Mantri Gram Sadak Yojana (referred to as PMGSY-I hereinafter) on 25th December 2000 to provide all-",pending,,,,
q_0097,multi_hop,What combined evidence connects Mission on Integrated Development of Horticulture- NHM and HMNEH and Pradhan Mantri Gram Sadak Yojana through himalayan states?,chunk_1a751e4d,"{""entity_graph"": {""rank"": 1, ""score"": 0.5}}",,"are provided at the same time (OPV/Pentavalent/RVV) differ widely from each other for the same period.  If there is any mismatch between the reported number of vaccine doses and logistics consumed, the vaccinators, medical officer, store in-charge and supervising authorities concerned must be consulted to determine the reason for the variation or mismatch. 10.4 Monitoring the cold chain  Rotavirus vaccine should be stored between +20C and +80C at all levels. Therefore, the temperature of the ILR/WIC should be monitored to ensure maintenance of cold chain. 10.5 Monitoring immunization safety  Rotavirus vaccine is a safe and effective vaccine; however, as with any new vaccine added to th",pending,,,,
q_0097,multi_hop,What combined evidence connects Mission on Integrated Development of Horticulture- NHM and HMNEH and Pradhan Mantri Gram Sadak Yojana through himalayan states?,chunk_2a87e745,"{""entity_graph"": {""rank"": 2, ""score"": 0.5}}",,"plans. 7.1.5 Indenting and delivery of vaccine and logistics  Ensure availability of required quantities of Rotavirus vaccine, diluents, 6 ml oral syringes, adapters and other logistics before the introduction of the vaccine. Official communications from the state should include the following key messages and the same should be reiterated at regular intervals. Introduction of Rotavirus Vaccine in the Universal Immunization Programme Sl No. Participants Facilitators Timeline 1a. State ToT day 1 Medical Officers DIO and 2 MOs per district (3 persons per district). SIO, state CCO and other state officials including state programme manager (NHM), state IEC consultant, state ASHA coordinator, s",pending,,,,
q_0097,multi_hop,What combined evidence connects Mission on Integrated Development of Horticulture- NHM and HMNEH and Pradhan Mantri Gram Sadak Yojana through himalayan states?,chunk_2fd0edfd,"{""entity_graph"": {""rank"": 3, ""score"": 0.5}}",,"district and block levels. These include training of identified block/ urban planning unit MOs, cold chain handlers, data handlers, health workers and supervisors (ANMs, LHVs) and community mobilizers (ASHAs, AWWs and link workers).  The staffs posted in big government hospitals and even medical colleges must be included.  Details are given in Table 7. Operational Guidelines 7.2.7 Dissemination of guidelines/ formats/IEC material  Disseminate relevant guidelines and training material to the participants in the workshops.  Ensure that the district has an adequate number of printed IEC materials.  Ensure that all the updated reporting and recording tools such as MCP cards, registers,",pending,,,,
q_0097,multi_hop,What combined evidence connects Mission on Integrated Development of Horticulture- NHM and HMNEH and Pradhan Mantri Gram Sadak Yojana through himalayan states?,chunk_31494559,"{""bm25"": {""rank"": 3, ""score"": 38.83321787548888}}",,"Scheme: Pradhan Mantri Awaas Yojana - Gramin Ministry: Ministry Of Rural Development Department: Department of Rural Development Implementing agency: Ministry Of Housing And Urban Affairs (MoHUA) Level: Central Scheme type: Central Sector Scheme Target beneficiaries: Family Overview Launch on 1st April 2016, Pradhan Mantri Awaas Yojana Gramin (PMAY-G) is centre's flagship mission by the Ministry of Rural Development (MoRD), implemented by the Ministry of Housing and Urban Affairs (MoHUA). PMAY-G addresses the rural housing shortage and bridges the housing deficit in rural areas Detailed description Launch on 1st April 2016, Pradhan Mantri Awaas Yojana Gramin (PMAY-G) is centre's flagship mis",pending,,,,
q_0097,multi_hop,What combined evidence connects Mission on Integrated Development of Horticulture- NHM and HMNEH and Pradhan Mantri Gram Sadak Yojana through himalayan states?,chunk_3a805dd7,"{""bm25"": {""rank"": 2, ""score"": 48.37448379745252}, ""faiss"": {""rank"": 1, ""score"": 0.5739936235764272}}",1,"Scheme: Mission on Integrated Development of Horticulture- NHM and HMNEH Ministry: Ministry Of Agriculture and Farmers Welfare Department: Department of Agriculture & Farmers Welfare Implementing agency: State/UT Horticulture Department Level: Central Scheme type: Centrally Sponsored Scheme Target beneficiaries: Individual, Government Organisation, State Government, Registered Societies, Business Entity Overview The scheme aims to promote the holistic growth of the horticulture sector through production enhancement, productivity improvement, post-harvest management, processing, marketing support, skill development, and infrastructure creation for horticulture crops while augmenting farmers’ ",pending,,,,
q_0097,multi_hop,What combined evidence connects Mission on Integrated Development of Horticulture- NHM and HMNEH and Pradhan Mantri Gram Sadak Yojana through himalayan states?,chunk_7677bba9,"{""faiss"": {""rank"": 3, ""score"": 0.5201295963850017}}",,"Scheme: Pradhan Mantri Adi Adarsh Gram Yojana (PMAAGY) Ministry: Ministry Of Tribal Affairs Level: Central Scheme type: Central Sector Scheme Target beneficiaries: Village Overview The scheme aims to develop selected villages with significant Scheduled Tribe population into model villages by providing basic infrastructure and improving socio-economic conditions. Detailed description The scheme ""Pradhan Mantri Adi Adarsh Gram Yojana (PMAAGY)"" by the Ministry Of Tribal Affairs, Government Of India, aims to transform villages with high Scheduled Tribe population into model villages through providing financial assistance for infrastructure gap filling and socio-economic development to the tribal",pending,,,,
q_0098,multi_hop,What combined evidence connects Coconut Palm Insurance Scheme and Kera Suraksha Insurance Scheme through coconut development board?,chunk_02155a58,"{""entity_graph"": {""rank"": 1, ""score"": 0.5}}",,"share to this Escrow account as per the cost sharing ratio between the Centre and State/UT. The fund available in the dedicated Escrow account are meant for transfer to the beneficiaries under the scheme. In no case, the funds from this account should be diverted for any other purpose. The funds from this account shall be transferred to the beneficiaries through PFMS in DBT mode. II. To meet the administrative and other expenditures the funds shall also be transferred by MWCD to the States/UTs as per schematic norms through PFMS in the State/ UT treasury. The State/UT after crediting their respective shares shall make it available to the Department for smooth implementation of the scheme. II",pending,,,,
q_0098,multi_hop,What combined evidence connects Coconut Palm Insurance Scheme and Kera Suraksha Insurance Scheme through coconut development board?,chunk_030a851f,"{""entity_graph"": {""rank"": 2, ""score"": 0.5}}",1,"in view the scope of insurance coverage: Loss by Theft, War, Invasion, Civil War. Rebellion, Revolution, Insurrection, Mutiny, Lockout, Malicious Damage, Conspiracy, Military/Usurped Power, Civil Commotion, Confiscation, Requisition/Destruction/damage by order of any Government de-jure/de-facto/by any public/municipal/local authority, including damage due to power transmission. Nuclear reaction, nuclear radiation or radioactive contamination. Impact damage due to aircraft or other falling objects Wilful negligence of the insured and anyone acting on his behalf. Damage caused by human, bird or any animal action. Improper maintenance of palms. Palm becoming unhealthy & senile. Natural morality",pending,,,,
q_0098,multi_hop,What combined evidence connects Coconut Palm Insurance Scheme and Kera Suraksha Insurance Scheme through coconut development board?,chunk_0406f424,"{""entity_graph"": {""rank"": 3, ""score"": 0.5}}",,"applicant should not exceed ₹4,50,000/- per annum from all sources. The applicant should have passed Class 12th or equivalent in the preceding year of study for applications called for the present year. The applicant should have secured admission in the first year of any degree course, either a general degree course of The scholarship shall only be provided for general degree courses, and technical and professional courses, including medical and paramedical courses, as certified by the Registrar/ Principal/ Director of University/ College/ Institute in any of the following universities/colleges/institutes: Universities/Institutions/Colleges included under Section 2(f) and 12 (B) of the UGC A",pending,,,,
q_0098,multi_hop,What combined evidence connects Coconut Palm Insurance Scheme and Kera Suraksha Insurance Scheme through coconut development board?,chunk_1ec7678d,"{""faiss"": {""rank"": 3, ""score"": 0.6306337379631586}}",,"Scheme: Coconut Palm Insurance Scheme Ministry: Ministry Of Agriculture and Farmers Welfare Department: Department of Agriculture & Farmers Welfare Implementing agency: Coconut Development Board Level: Central Scheme type: Centrally Sponsored Scheme Target beneficiaries: Individual Overview The “Coconut Palm Insurance Scheme (CPIS)” is being implemented by the Coconut Development Board, Ministry of Agriculture and Farmers Welfare, Government of India with the objective of insuring coconut palms against natural calamities, climatic risks, pests, diseases, and other perils. Detailed description The “Coconut Palm Insurance Scheme (CPIS)” is being implemented by the Coconut Development Board, Mi",pending,,,,
q_0098,multi_hop,What combined evidence connects Coconut Palm Insurance Scheme and Kera Suraksha Insurance Scheme through coconut development board?,chunk_6709215b,"{""bm25"": {""rank"": 3, ""score"": 52.28232316196232}, ""faiss"": {""rank"": 2, ""score"": 0.6434547302039062}}",1,"Answer: The insurance coverage is valid for one year and needs to be renewed annually by paying ₹94 as a contribution from the beneficiary. Question: What is the objective of the Kera Suraksha Insurance Scheme? Answer: The scheme aims to attract unemployed youth to the agriculture sector, overcome the shortage of coconut tree climbers, and promote skill development through programs like Friends of Coconut Tree (FoCT). Question: What benefits are provided under the scheme? Answer: The scheme provides various components and compensation: 1. Death/Permanent Total Disability: ₹5.00 lakhs 2. Permanent Partial Disability: ₹2.50 lakhs 3. Hospital Expense (24 hours IP): ₹1,00,000/- (Maximum) 4. Week",pending,,,,
q_0098,multi_hop,What combined evidence connects Coconut Palm Insurance Scheme and Kera Suraksha Insurance Scheme through coconut development board?,chunk_ca407899,"{""bm25"": {""rank"": 1, ""score"": 64.22592006496696}, ""faiss"": {""rank"": 1, ""score"": 0.7006760306940345}}",,"Scheme: Kera Suraksha Insurance Scheme Ministry: Ministry Of Agriculture and Farmers Welfare Department: Department of Agriculture & Farmers Welfare Implementing agency: Coconut Development Board Level: Central Scheme type: Central Sector Scheme Target beneficiaries: Individual Overview The ‘Kera Suraksha Insurance Scheme’ is a comprehensive Group Personal Accident Insurance Scheme, implemented by Coconut Development Board in association with Public Insurance companies for Coconut Tree Climbers/Neera Technicians/Coconut Harvesters. Detailed description The ""Kera Suraksha Insurance Scheme,"" under the Ministry of Agriculture and Farmers Welfare and implemented by the Coconut Development Board,",pending,,,,
q_0098,multi_hop,What combined evidence connects Coconut Palm Insurance Scheme and Kera Suraksha Insurance Scheme through coconut development board?,chunk_d4c4518b,"{""bm25"": {""rank"": 2, ""score"": 61.47032825278686}}",,"duly filled in and countersigned by Agriculture officer/Panchayath President/CPF office bearers/CPC Directors along with premium share and age proof needs to be sent to Chairman, Coconut Development Board, Kera Bhavan, SRVHS Road, Kochi - 682011, Kerala. Procedure for applying claim: All claim-related documents/correspondence have to be forwarded to the office of the Coconut Development Board given below: Headquarters: PB No. 1021, KERA BHAVAN, SRV Road, Kochi, Kerala - 682011, Tel: 0484 - 2376265, Fax: 0484 - 2377902, Contact person: Statistical Officer Email: ho-stats@coconutboard.gov.in ( Application Forms For any discrepancies/queries on claim settlement, you may contact: Office of The N",pending,,,,
q_0099,multi_hop,What combined evidence connects Pradhan Mantri Awas Yojana - Urban and Swachh Bharat Mission – Urban 2.0 through ministry of housing & urban affairs level?,chunk_060211a3,"{""entity_graph"": {""rank"": 1, ""score"": 0.5}}",,"nominee details. Step 4: A self-certification process for the eligibility conditions will be completed by the applicant. Following this, the system will automatically calculate the monthly contribution amount payable according to the age of the beneficiary. Application and Payment Process Step 5: The enrolled beneficiary will pay the first subscription amount in cash directly to the VLE. This initial contribution payment activates the subscription to the pension scheme. Step 6: An enrollment cum auto-debit mandate form will be generated and printed by the system. This mandate form must be signed by the beneficiary, after which the VLE will scan the document and upload it securely into the sy",pending,,,,
q_0099,multi_hop,What combined evidence connects Pradhan Mantri Awas Yojana - Urban and Swachh Bharat Mission – Urban 2.0 through ministry of housing & urban affairs level?,chunk_0919edc8,"{""entity_graph"": {""rank"": 2, ""score"": 0.5}}",,"benefits, what specific technology must be used on the official mobile application to properly verify my identity? Answer: You must authenticate your Universal Account Number utilizing the Facial Authentication Technology available on the UMANG mobile application to be eligible for the first-timer incentives. Question: In order to maintain active eligibility and continue receiving the promised financial incentives for generating new jobs, what specific monthly compliance action must the employer ensure is completed without fail? Answer: Employers must consistently file the monthly Electronic Challan-cum-Return along with the prescribed amount of provident fund contributions for their employe",pending,,,,
q_0099,multi_hop,What combined evidence connects Pradhan Mantri Awas Yojana - Urban and Swachh Bharat Mission – Urban 2.0 through ministry of housing & urban affairs level?,chunk_117cba2a,"{""entity_graph"": {""rank"": 3, ""score"": 0.5}}",,"and up to ₹20,000/-, the benefit is ₹2,000/- per additional employment per month. For additional employees with an Employees' Provident Fund wage greater than ₹20,000/- and up to ₹1,00,000/-, the benefit is ₹3,000/- per additional employment per month. The benefits will be provided to all eligible establishments on a six-monthly lump-sum basis after the filing of six completed months' Electronic Challan-cum-Returns. The incentive to the establishment shall be provided as a Direct Benefit Transfer to the Permanent Account Number-linked bank account of the establishment. Conditions The employer must fulfill the threshold limit continuously, generating at least 2 additional employments with a b",pending,,,,
q_0099,multi_hop,What combined evidence connects Pradhan Mantri Awas Yojana - Urban and Swachh Bharat Mission – Urban 2.0 through ministry of housing & urban affairs level?,chunk_16bd7095,"{""bm25"": {""rank"": 3, ""score"": 49.111890377509425}}",1,"Scheme: Swachh Bharat Mission – Urban 2.0 Ministry: Ministry Of Housing & Urban Affairs Level: Central Scheme type: Centrally Sponsored Scheme Target beneficiaries: Individual, Family Overview A sanitation scheme for the construction of Individual Household Latrines (IHHL) for urban households. Detailed description A sanitation scheme for the construction of Individual Household Latrines (IHHL) for urban households. The Mission has the following components: Household toilets, including conversion of insanitary latrines into pour-flush latrines. Community toilets Public toilets Solid waste management IEC & Public Awareness Capacity building and Administrative & Office Expenses (A&OE) Benefits",pending,,,,
q_0099,multi_hop,What combined evidence connects Pradhan Mantri Awas Yojana - Urban and Swachh Bharat Mission – Urban 2.0 through ministry of housing & urban affairs level?,chunk_31494559,"{""bm25"": {""rank"": 2, ""score"": 54.285855765752125}, ""faiss"": {""rank"": 2, ""score"": 0.5560600920309531}}",,"Scheme: Pradhan Mantri Awaas Yojana - Gramin Ministry: Ministry Of Rural Development Department: Department of Rural Development Implementing agency: Ministry Of Housing And Urban Affairs (MoHUA) Level: Central Scheme type: Central Sector Scheme Target beneficiaries: Family Overview Launch on 1st April 2016, Pradhan Mantri Awaas Yojana Gramin (PMAY-G) is centre's flagship mission by the Ministry of Rural Development (MoRD), implemented by the Ministry of Housing and Urban Affairs (MoHUA). PMAY-G addresses the rural housing shortage and bridges the housing deficit in rural areas Detailed description Launch on 1st April 2016, Pradhan Mantri Awaas Yojana Gramin (PMAY-G) is centre's flagship mis",pending,,,,
q_0099,multi_hop,What combined evidence connects Pradhan Mantri Awas Yojana - Urban and Swachh Bharat Mission – Urban 2.0 through ministry of housing & urban affairs level?,chunk_7677bba9,"{""faiss"": {""rank"": 3, ""score"": 0.5232416475153812}}",,"Scheme: Pradhan Mantri Adi Adarsh Gram Yojana (PMAAGY) Ministry: Ministry Of Tribal Affairs Level: Central Scheme type: Central Sector Scheme Target beneficiaries: Village Overview The scheme aims to develop selected villages with significant Scheduled Tribe population into model villages by providing basic infrastructure and improving socio-economic conditions. Detailed description The scheme ""Pradhan Mantri Adi Adarsh Gram Yojana (PMAAGY)"" by the Ministry Of Tribal Affairs, Government Of India, aims to transform villages with high Scheduled Tribe population into model villages through providing financial assistance for infrastructure gap filling and socio-economic development to the tribal",pending,,,,
q_0099,multi_hop,What combined evidence connects Pradhan Mantri Awas Yojana - Urban and Swachh Bharat Mission – Urban 2.0 through ministry of housing & urban affairs level?,chunk_bc3eff19,"{""bm25"": {""rank"": 1, ""score"": 57.70509952838822}, ""faiss"": {""rank"": 1, ""score"": 0.5937452676966778}}",1,"Scheme: Pradhan Mantri Awas Yojana - Urban Ministry: Ministry Of Housing & Urban Affairs Level: Central Scheme type: Central Sector Scheme Target beneficiaries: Individual Overview Pradhan Mantri Awas Yojana - Urban (PMAY-U) Scheme was launched on 25th June 2015 by the Hon’ble Prime Minister to provide all-weather pucca houses to all eligible urban households across the nation with the vision of ‘Housing for All’. Detailed description The “Pradhan Mantri Awas Yojana – Urban (PMAY-U)” was launched on 25th June 2015 by the Ministry of Housing & Urban Affairs, Government of India with the vision of “Housing for All” to provide pucca houses to eligible urban households. Implemented by the Minist",pending,,,,
q_0100,multi_hop,What combined evidence connects Institutional Support for Development and Marketing of Tribal Products/Produce and PM Janjati Adivasi Nyaya Maha Abhiyan (PM JANMAN) through ministry of tribal affairs?,chunk_0960663e,"{""entity_graph"": {""rank"": 1, ""score"": 0.5}}",,"Scheme: Coaching Schemes For Sc/st/obc (non-creamy Layer) & Minority Students For Universities Ministry: Ministry Of Minority Affairs Level: Central Target beneficiaries: Individual Overview Coaching schemes for students belonging to SC (Scheduled Caste), ST (Scheduled Tribe), OBC (Other Backward Classes) (non-creamy layer), and minority communities are implemented to provide them with equal opportunities and support in pursuing higher education. Detailed description Coaching schemes for students belonging to SC (Scheduled Caste), ST (Scheduled Tribe), OBC (Other Backward Classes) (non-creamy layer), and minority communities are implemented to provide them with equal opportunities and suppor",pending,,,,
q_0100,multi_hop,What combined evidence connects Institutional Support for Development and Marketing of Tribal Products/Produce and PM Janjati Adivasi Nyaya Maha Abhiyan (PM JANMAN) through ministry of tribal affairs?,chunk_0e5de080,"{""bm25"": {""rank"": 1, ""score"": 94.72447512581485}}",1,"Scheme: PM Janjati Adivasi Nyaya Maha Abhiyan (PM JANMAN) Ministry: Ministry Of Tribal Affairs Level: Central Scheme type: Central Sector Scheme Target beneficiaries: Individual, Family Overview The scheme aims to improve the socio-economic status of PVTGs by saturating families and habitations with basic facilities and services. It provides 11 critical infrastructure and welfare interventions, including housing, water, electricity, and connectivity. Detailed description The scheme “PM- Janjati Adivasi Nyaya Maha Abhiyan (PM JANMAN)” was launched by the Ministry of Tribal Affairs, Government of India, aims to improve the socio-economic status of Particularly Vulnerable Tribal Groups (PVTGs) ",pending,,,,
q_0100,multi_hop,What combined evidence connects Institutional Support for Development and Marketing of Tribal Products/Produce and PM Janjati Adivasi Nyaya Maha Abhiyan (PM JANMAN) through ministry of tribal affairs?,chunk_1c044a65,"{""entity_graph"": {""rank"": 2, ""score"": 0.5}}",,the health facilities at all levels to assess the preparedness of states prior to introduction.  The observers must share their observations with the district and state level officials for further action (if any). Chapter Operational Guidelines 10.1.2 State level  Review of the preparedness checklists of the districts must be done by the SIO. It is recommended that a state team be formed to oversee the implementation process. Officers from various departments can also be involved in the state-level trainings to enable participation in monitoring.  Field visits by the state immunization officer and state observers must focus on checklist findings and visit the district training sessions,pending,,,,
q_0100,multi_hop,What combined evidence connects Institutional Support for Development and Marketing of Tribal Products/Produce and PM Janjati Adivasi Nyaya Maha Abhiyan (PM JANMAN) through ministry of tribal affairs?,chunk_1f6f64bc,"{""entity_graph"": {""rank"": 3, ""score"": 0.5}}",,"her written consent, her/husband/family member‟s Mobile Number and her Bank/Post Office account details. III. The prescribed form(s) can be obtained from the AWC/ approved Health facility free of cost. The form(s) can also be downloaded from the website of Ministry of Women and Child Development (http://wcd. nic.in) and submit the same at Aanganwadi Centre/ approved health facility IV. Brief instructions on filling up of the prescribed form(s) are as follows: i. For registration and claim of first instalment, duly filled Form 1-A along with copy of MCP Card (Mother and Child Protection Card), Proof of Identity of Beneficiary (Aadhaar Card or permitted Alternate ID Proof) and Bank/ Post Offic",pending,,,,
q_0100,multi_hop,What combined evidence connects Institutional Support for Development and Marketing of Tribal Products/Produce and PM Janjati Adivasi Nyaya Maha Abhiyan (PM JANMAN) through ministry of tribal affairs?,chunk_71db5b5a,"{""faiss"": {""rank"": 3, ""score"": 0.567896756432938}}",,"join a Self Help Group or Van Dhan Self Help Group. Step 2: The group must be organized under a Van Dhan Vikas Kendra. Step 3: The proposal must be submitted through State Implementing Agencies or TRIFED. Step 4: The concerned authority reviews and approves the proposal. Step 5: Upon approval, financial and technical support is provided. Required documents Self-Help Group Registration Documents Project Proposal (for group-based activities) Authorization Documents of Group/Enterprise (if applicable) Frequently asked questions Question: What is the objective of ""Pradhan Mantri Janjatiya Vikas Mission (PMJVM)""? Answer: The objective of the scheme is to enhance livelihood opportunities for triba",pending,,,,
q_0100,multi_hop,What combined evidence connects Institutional Support for Development and Marketing of Tribal Products/Produce and PM Janjati Adivasi Nyaya Maha Abhiyan (PM JANMAN) through ministry of tribal affairs?,chunk_ad594f7b,"{""bm25"": {""rank"": 3, ""score"": 45.62311902887919}, ""faiss"": {""rank"": 2, ""score"": 0.5829975473553007}}",,"Scheme: Pradhan Mantri Janjatiya Vikas Mission (PMJVM) Ministry: Ministry Of Tribal Affairs Level: Central Scheme type: Central Sector Scheme Target beneficiaries: Village Overview The scheme aims to promote livelihood generation and income enhancement of tribal communities through value addition, processing, and marketing of tribal products. Detailed description The scheme ""Pradhan Mantri Janjatiya Vikas Mission (PMJVM)"" by the Ministry of Tribal Affairs, Government of India, aims to enhance the livelihood of tribal communities through providing support for value addition, processing, and marketing of Minor Forest Produce and tribal products to the tribal beneficiaries. It integrates earlie",pending,,,,
q_0100,multi_hop,What combined evidence connects Institutional Support for Development and Marketing of Tribal Products/Produce and PM Janjati Adivasi Nyaya Maha Abhiyan (PM JANMAN) through ministry of tribal affairs?,chunk_b8e1dc30,"{""bm25"": {""rank"": 2, ""score"": 57.420620372772575}, ""faiss"": {""rank"": 1, ""score"": 0.6434724250666505}}",,"Scheme: Institutional Support for Development and Marketing of Tribal Products/Produce Ministry: Ministry Of Tribal Affairs Implementing agency: Ministry Of Tribal Affairs, Government Of India Level: Central Scheme type: Central Sector Scheme Target beneficiaries: Registered Societies Overview The scheme “Institutional Support for development and Marketing of Tribal Products/Produce” was introduced in 2014-15 by the Ministry of Tribal Affairs, Government of India. Detailed description The scheme “Institutional Support for Development and Marketing of Tribal Products/Produce” was introduced in 2014-15 by the Ministry of Tribal Affairs, Government of India. The scheme is implemented by revisin",pending,,,,
