question_id,category,question,reference_answer,gold_chunk_ids,source_doc_ids,scheme_names,bridge_entity,evidence_snippets,automatic_checks,second_review_required,status,reviewer,question_natural,category_correct,answer_supported,gold_chunks_correct,scheme_documents_correct,bridge_valid,two_chunk_necessity,lexical_leakage_acceptable,schema_leakage_absent,boilerplate_absent,duplicate_intent,rationale,second_reviewer,second_reviewer_decision,second_reviewer_rationale
q_0001,exact_match,What is Mission Shakti?,"As you may be aware that the Govemment of India has launched 'Mission Shakti' - an integrated women empowerment programme as umbrella scheme for the safety, security and empowerment of women for implementation during the 15'h Finance Commission period 2O2l-22 to 2025-26.","[""chunk_703d79a4""]","[""doc_cc6e316344d2""]",[],,"[""Ei. {r*yr {qt, er6.q.qq. $ga rtP{s Dr. Rakesh Gupta, tAS Joint Secrotary Dt4^,,- Pgg\""^'ata*t'tt*e 748. eft-{ilr4tar - - €TI[-dTErtrS \\ea*+\""V - SITKT SGSIT qftldr ga qa F+ors fircq vnd tl-m, d fu*-rrooor Government of lndla Ministry of Women & Child Development Shastri Bhawan, New Delhi-110 001 Ph.: 011-23388576, E+nail : guptarT@ias.nic.in DO No. WW-231112021-WW Dated, 146 July,2022 {rir+c qd As you may be aware that the Govemment of India has launched 'Mission Shakti' - an integrated women empo""]","{""gold_ids_resolve"": true, ""source_document_ids_resolve"": true, ""answer_exactly_supported"": true, ""two_chunks_for_cross_scheme"": true, ""question_intent_unique"": true, ""category_contract_passes"": true}",False,pending,,,,,,,,,,,,,,,,
q_0002,exact_match,What is ICAR Senior Research Fellowship For Post-Graduate Studies In Agricultural Sciences?,"ICAR awards a certain number of Senior Research Fellowships for Ph.D. in an Agricultural University (AU), in different disciplines of agriculture and allied sciences. This is done to encourage talented students to undertake higher agricultural education.","[""chunk_bb712328""]","[""doc_97925511123b""]",[],,"[""Scheme: ICAR Senior Research Fellowship For Post-Graduate Studies In Agricultural Sciences Ministry: Ministry Of Agriculture and Farmers Welfare Department: Department of Agriculture Research and Education Implementing agency: Indian Council Of Agricultural Research Level: Central Scheme type: Central Sector Scheme Target beneficiaries: Individual Overview ICAR awards a certain number of Senior Research Fellowships for Ph.D. in an Agricultural University (AU), in different disciplines of agricul""]","{""gold_ids_resolve"": true, ""source_document_ids_resolve"": true, ""answer_exactly_supported"": true, ""two_chunks_for_cross_scheme"": true, ""question_intent_unique"": true, ""category_contract_passes"": true}",False,pending,,,,,,,,,,,,,,,,
q_0003,exact_match,What is National Bamboo Mission?,"The restructured National Bamboo Mission primarily focuses on the development of complete value chain of bamboo sector to link growers with consumers starting from planting material, plantation, creation of facilities, skilled manpower and brand processing marketing, micro, small & medium enterprises, skilled manpower and brand building initiative in a cluster approach mode.","[""chunk_4c8abbf6""]","[""doc_554341edaf6e""]",[],,"[""Scheme: National Bamboo Mission Ministry: Ministry Of Agriculture and Farmers Welfare Department: Department of Agriculture & Farmers Welfare Implementing agency: State Bamboo Development Agency / State Bamboo Mission Level: Central Scheme type: Centrally Sponsored Scheme Target beneficiaries: Individual, Business Entity Overview Restructured National Bamboo Mission was launched during 2018-19 as a Centrally Sponsored Scheme (CSS) after the historical amendment of the Indian Forest Act during 20""]","{""gold_ids_resolve"": true, ""source_document_ids_resolve"": true, ""answer_exactly_supported"": true, ""two_chunks_for_cross_scheme"": true, ""question_intent_unique"": true, ""category_contract_passes"": true}",False,pending,,,,,,,,,,,,,,,,
q_0004,exact_match,What is Internship Programme Of The Department Of Expenditure?,Detailed description The Internship Programme of the Department of Expenditure aims to familiarize willing and eligible undergraduates pursuing five-year integrated courses and Graduates pursuing post-Graduation/ post-Graduates pursuing Research with the overall process of formulation of economic policies of the Government.,"[""chunk_d9b29e30""]","[""doc_22020bcc1151""]",[],,"[""Scheme: Internship Programme Of The Department Of Expenditure Ministry: Ministry Of Finance Department: Department of Expenditure Level: Central Scheme type: Central Sector Scheme Target beneficiaries: Individual Overview The Internship Programme of the Department of Expenditure aims to familiarize willing and eligible undergraduates pursuing five-year integrated courses and Graduates pursuing post-Graduation/ post-Graduates pursuing Research with the overall process of formulation of economic p""]","{""gold_ids_resolve"": true, ""source_document_ids_resolve"": true, ""answer_exactly_supported"": true, ""two_chunks_for_cross_scheme"": true, ""question_intent_unique"": true, ""category_contract_passes"": true}",True,pending,,,,,,,,,,,,,,,,
q_0005,exact_match,What is Construction of Hostels for OBC Boys and Girls?,"The Scheme aims at providing hostel facilities to students belonging to socially and educationally backward classes, especially from rural areas, to enable them to pursue secondary and higher education.","[""chunk_054b5d2b""]","[""doc_007da74871e7""]",[],,"[""Scheme: Construction of Hostels for OBC Boys and Girls Ministry: Ministry Of Social Justice and Empowerment Department: Department of Social Justice & Empowerment Level: Central Scheme type: Centrally Sponsored Scheme Target beneficiaries: State Government, University / Institution Overview The Scheme aims at providing hostel facilities to students belonging to socially and educationally backward classes, especially from rural areas, to enable them to pursue secondary and higher education. Detai""]","{""gold_ids_resolve"": true, ""source_document_ids_resolve"": true, ""answer_exactly_supported"": true, ""two_chunks_for_cross_scheme"": true, ""question_intent_unique"": true, ""category_contract_passes"": true}",False,pending,,,,,,,,,,,,,,,,
q_0006,exact_match,What is PM Janjati Adivasi Nyaya Maha Abhiyan (PM JANMAN)?,"The scheme aims to improve the socio-economic status of PVTGs by saturating families and habitations with basic facilities and services. It provides 11 critical infrastructure and welfare interventions, including housing, water, electricity, and connectivity.","[""chunk_0e5de080""]","[""doc_c0a1e7511e8a""]",[],,"[""Scheme: PM Janjati Adivasi Nyaya Maha Abhiyan (PM JANMAN) Ministry: Ministry Of Tribal Affairs Level: Central Scheme type: Central Sector Scheme Target beneficiaries: Individual, Family Overview The scheme aims to improve the socio-economic status of PVTGs by saturating families and habitations with basic facilities and services. It provides 11 critical infrastructure and welfare interventions, including housing, water, electricity, and connectivity. Detailed description The scheme “PM- Janjati ""]","{""gold_ids_resolve"": true, ""source_document_ids_resolve"": true, ""answer_exactly_supported"": true, ""two_chunks_for_cross_scheme"": true, ""question_intent_unique"": true, ""category_contract_passes"": true}",False,pending,,,,,,,,,,,,,,,,
q_0007,exact_match,What is Agricultural Extension?,"Answer: The scheme includes Support to State Extension Programmes for Extension Reforms, Mass Media Support to Agricultural Extension, Agri-Clinic and Agri-Business Centres (ACABC), and Extension Support to Central Institutions","[""chunk_7b1312ae""]","[""doc_99ae16f43997""]",[],,"[""skills. Question: What is the Diploma in Agricultural Extension Services for Input Dealers (DAESI)? Answer: DAESI is a one-year diploma programme that improves the technical knowledge of agri-input dealers and enables them to provide better advisory services to farmers. Question: What are the major components of SMAE? Answer: The scheme includes Support to State Extension Programmes for Extension Reforms, Mass Media Support to Agricultural Extension, Agri-Clinic and Agri-Business Centres (ACABC)""]","{""gold_ids_resolve"": true, ""source_document_ids_resolve"": true, ""answer_exactly_supported"": true, ""two_chunks_for_cross_scheme"": true, ""question_intent_unique"": true, ""category_contract_passes"": true}",False,pending,,,,,,,,,,,,,,,,
q_0008,exact_match,What is Scheme for Prevention of Alcoholism and Substance Abuse?,"The aims and objectives of the scheme for prevention of alcoholism and substance abuse are - To support activities of non-governmental organisations, working in the areas of prevention of addiction and rehabilitation of drug users with the rights based approach.","[""chunk_848cc9ee""]","[""doc_79bfbcec159c""]",[],,"[""MANUAL ON MINIMUM STANDARDS OF SERVICES FOR THE PROGRAMMES UNDER THE SCHEME FOR PREVENTION OF ALCOHOLISM AND SUBSTANCE (DRUGS) ABUSE Prepared by National Institute of Social Defence & Regional Resource and Training Centres Page no. Chapter 1 Introduction and about the scheme Chapter 2 Integrated Rehabilitation Centre for Addicts (IRCA) –with annexure Chapter 3 Awareness-Cum-De-addiction Camps (ACDC) and programme for prevention of alcoholism and drug abuse at workplace (WPP) - with annexure Chap""]","{""gold_ids_resolve"": true, ""source_document_ids_resolve"": true, ""answer_exactly_supported"": true, ""two_chunks_for_cross_scheme"": true, ""question_intent_unique"": true, ""category_contract_passes"": true}",False,pending,,,,,,,,,,,,,,,,
q_0009,exact_match,What is Universal Immunization Programme - Rotavirus Vaccine?,"Operational Guidelines Introduction of Rotavirus Vaccine in the Universal Immunization Programme ROTAVIRUS VACCINE IN INDIA 4.1 The Rotavirus Vaccine in UIP Based on recommendation by the National Technical Advisory Group on Immunization (NTAGI), the Ministry of Health and Family Welfare (MoHFW), the Government of India (GoI) decided to introduce Rotavirus vaccine in the Universal Immunization Programme (UIP) in a phased manner.","[""chunk_5a81dc46""]","[""doc_36c9d2d4e022""]",[],,"[""national immunization schedule.  Under the UIP, the upper age limit for administering the 1st dose of Rotavirus vaccine is one year.  There are currently four licensed orally administered Rotavirus vaccines available for use in India. Out of these four, two vaccines (Rotavac® and Rotasiil®) are used in UIP in India. These vaccines have been shown to be safe and effective in large-scale clinical trials. Key Points 3.4 Efficacy of Rotavirus vaccine Available evidences suggest that Rotavirus va""]","{""gold_ids_resolve"": true, ""source_document_ids_resolve"": true, ""answer_exactly_supported"": true, ""two_chunks_for_cross_scheme"": true, ""question_intent_unique"": true, ""category_contract_passes"": true}",False,pending,,,,,,,,,,,,,,,,
q_0010,exact_match,What is Pradhan Mantri Gram Sadak Yojana?,"With the objective of providing rural connectivity, the Government of India launched the Pradhan Mantri Gram Sadak Yojana (referred to as PMGSY-I hereinafter) on 25th December 2000 to provide all-weather access to eligible unconnected habitations.","[""chunk_0afb475a""]","[""doc_2cfbf6b75fa1""]",[],,"[""Scheme: Pradhan Mantri Gram Sadak Yojana Ministry: Ministry Of Rural Development Department: Department of Rural Development Implementing agency: Rural Works Departments And State PWDs Level: Central Target beneficiaries: All Overview With the objective of providing rural connectivity, the Government of India launched the Pradhan Mantri Gram Sadak Yojana (referred to as PMGSY-I hereinafter) on 25th December 2000 to provide all-weather access to eligible unconnected habitations. Detailed descript""]","{""gold_ids_resolve"": true, ""source_document_ids_resolve"": true, ""answer_exactly_supported"": true, ""two_chunks_for_cross_scheme"": true, ""question_intent_unique"": true, ""category_contract_passes"": true}",False,pending,,,,,,,,,,,,,,,,
q_0011,exact_match,What is Kisan Vikas Patra Scheme?,"‘Kisan Vikas Patra Scheme’ was relaunched in the year 2014 by the Department of Economic Affairs, Ministry Of Finance, Government of India in view of the popular demand and to revitalize Small Savings. The amount invested in Kisan Vikas Patra (KYP) doubles in 115 months at the present rate.","[""chunk_460b3a34""]","[""doc_084c8d312d79""]",[],,"[""Scheme: Kisan Vikas Patra Scheme Ministry: Ministry Of Finance Department: Department Of Economic Affairs Implementing agency: Post Office Branch Or A Designated Bank Level: Central Scheme type: Central Sector Scheme Target beneficiaries: Individual Overview ‘Kisan Vikas Patra Scheme’ was relaunched in the year 2014 by the Department of Economic Affairs, Ministry Of Finance, Government of India in view of the popular demand and to revitalize Small Savings. The amount invested in Kisan Vikas Patr""]","{""gold_ids_resolve"": true, ""source_document_ids_resolve"": true, ""answer_exactly_supported"": true, ""two_chunks_for_cross_scheme"": true, ""question_intent_unique"": true, ""category_contract_passes"": true}",False,pending,,,,,,,,,,,,,,,,
q_0012,exact_match,What is National Savings Certificates (VIII-Issue) Scheme?,"Answer: The scheme “National Savings Certificates (VIII-Issue) Scheme” was launched by the Department of Economic Affairs, Ministry of Finance, Government of India to promote a culture of long-term savings among individuals.","[""chunk_8fc66a96""]","[""doc_157e35020373""]",[],,"[""a ‘Succession Certificate’ issued by the court along with the following documents; namely: (a) claim form; (b) passbook or deposit receipt or statement of account in original; (c) death certificate of the account holder. Required documents Passport size Photo Aadhaar Card PAN Card Proof of age i.e. Birth Certificate The following documents are accepted as valid documents for the purpose of identification and address proof: Passport Driving license Voter’s ID card Job card issued by NREGA signed ""]","{""gold_ids_resolve"": true, ""source_document_ids_resolve"": true, ""answer_exactly_supported"": true, ""two_chunks_for_cross_scheme"": true, ""question_intent_unique"": true, ""category_contract_passes"": true}",True,pending,,,,,,,,,,,,,,,,
q_0013,exact_match,What is Atal Mission For Rejuvenation And Urban Transformation?,Detailed description The purpose of the Atal Mission for Rejuvenation and Urban Transformation (AMRUT) is to Ensure that every household has access to a tap with the assured supply of water and a sewerage connection.,"[""chunk_28092d50""]","[""doc_ea0584096ec4""]",[],,"[""Scheme: Atal Mission For Rejuvenation And Urban Transformation Ministry: Ministry Of Housing & Urban Affairs Level: Central Target beneficiaries: State Government, Government Organisation Overview Providing basic services (e.g. water supply, sewerage, urban transport) to households and building amenities in cities which will improve the quality of life for all, especially the poor and the disadvantaged is a national priority. Detailed description The purpose of the Atal Mission for Rejuvenation ""]","{""gold_ids_resolve"": true, ""source_document_ids_resolve"": true, ""answer_exactly_supported"": true, ""two_chunks_for_cross_scheme"": true, ""question_intent_unique"": true, ""category_contract_passes"": true}",False,pending,,,,,,,,,,,,,,,,
q_0014,exact_match,What is Maulana Azad National Fellowship For Minority Students?,Maulana Azad National Fellowship For Minority Students was launched in 2009 by the Ministry of Minority Affairs for providing financial aid to students for their higher studies.,"[""chunk_8caef92e""]","[""doc_4135820cf466""]",[],,"[""Scheme: Maulana Azad National Fellowship For Minority Students Ministry: Ministry Of Minority Affairs Implementing agency: University Grant Commission Level: Central Scheme type: Central Sector Scheme Target beneficiaries: Individual Overview Maulana Azad National Fellowship For Minority Students was launched in 2009 by the Ministry of Minority Affairs for providing financial aid to students for their higher studies. Detailed description The objective of the Fellowship is to provide five year fe""]","{""gold_ids_resolve"": true, ""source_document_ids_resolve"": true, ""answer_exactly_supported"": true, ""two_chunks_for_cross_scheme"": true, ""question_intent_unique"": true, ""category_contract_passes"": true}",False,pending,,,,,,,,,,,,,,,,
q_0015,exact_match,What is Kisan Credit Card?,"Eligibility Farmers - individual/joint borrowers who are owner cultivators; Tenant farmers, oral lessees & share croppers; Self Help Groups (SHGs) or Joint Liability Groups (JLGs) of farmers including tenant farmers, share croppers etc Application process Online Visit the website of the bank you wish to apply for the kisan credit card scheme.","[""chunk_1e5cce0c""]","[""doc_9ac88e156c40""]",[],,"[""arrived for the 5th year plus the estimated long-term loan requirement will be the Maximum Permissible Limit (MPL) and treated as the Kisan Credit Card Limit. Fixation of Sub-limits for other than Marginal Farmers: Short-term loans and term loans are governed by different interest rates. Besides, at present, short-term crop loans are covered under Interest Subvention Scheme/ Prompt Repayment Incentive scheme. Further, repayment schedules and norms are different for short-term and term loans. Hen""]","{""gold_ids_resolve"": true, ""source_document_ids_resolve"": true, ""answer_exactly_supported"": true, ""two_chunks_for_cross_scheme"": true, ""question_intent_unique"": true, ""category_contract_passes"": true}",True,pending,,,,,,,,,,,,,,,,
q_0016,exact_match,What is Begum Hazrat Mahal National Scholarship Program?,Begum Hazrat Mahal National scholarship is a scholarship scheme also known as Maulana Azad National scholarship scheme was first announced on 3rd May 2003. It is a national level scholarship started for the benefit of the girl’s student belonging to the minority communities.,"[""chunk_6a1ab95d""]","[""doc_46bd9efa1745""]",[],,"[""Scheme: Begum Hazrat Mahal National Scholarship Program Ministry: Ministry Of Minority Affairs Level: Central Scheme type: Central Sector Scheme Target beneficiaries: Individual Overview Begum Hazrat Mahal National scholarship is a scholarship scheme also known as Maulana Azad National scholarship scheme was first announced on 3rd May 2003. It is a national level scholarship started for the benefit of the girl’s student belonging to the minority communities. Detailed description The Scheme of “B""]","{""gold_ids_resolve"": true, ""source_document_ids_resolve"": true, ""answer_exactly_supported"": true, ""two_chunks_for_cross_scheme"": true, ""question_intent_unique"": true, ""category_contract_passes"": true}",True,pending,,,,,,,,,,,,,,,,
q_0017,exact_match,What is Indira Gandhi National Disability Pension Scheme?,Answer: The Indira Gandhi National Disability Pension Scheme (IGNDPS) was formally launched in February 2009 under the National Social Assistance Programme,"[""chunk_7a28695d""]","[""doc_e2868118e0af""]",[],,"[""to by Gram Sabha / Ward Sabhas, Gram Panchayats / Municipalities the Verification Officer directly submits his recommendations to the Sanctioning Authority under intimation to the Gram Panchayat / Municipality. After receipt of applications which are verified and recommended by the Gram Sabha / Ward Committee / Area Sabha, the Sanctioning Authority convey approval to the applicant in the form of a Sanction Order with a copy to Gram Panchayat / Municipality concerned. The Sanctioning Authority is""]","{""gold_ids_resolve"": true, ""source_document_ids_resolve"": true, ""answer_exactly_supported"": true, ""two_chunks_for_cross_scheme"": true, ""question_intent_unique"": true, ""category_contract_passes"": true}",False,pending,,,,,,,,,,,,,,,,
q_0018,exact_match,What is Atal Pension Yojana?,"Atal Pension Yojana (APY) is an old age income security scheme for a savings account holder in the age group of 18-40 years, who is not an income tax-payee. It helps to address longevity risks among workers in unorganized sector and encourages the workers to voluntarily save for retirement.","[""chunk_b59233b2""]","[""doc_05db0f32db65""]",[],,"[""Scheme: Atal Pension Yojana Ministry: Ministry Of Finance Department: Department of Financial Service Implementing agency: Banks Level: Central Scheme type: Central Sector Scheme Target beneficiaries: Individual Overview Atal Pension Yojana (APY) is an old age income security scheme for a savings account holder in the age group of 18-40 years, who is not an income tax-payee. It helps to address longevity risks among workers in unorganized sector and encourages the workers to voluntarily save for""]","{""gold_ids_resolve"": true, ""source_document_ids_resolve"": true, ""answer_exactly_supported"": true, ""two_chunks_for_cross_scheme"": true, ""question_intent_unique"": true, ""category_contract_passes"": true}",False,pending,,,,,,,,,,,,,,,,
q_0019,exact_match,What is Disha - Early Intervention and School Readiness Scheme?,Answer: Disha-Early Intervention and School Readiness Scheme was launched by the Department of Empowerment of Persons with Disabilities.,"[""chunk_cf2cceaf""]","[""doc_1d4b308ea354""]",[],,"[""the Assessment Test, proceed to the next step. In case of enrolling PwD in the Disha Centre, a check is made by the concerned RO on whether the PwD is applicable for the LIG or BPL funding by the National Trust. The National Trust shall generally fund on the basis of information provided by the RO. However, the National Trust reserves the right to verify this through other sources, if required. Parents or guardians are required to bring the Enrolment Form along with the originals and photocopies""]","{""gold_ids_resolve"": true, ""source_document_ids_resolve"": true, ""answer_exactly_supported"": true, ""two_chunks_for_cross_scheme"": true, ""question_intent_unique"": true, ""category_contract_passes"": true}",False,pending,,,,,,,,,,,,,,,,
q_0020,exact_match,What is ICMR- Post Doctoral Fellowship?,"Answer: ICMR- Post Doctoral Fellowship (ICMR-PDF) Scheme is being instituted to foster high-quality research opportunities for promising fresh Ph.D./MD/MS holders in the cutting-edge areas of basic science, communicable and non-communicable diseases, and reproductive health including nutrition at ICMR Institutes /Centers.","[""chunk_6dba0b64""]","[""doc_a6d3dd1ea32d""]",[],,"[""Post Doctoral Fellowship” Scheme? Answer: ICMR- Post Doctoral Fellowship (ICMR-PDF) Scheme is being instituted to foster high-quality research opportunities for promising fresh Ph.D./MD/MS holders in the cutting-edge areas of basic science, communicable and non-communicable diseases, and reproductive health including nutrition at ICMR Institutes /Centers. Question: Which is the implementing agency of this scheme? Answer: Indian Council of Medical Research, Government of India Question: Who are e""]","{""gold_ids_resolve"": true, ""source_document_ids_resolve"": true, ""answer_exactly_supported"": true, ""two_chunks_for_cross_scheme"": true, ""question_intent_unique"": true, ""category_contract_passes"": true}",False,pending,,,,,,,,,,,,,,,,
q_0021,terminology_heavy,What does VDP stand for?,Village Development Plan,"[""chunk_8b678016""]","[""doc_5e4f1b3106d8""]",[],,"[""₹20,38,000/- for development activities. Question: What is the minimum ST population required? Answer: The village must have at least 50% Scheduled Tribe population. Question: Is there a population criteria for villages? Answer: The village must have at least 500 population in plain areas and 250 in hilly areas. Question: What type of development is supported? Answer: The scheme supports infrastructure development and socio-economic improvements. Question: What is a Village Development Plan (VDP""]","{""gold_ids_resolve"": true, ""source_document_ids_resolve"": true, ""answer_exactly_supported"": true, ""two_chunks_for_cross_scheme"": true, ""question_intent_unique"": true, ""category_contract_passes"": true}",False,pending,,,,,,,,,,,,,,,,
q_0022,terminology_heavy,What does GFR stand for?,General Financial Rules,"[""chunk_de5a3d6b""]","[""doc_ca4b29fe5546""]",[],,"[""the Project. Copy of Permanent Account Number (PAN) Card of the Organization. Bond Execution, Rule 231(2) & 3 (Required for Implementing Agencies, Not Quasi-Government Institutions, Central Autonomous Organisations, Or Institutions With Government-Approved Budgets). Financial and Annual Reporting Documents Annual Report for the Year for Which Grant-In-Aid Is Sought. Annual Report for Last Two Years (If Non-Governmental Organization). Audited Statement of Accounts (Income-Expenditure Statement, R""]","{""gold_ids_resolve"": true, ""source_document_ids_resolve"": true, ""answer_exactly_supported"": true, ""two_chunks_for_cross_scheme"": true, ""question_intent_unique"": true, ""category_contract_passes"": true}",True,pending,,,,,,,,,,,,,,,,
q_0023,terminology_heavy,What does MSJE stand for?,Ministry of Social Justice and Empowerment,"[""chunk_fd158cd5""]","[""doc_88a32bf0acd5""]",[],,"[""Justice and Empowerment constituted this Expert Committee to make an in-depth study of the problems being faced by the Transgender Community and suggest suitable measures that can be taken by the Government to ameliorate their problems. 2. Ministry of Social Justice & Empowerment (MSJE) vide Order No.17-08/2013-DP-II dated 22nd October, 2013 (Annexure-2) constituted an Expert Committee on issues relating to transgender persons to make an in-depth study of the problems being faced by the transgen""]","{""gold_ids_resolve"": true, ""source_document_ids_resolve"": true, ""answer_exactly_supported"": true, ""two_chunks_for_cross_scheme"": true, ""question_intent_unique"": true, ""category_contract_passes"": true}",False,pending,,,,,,,,,,,,,,,,
q_0024,terminology_heavy,What does NIOS stand for?,National Institute for Open Schooling,"[""chunk_bf8fe767""]","[""doc_88a32bf0acd5""]",[],,"[""and Effective linkages with vocational training centers run by private and government agencies Create a supportive Environment The transgender need a facilitating environment to explore the alternative employment opportunities. Efforts should be made to sensitize all concerned stakeholders like government officials in relevant departments, banks, private employers, corporate, community leaders like Gurus etc. The transgender community has unique culture of dance, folk songs and arts etc. It give""]","{""gold_ids_resolve"": true, ""source_document_ids_resolve"": true, ""answer_exactly_supported"": true, ""two_chunks_for_cross_scheme"": true, ""question_intent_unique"": true, ""category_contract_passes"": true}",True,pending,,,,,,,,,,,,,,,,
q_0025,terminology_heavy,What does UIP stand for?,Universal Immunization Programme,"[""chunk_099299e1""]","[""doc_36c9d2d4e022""]",[],,"[""Bhopal 21.3 38.5 Total 36.8 * Data from two surveillance sites The data from the NRSN from September 2012 to June 2016 is summarized below in Table 10-13. The Rotavirus positivity in cases of hospitalized acute gastroenteritis was 36.8% for the country. The positivity ranges from 34-40% in each of the North, South, East and West zones suggesting the Rotavirus prevalence may be similar throughout India. The Rotavirus positivity was highest in age groups of 0-11 months (< 1 year) and 12- 24 months""]","{""gold_ids_resolve"": true, ""source_document_ids_resolve"": true, ""answer_exactly_supported"": true, ""two_chunks_for_cross_scheme"": true, ""question_intent_unique"": true, ""category_contract_passes"": true}",False,pending,,,,,,,,,,,,,,,,
q_0026,terminology_heavy,What does RVIS stand for?,Rotavirus Vaccine Impact Study,"[""chunk_099299e1""]","[""doc_36c9d2d4e022""]",[],,"[""Bhopal 21.3 38.5 Total 36.8 * Data from two surveillance sites The data from the NRSN from September 2012 to June 2016 is summarized below in Table 10-13. The Rotavirus positivity in cases of hospitalized acute gastroenteritis was 36.8% for the country. The positivity ranges from 34-40% in each of the North, South, East and West zones suggesting the Rotavirus prevalence may be similar throughout India. The Rotavirus positivity was highest in age groups of 0-11 months (< 1 year) and 12- 24 months""]","{""gold_ids_resolve"": true, ""source_document_ids_resolve"": true, ""answer_exactly_supported"": true, ""two_chunks_for_cross_scheme"": true, ""question_intent_unique"": true, ""category_contract_passes"": true}",True,pending,,,,,,,,,,,,,,,,
q_0027,terminology_heavy,What does ICDS stand for?,Integrated Child Development Services,"[""chunk_1c044a65""]","[""doc_36c9d2d4e022""]",[],,"[""the health facilities at all levels to assess the preparedness of states prior to introduction.  The observers must share their observations with the district and state level officials for further action (if any). Chapter Operational Guidelines 10.1.2 State level  Review of the preparedness checklists of the districts must be done by the SIO. It is recommended that a state team be formed to oversee the implementation process. Officers from various departments can also be involved in the stat""]","{""gold_ids_resolve"": true, ""source_document_ids_resolve"": true, ""answer_exactly_supported"": true, ""two_chunks_for_cross_scheme"": true, ""question_intent_unique"": true, ""category_contract_passes"": true}",False,pending,,,,,,,,,,,,,,,,
q_0028,terminology_heavy,What does AU stand for?,Agricultural University,"[""chunk_bb712328""]","[""doc_97925511123b""]",[],,"[""Scheme: ICAR Senior Research Fellowship For Post-Graduate Studies In Agricultural Sciences Ministry: Ministry Of Agriculture and Farmers Welfare Department: Department of Agriculture Research and Education Implementing agency: Indian Council Of Agricultural Research Level: Central Scheme type: Central Sector Scheme Target beneficiaries: Individual Overview ICAR awards a certain number of Senior Research Fellowships for Ph.D. in an Agricultural University (AU), in different disciplines of agricul""]","{""gold_ids_resolve"": true, ""source_document_ids_resolve"": true, ""answer_exactly_supported"": true, ""two_chunks_for_cross_scheme"": true, ""question_intent_unique"": true, ""category_contract_passes"": true}",False,pending,,,,,,,,,,,,,,,,
q_0029,terminology_heavy,What does BHU stand for?,Banaras Hindu University,"[""chunk_bb712328""]","[""doc_97925511123b""]",[],,"[""Scheme: ICAR Senior Research Fellowship For Post-Graduate Studies In Agricultural Sciences Ministry: Ministry Of Agriculture and Farmers Welfare Department: Department of Agriculture Research and Education Implementing agency: Indian Council Of Agricultural Research Level: Central Scheme type: Central Sector Scheme Target beneficiaries: Individual Overview ICAR awards a certain number of Senior Research Fellowships for Ph.D. in an Agricultural University (AU), in different disciplines of agricul""]","{""gold_ids_resolve"": true, ""source_document_ids_resolve"": true, ""answer_exactly_supported"": true, ""two_chunks_for_cross_scheme"": true, ""question_intent_unique"": true, ""category_contract_passes"": true}",False,pending,,,,,,,,,,,,,,,,
q_0030,terminology_heavy,What does KGBV stand for?,Kasturba Gandhi Balika Vidyalaya,"[""chunk_1ec4c3a5""]","[""doc_cc6e316344d2""]",[],,"[""issued by the Government of India regarding branding of CSSs, in all schemes of the Ministry. Accordingly, change of names/ symbols/ logos/ other identifiers of Mission Shakti as a whole or its sub-schemes or components shall not be permitted. All the institutions supported under the scheme or any events/ conferences/ seminars organized under Mission Shakti shall mandatorily carry the names/ symbols/ logos/ other identifiers in the sameform in which it has been prescribed on all hoardings/ banne""]","{""gold_ids_resolve"": true, ""source_document_ids_resolve"": true, ""answer_exactly_supported"": true, ""two_chunks_for_cross_scheme"": true, ""question_intent_unique"": true, ""category_contract_passes"": true}",False,pending,,,,,,,,,,,,,,,,
q_0031,terminology_heavy,What does SRLM stand for?,State Rural Livelihood Mission,"[""chunk_1ec4c3a5""]","[""doc_cc6e316344d2""]",[],,"[""issued by the Government of India regarding branding of CSSs, in all schemes of the Ministry. Accordingly, change of names/ symbols/ logos/ other identifiers of Mission Shakti as a whole or its sub-schemes or components shall not be permitted. All the institutions supported under the scheme or any events/ conferences/ seminars organized under Mission Shakti shall mandatorily carry the names/ symbols/ logos/ other identifiers in the sameform in which it has been prescribed on all hoardings/ banne""]","{""gold_ids_resolve"": true, ""source_document_ids_resolve"": true, ""answer_exactly_supported"": true, ""two_chunks_for_cross_scheme"": true, ""question_intent_unique"": true, ""category_contract_passes"": true}",False,pending,,,,,,,,,,,,,,,,
q_0032,terminology_heavy,What does CSS stand for?,Centrally Sponsored Scheme,"[""chunk_4c8abbf6""]","[""doc_554341edaf6e""]",[],,"[""Scheme: National Bamboo Mission Ministry: Ministry Of Agriculture and Farmers Welfare Department: Department of Agriculture & Farmers Welfare Implementing agency: State Bamboo Development Agency / State Bamboo Mission Level: Central Scheme type: Centrally Sponsored Scheme Target beneficiaries: Individual, Business Entity Overview Restructured National Bamboo Mission was launched during 2018-19 as a Centrally Sponsored Scheme (CSS) after the historical amendment of the Indian Forest Act during 20""]","{""gold_ids_resolve"": true, ""source_document_ids_resolve"": true, ""answer_exactly_supported"": true, ""two_chunks_for_cross_scheme"": true, ""question_intent_unique"": true, ""category_contract_passes"": true}",False,pending,,,,,,,,,,,,,,,,
q_0033,terminology_heavy,What does MIDH stand for?,Mission for Integrated Development of Horticulture,"[""chunk_4c8abbf6""]","[""doc_554341edaf6e""]",[],,"[""Scheme: National Bamboo Mission Ministry: Ministry Of Agriculture and Farmers Welfare Department: Department of Agriculture & Farmers Welfare Implementing agency: State Bamboo Development Agency / State Bamboo Mission Level: Central Scheme type: Centrally Sponsored Scheme Target beneficiaries: Individual, Business Entity Overview Restructured National Bamboo Mission was launched during 2018-19 as a Centrally Sponsored Scheme (CSS) after the historical amendment of the Indian Forest Act during 20""]","{""gold_ids_resolve"": true, ""source_document_ids_resolve"": true, ""answer_exactly_supported"": true, ""two_chunks_for_cross_scheme"": true, ""question_intent_unique"": true, ""category_contract_passes"": true}",True,pending,,,,,,,,,,,,,,,,
q_0034,terminology_heavy,What does IEC stand for?,Information Education and Communication,"[""chunk_58030e7d""]","[""doc_cc6e316344d2""]",[],,"[""Representatives of Women SHG-Federations, Bank, Post office and District PMMVY Cell may also be invited to these meetings. MahilaSabha meetings may be held twice a year. In areas where MahilaSabhas are not in existence, the PMMVY Steering and Monitoring Committee at village-level may hold such a meeting by inviting community members. Evaluation NITI Aayog may do evaluation on the efficacy of PMMVY 2.0 and suggest mid-course corrections, if any, which will be reviewed and worked upon by MWCD. 7. ""]","{""gold_ids_resolve"": true, ""source_document_ids_resolve"": true, ""answer_exactly_supported"": true, ""two_chunks_for_cross_scheme"": true, ""question_intent_unique"": true, ""category_contract_passes"": true}",False,pending,,,,,,,,,,,,,,,,
q_0035,terminology_heavy,What does PHC stand for?,Primary Health Centre,"[""chunk_58030e7d""]","[""doc_cc6e316344d2""]",[],,"[""Representatives of Women SHG-Federations, Bank, Post office and District PMMVY Cell may also be invited to these meetings. MahilaSabha meetings may be held twice a year. In areas where MahilaSabhas are not in existence, the PMMVY Steering and Monitoring Committee at village-level may hold such a meeting by inviting community members. Evaluation NITI Aayog may do evaluation on the efficacy of PMMVY 2.0 and suggest mid-course corrections, if any, which will be reviewed and worked upon by MWCD. 7. ""]","{""gold_ids_resolve"": true, ""source_document_ids_resolve"": true, ""answer_exactly_supported"": true, ""two_chunks_for_cross_scheme"": true, ""question_intent_unique"": true, ""category_contract_passes"": true}",False,pending,,,,,,,,,,,,,,,,
q_0036,terminology_heavy,What does PMMVY stand for?,Pradhan Mantri Matru Vandana Yojana,"[""chunk_15c479e6""]","[""doc_cc6e316344d2""]",[],,"[""health check-up of all children registered in the crèche should be done at least once per quarter by registered medical practitioner/doctors from Government Hospitals. The centre must at all times be equipped with basic First Aid & Medicine Kit containing paediatric medicines for common ailments like fever, body ache, vomiting, cough and cold, diarrhoea, ear-ache, eye infection, stomach ache, worm infestation etc. and band-aids/ bandages, cotton wool and disinfectants for minor injuries. ORS pac""]","{""gold_ids_resolve"": true, ""source_document_ids_resolve"": true, ""answer_exactly_supported"": true, ""two_chunks_for_cross_scheme"": true, ""question_intent_unique"": true, ""category_contract_passes"": true}",False,pending,,,,,,,,,,,,,,,,
q_0037,terminology_heavy,What does NFSA stand for?,National Food Security Act,"[""chunk_15c479e6""]","[""doc_cc6e316344d2""]",[],,"[""health check-up of all children registered in the crèche should be done at least once per quarter by registered medical practitioner/doctors from Government Hospitals. The centre must at all times be equipped with basic First Aid & Medicine Kit containing paediatric medicines for common ailments like fever, body ache, vomiting, cough and cold, diarrhoea, ear-ache, eye infection, stomach ache, worm infestation etc. and band-aids/ bandages, cotton wool and disinfectants for minor injuries. ORS pac""]","{""gold_ids_resolve"": true, ""source_document_ids_resolve"": true, ""answer_exactly_supported"": true, ""two_chunks_for_cross_scheme"": true, ""question_intent_unique"": true, ""category_contract_passes"": true}",False,pending,,,,,,,,,,,,,,,,
q_0038,terminology_heavy,What does NHM stand for?,National Health Mission,"[""chunk_359582f3""]","[""doc_88a32bf0acd5""]",[],,"[""be administratively more convenient for implementation. National Health Mission (NHM) 11. As mentioned in the 12th Five Year Plan document: Social Sectors, Volume III, the gains of flagship programme of National Rural Health Mission (NRHM) will be strengthened under the umbrella of National Health Mission (NHM) which will have universal coverage. While the focus on covering rural areas and rural population will continue, a major component of NHM is proposed to be a Scheme for providing primary h""]","{""gold_ids_resolve"": true, ""source_document_ids_resolve"": true, ""answer_exactly_supported"": true, ""two_chunks_for_cross_scheme"": true, ""question_intent_unique"": true, ""category_contract_passes"": true}",False,pending,,,,,,,,,,,,,,,,
q_0039,terminology_heavy,What does NRHM stand for?,National Rural Health Mission,"[""chunk_359582f3""]","[""doc_88a32bf0acd5""]",[],,"[""be administratively more convenient for implementation. National Health Mission (NHM) 11. As mentioned in the 12th Five Year Plan document: Social Sectors, Volume III, the gains of flagship programme of National Rural Health Mission (NRHM) will be strengthened under the umbrella of National Health Mission (NHM) which will have universal coverage. While the focus on covering rural areas and rural population will continue, a major component of NHM is proposed to be a Scheme for providing primary h""]","{""gold_ids_resolve"": true, ""source_document_ids_resolve"": true, ""answer_exactly_supported"": true, ""two_chunks_for_cross_scheme"": true, ""question_intent_unique"": true, ""category_contract_passes"": true}",False,pending,,,,,,,,,,,,,,,,
q_0040,terminology_heavy,What does AVTS stand for?,Advanced Vocational Training Scheme,"[""chunk_ca837a0a""]","[""doc_c3752c0574f2""]",[],,"[""Scheme: Advanced Vocational Training Scheme Ministry: Ministry Of Skill Development And Entrepreneurship Level: Central Scheme type: Central Sector Scheme Target beneficiaries: Individual Overview The scheme aims to provide innovative, effective and integrated training opportunities for work force who need new skills to enjoy the dignity that comes with employment, independence and self-reliance. Detailed description The scheme \""Advanced Vocational Training Scheme (AVTS)\"" has been launched by th""]","{""gold_ids_resolve"": true, ""source_document_ids_resolve"": true, ""answer_exactly_supported"": true, ""two_chunks_for_cross_scheme"": true, ""question_intent_unique"": true, ""category_contract_passes"": true}",False,pending,,,,,,,,,,,,,,,,
q_0041,paraphrase,What detail does the source provide about Pradhan Mantri Adi Adarsh Gram Yojana (PMAAGY)?,Answer: The village must have at least 50% Scheduled Tribe population.,"[""chunk_8b678016""]","[""doc_5e4f1b3106d8""]",[],,"[""₹20,38,000/- for development activities. Question: What is the minimum ST population required? Answer: The village must have at least 50% Scheduled Tribe population. Question: Is there a population criteria for villages? Answer: The village must have at least 500 population in plain areas and 250 in hilly areas. Question: What type of development is supported? Answer: The scheme supports infrastructure development and socio-economic improvements. Question: What is a Village Development Plan (VDP""]","{""gold_ids_resolve"": true, ""source_document_ids_resolve"": true, ""answer_exactly_supported"": true, ""two_chunks_for_cross_scheme"": true, ""question_intent_unique"": true, ""category_contract_passes"": true}",False,pending,,,,,,,,,,,,,,,,
q_0042,paraphrase,What detail does the source provide about Scheme for Prevention of Alcoholism and Substance Abuse?,METHOD OF DRUG TAKING (Please state the number of clients) Oral Sniffing Injecting (IDU) Any other CLIENT’S DETAILS (During the half-year under review) 10.,"[""chunk_0ad75f93""]","[""doc_79bfbcec159c""]",[],,"[""categories) Volatile Solvents (Inhalants) Others (Please specify) TOTAL 9. METHOD OF DRUG TAKING (Please state the number of clients) Oral Sniffing Injecting (IDU) Any other CLIENT’S DETAILS (During the half-year under review) 10. SOURCE OF REFERAL Please state number of clients referred to the Centre by : Self Friends Family Social Worker Private Doctor Hospital Govt. hospital Counselling & awareness center/De- addiction centers (NGOs) Ex-clients or their family members Law enforce- ment agenci""]","{""gold_ids_resolve"": true, ""source_document_ids_resolve"": true, ""answer_exactly_supported"": true, ""two_chunks_for_cross_scheme"": true, ""question_intent_unique"": true, ""category_contract_passes"": true}",False,pending,,,,,,,,,,,,,,,,
q_0043,paraphrase,What detail does the source provide about NPS Vatsalya Scheme?,"Answer: Yes, Non-Resident Indians (NRIs) and Overseas Citizens of India (OCIs) under 18 years of age can join the scheme.","[""chunk_0102efff""]","[""doc_d3421f9b8fee""]",[],,"[""stipulated details. Question: Can an NRI or OCI open a NPS Vatsalya account? Answer: Yes, Non-Resident Indians (NRIs) and Overseas Citizens of India (OCIs) under 18 years of age can join the scheme. Question: Is it required to furnish a nomination while joining the scheme? Answer: No, the guardian becomes the nominee under the scheme. Question: How many NPS Vatsalya accounts can I open? Answer: The guardian can only open one account for each minor/child. Question: Can a guardian who is a NPS sub""]","{""gold_ids_resolve"": true, ""source_document_ids_resolve"": true, ""answer_exactly_supported"": true, ""two_chunks_for_cross_scheme"": true, ""question_intent_unique"": true, ""category_contract_passes"": true}",False,pending,,,,,,,,,,,,,,,,
q_0044,paraphrase,What detail does the source provide about MANAGE Internship Programme?,mentioned that the selection is based on evaluation of the proposals received.,"[""chunk_76feb74d""]","[""doc_abe9f2145783""]",[],,"[""mentioned that the selection is based on evaluation of the proposals received. The evaluation process is likely to involve the assessment of the candidate's CV, motivation letter, and recommendation letter, along with their academic qualifications and suitability for the internship. Question: Are there any specific age restrictions for applicants? Answer: The guidelines do not mention any specific age restrictions for applicants. As long as the applicants meet the academic requirements and posse""]","{""gold_ids_resolve"": true, ""source_document_ids_resolve"": true, ""answer_exactly_supported"": true, ""two_chunks_for_cross_scheme"": true, ""question_intent_unique"": true, ""category_contract_passes"": true}",False,pending,,,,,,,,,,,,,,,,
q_0045,paraphrase,What detail does the source provide about AVYAY - National Action Plan for Senior Citizens: Health and Shelter for Senior Citizens?,Answer: The Voluntary Organization must have been registered for a minimum of two years and must demonstrate a track record of at least two years' experience operating in the social sector when submitting the application for the grant.,"[""chunk_de5a3d6b""]","[""doc_ca4b29fe5546""]",[],,"[""the Project. Copy of Permanent Account Number (PAN) Card of the Organization. Bond Execution, Rule 231(2) & 3 (Required for Implementing Agencies, Not Quasi-Government Institutions, Central Autonomous Organisations, Or Institutions With Government-Approved Budgets). Financial and Annual Reporting Documents Annual Report for the Year for Which Grant-In-Aid Is Sought. Annual Report for Last Two Years (If Non-Governmental Organization). Audited Statement of Accounts (Income-Expenditure Statement, R""]","{""gold_ids_resolve"": true, ""source_document_ids_resolve"": true, ""answer_exactly_supported"": true, ""two_chunks_for_cross_scheme"": true, ""question_intent_unique"": true, ""category_contract_passes"": true}",False,pending,,,,,,,,,,,,,,,,
q_0046,paraphrase,What detail does the source provide about Transgender Persons Welfare Framework?,"(4) Every rule made by the State Government under sub-section (1), shall be laid, as soon as may be after it is made, before each House of the State Legislature where it consists of two Houses, or where such legislature consists of one House, before that House.","[""chunk_68a60725""]","[""doc_a9682fa909ac""]",[],,"[""certificate of identity is issued under sub-section (1) of section 6; (c) the form and manner in which an application shall be made under sub-section (1) of section 7; (d) the form, period and manner for issuing revised certificate under sub-section (2) of section 7; (e) welfare measures to be provided under sub-section (2) of section 8; (f) facilities to be provided under section 10; (g) other functions of the National Council under clause (e) of section 17; and (h) any other matter which is re""]","{""gold_ids_resolve"": true, ""source_document_ids_resolve"": true, ""answer_exactly_supported"": true, ""two_chunks_for_cross_scheme"": true, ""question_intent_unique"": true, ""category_contract_passes"": true}",False,pending,,,,,,,,,,,,,,,,
q_0047,paraphrase,What detail does the source provide about Mission Shakti?,implementing organizations should engage a part time doctor for the Centre who should visit the Centre at least once in a week to ensure general health check-up of the residents and also to attend to any emergency situation.,"[""chunk_d955cb68""]","[""doc_cc6e316344d2""]",[],,"[""implementing organizations should engage a part time doctor for the Centre who should visit the Centre at least once in a week to ensure general health check-up of the residents and also to attend to any emergency situation. Expenditure towards purchase of medicines prescribed by the doctor will be met through management cost. iv. Counselling: The common pool of counsellors proposed under the umbrella scheme under overall charge of OSC will provide psycho-social counselling to the women. v. Educ""]","{""gold_ids_resolve"": true, ""source_document_ids_resolve"": true, ""answer_exactly_supported"": true, ""two_chunks_for_cross_scheme"": true, ""question_intent_unique"": true, ""category_contract_passes"": true}",False,pending,,,,,,,,,,,,,,,,
q_0048,paraphrase,What detail does the source provide about Welfare Measures for Transgender Persons?,Affidavit that such a person is a ‘third gender’ or ‘transgender’ (if seen as a separate gender category) given by trans community members/leaders who know the person as a transgender or third gender person.,"[""chunk_b1bcabc9""]","[""doc_88a32bf0acd5""]",[],,"[""our work as a department, we must openly and explicitly affirm our commitment to the human rights of all persons, including LGBT people.” Page | 107 Appendix-4 Options for recognition of gender identity of transgender people in India: Parameters/Criteria that can be considered Parameters/Criteria Option 1 –Recognition of gender identity of transgender people as women or men Option – Recognition of gender identity of transgender people as third gender Option – Recognition of gender identity of tr""]","{""gold_ids_resolve"": true, ""source_document_ids_resolve"": true, ""answer_exactly_supported"": true, ""two_chunks_for_cross_scheme"": true, ""question_intent_unique"": true, ""category_contract_passes"": true}",False,pending,,,,,,,,,,,,,,,,
q_0049,paraphrase,What detail does the source provide about Internship Scheme Of The Department Of Economic Affairs?,job for any other organisation during the internship period.,"[""chunk_d40410ee""]","[""doc_97bd30334fde""]",[],,"[""job for any other organisation during the internship period. The internship does not guarantee employment in the Department of Economic Affairs. Eligibility The applicant should be an outstanding candidate pursuing or having completed Post Graduation or Ph.D in Economics, Law, Finance, or Management. The applicant should belong to Universities/Institutions within the top 25 ranks as per the National Institutional Ranking Framework, Ministry of Human Resource Development, or International Institu""]","{""gold_ids_resolve"": true, ""source_document_ids_resolve"": true, ""answer_exactly_supported"": true, ""two_chunks_for_cross_scheme"": true, ""question_intent_unique"": true, ""category_contract_passes"": true}",False,pending,,,,,,,,,,,,,,,,
q_0050,paraphrase,What detail does the source provide about Universal Immunization Programme - Rotavirus Vaccine?,Bhopal 21.3 38.5 Total 36.8 * Data from two surveillance sites The data from the NRSN from September 2012 to June 2016 is summarized below in Table 10-13.,"[""chunk_099299e1""]","[""doc_36c9d2d4e022""]",[],,"[""Bhopal 21.3 38.5 Total 36.8 * Data from two surveillance sites The data from the NRSN from September 2012 to June 2016 is summarized below in Table 10-13. The Rotavirus positivity in cases of hospitalized acute gastroenteritis was 36.8% for the country. The positivity ranges from 34-40% in each of the North, South, East and West zones suggesting the Rotavirus prevalence may be similar throughout India. The Rotavirus positivity was highest in age groups of 0-11 months (< 1 year) and 12- 24 months""]","{""gold_ids_resolve"": true, ""source_document_ids_resolve"": true, ""answer_exactly_supported"": true, ""two_chunks_for_cross_scheme"": true, ""question_intent_unique"": true, ""category_contract_passes"": true}",False,pending,,,,,,,,,,,,,,,,
q_0051,paraphrase,What detail does the source provide about ICAR Senior Research Fellowship For Post-Graduate Studies In Agricultural Sciences?,"ICAR awards a certain number of Senior Research Fellowships for Ph.D. in an Agricultural University (AU), in different disciplines of agriculture and allied sciences. This is done to encourage talented students to undertake higher agricultural education.","[""chunk_bb712328""]","[""doc_97925511123b""]",[],,"[""Scheme: ICAR Senior Research Fellowship For Post-Graduate Studies In Agricultural Sciences Ministry: Ministry Of Agriculture and Farmers Welfare Department: Department of Agriculture Research and Education Implementing agency: Indian Council Of Agricultural Research Level: Central Scheme type: Central Sector Scheme Target beneficiaries: Individual Overview ICAR awards a certain number of Senior Research Fellowships for Ph.D. in an Agricultural University (AU), in different disciplines of agricul""]","{""gold_ids_resolve"": true, ""source_document_ids_resolve"": true, ""answer_exactly_supported"": true, ""two_chunks_for_cross_scheme"": true, ""question_intent_unique"": true, ""category_contract_passes"": true}",False,pending,,,,,,,,,,,,,,,,
q_0052,paraphrase,What detail does the source provide about National Overseas Scholarship For Scheduled Tribes (ST) Students?,study or research and the Institute for which scholarship has been sanctioned.,"[""chunk_43a7ffa2""]","[""doc_4ef70c0d0f6d""]",[],,"[""study or research and the Institute for which scholarship has been sanctioned. It will be the responsibility of candidate to obtain the appropriate visa for a country wherein he/she intends to study. In case the awardee has received overpayment through Indian Mission abroad or any other Government agency, he/she shall refund the same to Indian Mission abroad. After completion of the course, the awardee shall upload the course completion details along with brief of study in the Alumni Module of N""]","{""gold_ids_resolve"": true, ""source_document_ids_resolve"": true, ""answer_exactly_supported"": true, ""two_chunks_for_cross_scheme"": true, ""question_intent_unique"": true, ""category_contract_passes"": true}",True,pending,,,,,,,,,,,,,,,,
q_0053,paraphrase,What detail does the source provide about National Bamboo Mission?,"Detailed description Resultant to this historic amendment, bamboo grown in the non-forest area is out of the scope of regulations on the forest produces.","[""chunk_4c8abbf6""]","[""doc_554341edaf6e""]",[],,"[""Scheme: National Bamboo Mission Ministry: Ministry Of Agriculture and Farmers Welfare Department: Department of Agriculture & Farmers Welfare Implementing agency: State Bamboo Development Agency / State Bamboo Mission Level: Central Scheme type: Centrally Sponsored Scheme Target beneficiaries: Individual, Business Entity Overview Restructured National Bamboo Mission was launched during 2018-19 as a Centrally Sponsored Scheme (CSS) after the historical amendment of the Indian Forest Act during 20""]","{""gold_ids_resolve"": true, ""source_document_ids_resolve"": true, ""answer_exactly_supported"": true, ""two_chunks_for_cross_scheme"": true, ""question_intent_unique"": true, ""category_contract_passes"": true}",False,pending,,,,,,,,,,,,,,,,
q_0054,paraphrase,What detail does the source provide about Internship Programme Of The Department Of Expenditure?,Detailed description The Internship Programme of the Department of Expenditure aims to familiarize willing and eligible undergraduates pursuing five-year integrated courses and Graduates pursuing post-Graduation/ post-Graduates pursuing Research with the overall process of formulation of economic policies of the Government.,"[""chunk_d9b29e30""]","[""doc_22020bcc1151""]",[],,"[""Scheme: Internship Programme Of The Department Of Expenditure Ministry: Ministry Of Finance Department: Department of Expenditure Level: Central Scheme type: Central Sector Scheme Target beneficiaries: Individual Overview The Internship Programme of the Department of Expenditure aims to familiarize willing and eligible undergraduates pursuing five-year integrated courses and Graduates pursuing post-Graduation/ post-Graduates pursuing Research with the overall process of formulation of economic p""]","{""gold_ids_resolve"": true, ""source_document_ids_resolve"": true, ""answer_exactly_supported"": true, ""two_chunks_for_cross_scheme"": true, ""question_intent_unique"": true, ""category_contract_passes"": true}",True,pending,,,,,,,,,,,,,,,,
q_0055,paraphrase,What detail does the source provide about Construction of Hostels for OBC Boys and Girls?,"The Scheme aims at providing hostel facilities to students belonging to socially and educationally backward classes, especially from rural areas, to enable them to pursue secondary and higher education.","[""chunk_054b5d2b""]","[""doc_007da74871e7""]",[],,"[""Scheme: Construction of Hostels for OBC Boys and Girls Ministry: Ministry Of Social Justice and Empowerment Department: Department of Social Justice & Empowerment Level: Central Scheme type: Centrally Sponsored Scheme Target beneficiaries: State Government, University / Institution Overview The Scheme aims at providing hostel facilities to students belonging to socially and educationally backward classes, especially from rural areas, to enable them to pursue secondary and higher education. Detai""]","{""gold_ids_resolve"": true, ""source_document_ids_resolve"": true, ""answer_exactly_supported"": true, ""two_chunks_for_cross_scheme"": true, ""question_intent_unique"": true, ""category_contract_passes"": true}",False,pending,,,,,,,,,,,,,,,,
q_0056,paraphrase,What detail does the source provide about SMILE?,(b)The beneficiary should not be availing similar benefits from any other schemes of Centre or state government.,"[""chunk_7fbf44be""]","[""doc_6a40899766bf""]",[],,"[""Card issued by the National Portal for Transgender Persons. (b)The beneficiary should not be availing similar benefits from any other schemes of Centre or state government. 1.2.3.3. Scope (a)Health insurance in the form of Ayushman Bharat Plus shall be available for Transgender persons inclusive of gender reaffirmation surgery in the health benefit package under Ayushman Bharat Yojana. Each transgender person shall receive an insurance cover of Rs. 5 Lakh per year under the scheme. (b)The Compre""]","{""gold_ids_resolve"": true, ""source_document_ids_resolve"": true, ""answer_exactly_supported"": true, ""two_chunks_for_cross_scheme"": true, ""question_intent_unique"": true, ""category_contract_passes"": true}",False,pending,,,,,,,,,,,,,,,,
q_0057,paraphrase,What detail does the source provide about “Ishan Uday” Special Scholarship Scheme For North Eastern Region?,"applicant should not exceed ₹4,50,000/- per annum from all sources.","[""chunk_0406f424""]","[""doc_96c2d22d51b1""]",[],,"[""applicant should not exceed ₹4,50,000/- per annum from all sources. The applicant should have passed Class 12th or equivalent in the preceding year of study for applications called for the present year. The applicant should have secured admission in the first year of any degree course, either a general degree course of The scholarship shall only be provided for general degree courses, and technical and professional courses, including medical and paramedical courses, as certified by the Registrar""]","{""gold_ids_resolve"": true, ""source_document_ids_resolve"": true, ""answer_exactly_supported"": true, ""two_chunks_for_cross_scheme"": true, ""question_intent_unique"": true, ""category_contract_passes"": true}",False,pending,,,,,,,,,,,,,,,,
q_0058,paraphrase,What detail does the source provide about Pradhan Mantri Anusuchit Jaati Abhyuday Yojana?,"of the same, a print out of the said proposals along with all the requisite documents is to be sent to their respective Administrative Ministries/Departments, who in turn will forward the same to this Ministry along with their recommendations for release of grants-in-aid under the Scheme.","[""chunk_4591671e""]","[""doc_c20f88657640""]",[],,"[""of the same, a print out of the said proposals along with all the requisite documents is to be sent to their respective Administrative Ministries/Departments, who in turn will forward the same to this Ministry along with their recommendations for release of grants-in-aid under the Scheme. c. All such proposal for construction of new Hostels shall be based on a thorough need assessment exercise to be carried out by the District/State, or the concerned Central/State Institution, as the case may be""]","{""gold_ids_resolve"": true, ""source_document_ids_resolve"": true, ""answer_exactly_supported"": true, ""two_chunks_for_cross_scheme"": true, ""question_intent_unique"": true, ""category_contract_passes"": true}",True,pending,,,,,,,,,,,,,,,,
q_0059,paraphrase,What detail does the source provide about Financial Assistance for Education to the Wards of Beedi/Cine/IOMC/LSDM Workers – Pre & Post-Matric?,"An amount not exceeding Rs.8,000/- per month where such amount is paid monthly or an amount not exceeding Rs.1,00,000/- where it is paid by way of lump sum or instalments; as remuneration of a cine worker for the purpose of this Act.","[""chunk_9cc66ed3""]","[""doc_6de925439e30""]",[],,"[""or B.Ed. The Scholars pursuing studies through Correspondence are not eligible. Students who receive scholarships or stipends from any other source will not be granted under this Scheme. NOTE: If the scholar is found to have committed any one or more of the above after the scholarship amount has actually been paid to him/her, the amount shall be recovered forthwith from him/her or his/her parents. Eligibility Either of the parents of the students should be Beedi, Iron Ore Manganese & Chrome Ore ""]","{""gold_ids_resolve"": true, ""source_document_ids_resolve"": true, ""answer_exactly_supported"": true, ""two_chunks_for_cross_scheme"": true, ""question_intent_unique"": true, ""category_contract_passes"": true}",True,pending,,,,,,,,,,,,,,,,
q_0060,paraphrase,What detail does the source provide about Internship Scheme Of Employees’ Provident Fund Organisation (EPFO)?,"Soft copies of mark sheets, certificates, and other documentary proofs do not need to be sent with the application.","[""chunk_afb77916""]","[""doc_f24055712fe7""]",[],,"[""Interns Receive A Stipend? Answer: Yes, selected interns will be paid a stipend of ₹8,000 per month for the duration of the internship, upon certification from the officer they are attached to. Question: How Can Applicants Apply For The EPFO Internship Scheme? Answer: Applicants must submit the prescribed application form via email to rc.hrm@epfindia.gov.in. Soft copies of mark sheets, certificates, and other documentary proofs do not need to be sent with the application. Question: Is There Any ""]","{""gold_ids_resolve"": true, ""source_document_ids_resolve"": true, ""answer_exactly_supported"": true, ""two_chunks_for_cross_scheme"": true, ""question_intent_unique"": true, ""category_contract_passes"": true}",False,pending,,,,,,,,,,,,,,,,
q_0061,entity_relation,How are AICTE – Saksham Scholarship Scheme For Specially-Abled Student (Degree) and AICTE – Saksham Scholarship Scheme For Specially-Abled Student (Diploma) related through direct benefit transfer?,"Answer: Scholarship will be disbursed only through Direct Benefit Transfer (DBT) in the bank account of the student by AICTE. Additionally, Answer: Scholarship will be disbursed only through Direct Benefit Transfer (DBT) in the bank account of the student by AICTE.","[""chunk_7afa6a42"", ""chunk_859a0a3b""]","[""doc_8bcbb9118dcb"", ""doc_c96df527e90a""]","[""AICTE – Saksham Scholarship Scheme For Specially-Abled Student (Degree)"", ""AICTE – Saksham Scholarship Scheme For Specially-Abled Student (Diploma)""]",direct benefit transfer,"[""by indicating their Aadhaar Number, Bank Account number or NSP Application ID. NOTE 1: The National Scholarships Portal will provide the timelines for opening & closing of the portal. NOTE 2: Online applications will be verified at two levels i.e. by the Institute, where the student is studying and thereafter by the concerned State Higher Education Department or any other Agency/ Official nominated by the State as State Nodal Agency (both for fresh and renewal applicants). NOTE 3: Students will "", ""in the Public Financial Management System (PFMS) Portal either by indicating their Aadhaar Number, Bank Account number or NSP Application ID. NOTE 1: The National Scholarships Portal will provide the timelines for opening & closing of the portal. NOTE 2: Online applications will be verified at two levels i.e. by the Institute, where the student is studying and thereafter by the concerned State Higher Education Department or any other Agency/ Official nominated by the State as State Nodal Agency ""]","{""gold_ids_resolve"": true, ""source_document_ids_resolve"": true, ""answer_exactly_supported"": true, ""two_chunks_for_cross_scheme"": true, ""question_intent_unique"": true, ""category_contract_passes"": true}",False,pending,,,,,,,,,,,,,,,,
q_0062,entity_relation,How are Janani Suraksha Yojana (JSY) and Pradhan Mantri Surakshit Matritva Abhiyan related through district hospitals?,"Application Status Tracking To ensure transparency and allow beneficiaries to track their status, a list of Janani Suraksha Yojana beneficiaries, detailing the date of cash disbursement, must be prominently displayed on notice boards at all Sub-centers, Primary Health Centres, Community Health Centres, and District Hospitals. Additionally, Answer: Services are provided at Primary Health Centres, Community Health Centres, District Hospitals, and urban health facilities in both urban and rural areas across the country.","[""chunk_25f4f1f8"", ""chunk_3372c49c""]","[""doc_b20e0ce2bc2b"", ""doc_1badc1f2eac9""]","[""Janani Suraksha Yojana (JSY)"", ""Pradhan Mantri Surakshit Matritva Abhiyan""]",district hospitals,"[""counter upon discharge. All payments before or after seven days of delivery are treated as illegitimate subject to audit objection. Postnatal Care and Immunization The Accredited Social Health Activist is mandated to conduct a postnatal visit within seven days following delivery to monitor the mother's health and to facilitate the newborn's immunization, specifically for Bacillus Calmette–Guérin (BCG). This postnatal visit and the child's immunization are prerequisites for the Accredited Social "", ""instructions and priority attention for continued care. Question: What is the minimum documentation required for me to register and receive antenatal care services at the designated health facility? Answer: You need Mother and Child Protection Card (if available), Aadhaar Card or any government issued identity proof, and previous medical records, with minimal documentation to ensure universal access. Question: When was this national maternal health program launched and which government ministry ""]","{""gold_ids_resolve"": true, ""source_document_ids_resolve"": true, ""answer_exactly_supported"": true, ""two_chunks_for_cross_scheme"": true, ""question_intent_unique"": true, ""category_contract_passes"": true}",True,pending,,,,,,,,,,,,,,,,
q_0063,entity_relation,How are Coconut Palm Insurance Scheme and Integrated Scheme on Agriculture Cooperation related through ministry of agriculture and farmers welfare?,"The “Coconut Palm Insurance Scheme (CPIS)” is being implemented by the Coconut Development Board, Ministry of Agriculture and Farmers Welfare, Government of India with the objective of insuring coconut palms against natural calamities, climatic risks, pests, diseases, and other perils. Additionally, The Integrated Scheme on Agriculture Cooperation (ISAC) is a Central Sector Scheme of the Ministry of Agriculture and Farmers Welfare, Government of India. It is being implemented through the National Cooperative Development Corporation (NCDC).","[""chunk_1ec7678d"", ""chunk_d9da9692""]","[""doc_b04e3412e5e8"", ""doc_3c777e109b38""]","[""Coconut Palm Insurance Scheme"", ""Integrated Scheme on Agriculture Cooperation""]",ministry of agriculture and farmers welfare,"[""Scheme: Coconut Palm Insurance Scheme Ministry: Ministry Of Agriculture and Farmers Welfare Department: Department of Agriculture & Farmers Welfare Implementing agency: Coconut Development Board Level: Central Scheme type: Centrally Sponsored Scheme Target beneficiaries: Individual Overview The “Coconut Palm Insurance Scheme (CPIS)” is being implemented by the Coconut Development Board, Ministry of Agriculture and Farmers Welfare, Government of India with the objective of insuring coconut palms "", ""Scheme: Integrated Scheme on Agriculture Cooperation Ministry: Ministry Of Agriculture and Farmers Welfare Department: Department of Agriculture and Cooperation Level: Central Scheme type: Central Sector Scheme Target beneficiaries: Individual Overview The Integrated Scheme on Agriculture Cooperation (ISAC) is a Central Sector Scheme of the Ministry of Agriculture and Farmers Welfare, Government of India. It is being implemented through the National Cooperative Development Corporation (NCDC). De""]","{""gold_ids_resolve"": true, ""source_document_ids_resolve"": true, ""answer_exactly_supported"": true, ""two_chunks_for_cross_scheme"": true, ""question_intent_unique"": true, ""category_contract_passes"": true}",False,pending,,,,,,,,,,,,,,,,
q_0064,entity_relation,How are ICAR Senior Research Fellowship For Post-Graduate Studies In Agricultural Sciences and Indian Agricultural Research Institute - Scholarship related through department of agriculture research and education?,"ICAR awards a certain number of Senior Research Fellowships for Ph.D. in an Agricultural University (AU), in different disciplines of agriculture and allied sciences. This is done to encourage talented students to undertake higher agricultural education. Additionally, The Indian Agricultural Research Institute (IARI) Junior and Senior Scholarship shall be awarded to M.Sc. and Ph.D. students admitted under General Open Competition Scheme.","[""chunk_bb712328"", ""chunk_8fdc1298""]","[""doc_97925511123b"", ""doc_7ec23920bdd9""]","[""ICAR Senior Research Fellowship For Post-Graduate Studies In Agricultural Sciences"", ""Indian Agricultural Research Institute - Scholarship""]",department of agriculture research and education,"[""Scheme: ICAR Senior Research Fellowship For Post-Graduate Studies In Agricultural Sciences Ministry: Ministry Of Agriculture and Farmers Welfare Department: Department of Agriculture Research and Education Implementing agency: Indian Council Of Agricultural Research Level: Central Scheme type: Central Sector Scheme Target beneficiaries: Individual Overview ICAR awards a certain number of Senior Research Fellowships for Ph.D. in an Agricultural University (AU), in different disciplines of agricul"", ""Scheme: Indian Agricultural Research Institute - Scholarship Ministry: Ministry Of Agriculture and Farmers Welfare Department: Department of Agriculture Research and Education Level: Central Target beneficiaries: Individual Overview The Indian Agricultural Research Institute (IARI) Junior and Senior Scholarship shall be awarded to M.Sc. and Ph.D. students admitted under General Open Competition Scheme. Detailed description The Awards shall be made by the Dean and Joint Director (Education) of th""]","{""gold_ids_resolve"": true, ""source_document_ids_resolve"": true, ""answer_exactly_supported"": true, ""two_chunks_for_cross_scheme"": true, ""question_intent_unique"": true, ""category_contract_passes"": true}",False,pending,,,,,,,,,,,,,,,,
q_0065,entity_relation,How are Atal Pension Yojana and Pradhan Mantri Jan Dhan Yojana related through ministry of finance?,"Atal Pension Yojana (APY) is an old age income security scheme for a savings account holder in the age group of 18-40 years, who is not an income tax-payee. It helps to address longevity risks among workers in unorganized sector and encourages the workers to voluntarily save for retirement. Additionally, A National Mission for Financial Inclusion (NMFI), namely, Pradhan Mantri Jan Dhan Yojana (PMJDY) was launched by the Prime Minister across the country on 28th August, 2014. It envisages to provide universal banking services for every unbanked adult in the country.","[""chunk_b59233b2"", ""chunk_f65b5ba7""]","[""doc_05db0f32db65"", ""doc_3160f4e34490""]","[""Atal Pension Yojana"", ""Pradhan Mantri Jan Dhan Yojana""]",ministry of finance,"[""Scheme: Atal Pension Yojana Ministry: Ministry Of Finance Department: Department of Financial Service Implementing agency: Banks Level: Central Scheme type: Central Sector Scheme Target beneficiaries: Individual Overview Atal Pension Yojana (APY) is an old age income security scheme for a savings account holder in the age group of 18-40 years, who is not an income tax-payee. It helps to address longevity risks among workers in unorganized sector and encourages the workers to voluntarily save for"", ""Scheme: Pradhan Mantri Jan Dhan Yojana Ministry: Ministry Of Finance Department: Department of Financial Service Implementing agency: Banks Level: Central Scheme type: Central Sector Scheme Target beneficiaries: Individual Overview A National Mission for Financial Inclusion (NMFI), namely, Pradhan Mantri Jan Dhan Yojana (PMJDY) was launched by the Prime Minister across the country on 28th August, 2014. It envisages to provide universal banking services for every unbanked adult in the country. De""]","{""gold_ids_resolve"": true, ""source_document_ids_resolve"": true, ""answer_exactly_supported"": true, ""two_chunks_for_cross_scheme"": true, ""question_intent_unique"": true, ""category_contract_passes"": true}",True,pending,,,,,,,,,,,,,,,,
q_0066,entity_relation,How are Mission on Integrated Development of Horticulture- NHM and HMNEH and National Agriculture Insurance Scheme related through department of agriculture farmers welfare?,"The scheme aims to promote the holistic growth of the horticulture sector through production enhancement, productivity improvement, post-harvest management, processing, marketing support, skill development, and infrastructure creation for horticulture crops while augmenting farmers’ income. Additionally, The National Agriculture Insurance Scheme (NAIS) was introduced by the Government of India to provide comprehensive insurance coverage and financial support to farmers against crop losses due to natural calamities, pests, and diseases.","[""chunk_3a805dd7"", ""chunk_738d48a8""]","[""doc_f6381d86cd31"", ""doc_b50f142c4e89""]","[""Mission on Integrated Development of Horticulture- NHM and HMNEH"", ""National Agriculture Insurance Scheme""]",department of agriculture farmers welfare,"[""Scheme: Mission on Integrated Development of Horticulture- NHM and HMNEH Ministry: Ministry Of Agriculture and Farmers Welfare Department: Department of Agriculture & Farmers Welfare Implementing agency: State/UT Horticulture Department Level: Central Scheme type: Centrally Sponsored Scheme Target beneficiaries: Individual, Government Organisation, State Government, Registered Societies, Business Entity Overview The scheme aims to promote the holistic growth of the horticulture sector through pr"", ""Scheme: National Agriculture Insurance Scheme Ministry: Ministry Of Agriculture and Farmers Welfare Department: Department of Agriculture & Farmers Welfare Level: Central Scheme type: Central Sector Scheme Target beneficiaries: Family, Individual Overview The National Agriculture Insurance Scheme (NAIS) was introduced by the Government of India to provide comprehensive insurance coverage and financial support to farmers against crop losses due to natural calamities, pests, and diseases. Detailed""]","{""gold_ids_resolve"": true, ""source_document_ids_resolve"": true, ""answer_exactly_supported"": true, ""two_chunks_for_cross_scheme"": true, ""question_intent_unique"": true, ""category_contract_passes"": true}",False,pending,,,,,,,,,,,,,,,,
q_0067,entity_relation,How are Indira Gandhi National Disability Pension Scheme and Mission Shakti related through primary health centre?,"Disability certificate:- Disability certificate (80% and More) issued from Chief Medical Officer, Community Health Centre or Primary Health Centre will be accepted. Additionally, k) Certificate of identity with photograph issued by a Gazetted Officer on official letterhead; l) Health Card issued by Primary Health Centre (PHC) or Government Hospital; m) Any other document specified by the State Government or Union Territory Administration 3.","[""chunk_7a28695d"", ""chunk_58030e7d""]","[""doc_e2868118e0af"", ""doc_cc6e316344d2""]","[""Indira Gandhi National Disability Pension Scheme"", ""Mission Shakti""]",primary health centre,"[""to by Gram Sabha / Ward Sabhas, Gram Panchayats / Municipalities the Verification Officer directly submits his recommendations to the Sanctioning Authority under intimation to the Gram Panchayat / Municipality. After receipt of applications which are verified and recommended by the Gram Sabha / Ward Committee / Area Sabha, the Sanctioning Authority convey approval to the applicant in the form of a Sanction Order with a copy to Gram Panchayat / Municipality concerned. The Sanctioning Authority is"", ""Representatives of Women SHG-Federations, Bank, Post office and District PMMVY Cell may also be invited to these meetings. MahilaSabha meetings may be held twice a year. In areas where MahilaSabhas are not in existence, the PMMVY Steering and Monitoring Committee at village-level may hold such a meeting by inviting community members. Evaluation NITI Aayog may do evaluation on the efficacy of PMMVY 2.0 and suggest mid-course corrections, if any, which will be reviewed and worked upon by MWCD. 7. ""]","{""gold_ids_resolve"": true, ""source_document_ids_resolve"": true, ""answer_exactly_supported"": true, ""two_chunks_for_cross_scheme"": true, ""question_intent_unique"": true, ""category_contract_passes"": true}",False,pending,,,,,,,,,,,,,,,,
q_0068,entity_relation,How are Mahatma Gandhi National Rural Employment Guarantee Act and National Family Benefit Scheme related through ministry of rural development?,"An employment scheme by the MoRD, providing provide at least 100 days of guaranteed wage employment in a financial year to every rural household whose adult members volunteer to do unskilled work. Any Indian citizen above the age of 18 years and residing in a rural area can apply to this scheme. Additionally, A family welfare scheme under the umbrella scheme ‘National Social Assistance Programme’ (NSAP) by MoRD. In this scheme, financial assistance is provided to the bereaved households in case of the death of the primary breadwinner irrespective of the cause of death.","[""chunk_74005926"", ""chunk_c237c610""]","[""doc_61963411b818"", ""doc_7b3642ec1151""]","[""Mahatma Gandhi National Rural Employment Guarantee Act"", ""National Family Benefit Scheme""]",ministry of rural development,"[""Scheme: Mahatma Gandhi National Rural Employment Guarantee Act Ministry: Ministry Of Rural Development Department: Department of Rural Development Implementing agency: Gram Panchayats (GPs) Level: Central Scheme type: Centrally Sponsored Scheme Target beneficiaries: Individual Overview An employment scheme by the MoRD, providing provide at least 100 days of guaranteed wage employment in a financial year to every rural household whose adult members volunteer to do unskilled work. Any Indian citiz"", ""Scheme: National Family Benefit Scheme Ministry: Ministry Of Rural Development Department: Department of Rural Development Level: Central Scheme type: Centrally Sponsored Scheme Target beneficiaries: Family Overview A family welfare scheme under the umbrella scheme ‘National Social Assistance Programme’ (NSAP) by MoRD. In this scheme, financial assistance is provided to the bereaved households in case of the death of the primary breadwinner irrespective of the cause of death. Detailed descriptio""]","{""gold_ids_resolve"": true, ""source_document_ids_resolve"": true, ""answer_exactly_supported"": true, ""two_chunks_for_cross_scheme"": true, ""question_intent_unique"": true, ""category_contract_passes"": true}",False,pending,,,,,,,,,,,,,,,,
q_0069,entity_relation,How are Aam Aadmi Bima Yojana and Central Sector Scheme for Rehabilitation of Bonded Labourer related through ministry of labour and employment?,"The Aam Aadmi Bima Yojana (AABY) is a social security scheme for rural landless households implemented by the Ministry of Labour & Employment, Government of India. The scheme provides insurance coverage to the head of the household or an earning member of the family in the age group of 18 to 59. Additionally, bonded labourers, including financial support for marriage. Offering special care for disabled individuals, in line with the national policy for disabled people. Providing employable skill development training for adult bonded labourers who do not fall into the above categories.","[""chunk_5a400edf"", ""chunk_bd8cf3a1""]","[""doc_650d00b770df"", ""doc_fe8f51135aa5""]","[""Aam Aadmi Bima Yojana"", ""Central Sector Scheme for Rehabilitation of Bonded Labourer""]",ministry of labour and employment,"[""Scheme: Aam Aadmi Bima Yojana Ministry: Ministry Of Labour and Employment Level: Central Scheme type: Central Sector Scheme Target beneficiaries: Individual Overview The Aam Aadmi Bima Yojana (AABY) is a social security scheme for rural landless households implemented by the Ministry of Labour & Employment, Government of India. The scheme provides insurance coverage to the head of the household or an earning member of the family in the age group of 18 to 59. Detailed description The Aam Aadmi Bi"", ""bonded labourers, including financial support for marriage. Offering special care for disabled individuals, in line with the national policy for disabled people. Providing employable skill development training for adult bonded labourers who do not fall into the above categories. Eligibility The beneficiary should be a rescued bonded labour. Application process Online Step 1: Submission of Proposal The District Magistrate/Administration forwards the proposal for financial support to the relevant ""]","{""gold_ids_resolve"": true, ""source_document_ids_resolve"": true, ""answer_exactly_supported"": true, ""two_chunks_for_cross_scheme"": true, ""question_intent_unique"": true, ""category_contract_passes"": true}",False,pending,,,,,,,,,,,,,,,,
q_0070,entity_relation,How are Food Safety & Standards Authority Of India (FSSAI) Internship Scheme and Pradhan Mantri Surakshit Matritva Abhiyan related through ministry of health family welfare?,"The Internship Program by the FSSAI provides interns with unique learning opportunities in various areas of food regulation of food safety administration. FSSAI is a statutory body established under the Food Safety & Standards Act, 2006 under the aegis of the Ministry of Health & Family Welfare. Additionally, instructions and priority attention for continued care. Question: What is the minimum documentation required for me to register and receive antenatal care services at the designated health facility? Answer: You need Mother and Child Protection Card (if available), Aadhaar Card or any government issued identity proof, and previous medical records, with minimal documentation to ensure universal access. Question: When was this national maternal health program launched and which government ministry is responsible for its implementation across the country? Answer: The scheme was launched on 9th Jun","[""chunk_07b48a99"", ""chunk_3372c49c""]","[""doc_c8ea174b8b6c"", ""doc_1badc1f2eac9""]","[""Food Safety & Standards Authority Of India (FSSAI) Internship Scheme"", ""Pradhan Mantri Surakshit Matritva Abhiyan""]",ministry of health family welfare,"[""Scheme: Food Safety & Standards Authority Of India (FSSAI) Internship Scheme Ministry: Ministry Of Health & Family Welfare Department: Department of Health and Family Welfare Implementing agency: Food Safety & Standards Authority Of India (FSSAI) Level: Central Scheme type: Central Sector Scheme Target beneficiaries: Individual Overview The Internship Program by the FSSAI provides interns with unique learning opportunities in various areas of food regulation of food safety administration. FSSAI "", ""instructions and priority attention for continued care. Question: What is the minimum documentation required for me to register and receive antenatal care services at the designated health facility? Answer: You need Mother and Child Protection Card (if available), Aadhaar Card or any government issued identity proof, and previous medical records, with minimal documentation to ensure universal access. Question: When was this national maternal health program launched and which government ministry ""]","{""gold_ids_resolve"": true, ""source_document_ids_resolve"": true, ""answer_exactly_supported"": true, ""two_chunks_for_cross_scheme"": true, ""question_intent_unique"": true, ""category_contract_passes"": true}",True,pending,,,,,,,,,,,,,,,,
q_0071,entity_relation,How are Janani Suraksha Yojana (JSY) and Welfare Measures for Transgender Persons related through government hospitals?,"Free Diet: Hot cooked meals in Government Hospitals and Tertiary Care Centers; two dry packs of biscuits and a milk packet in Primary Health Centres/Community Health Centres. Additionally, The members also exposed that their primary need is house and requested to provide house and employment opportunity in Government Hospitals and AmmaUnavuThittam.","[""chunk_493ccc69"", ""chunk_157fb1c3""]","[""doc_b20e0ce2bc2b"", ""doc_88a32bf0acd5""]","[""Janani Suraksha Yojana (JSY)"", ""Welfare Measures for Transgender Persons""]",government hospitals,"[""Benefit For Rural Areas: ₹600/- per case, including ₹300/- for antenatal care and ₹300/- for institutional delivery. Total Benefit For Urban Areas: ₹400/- per case, including ₹200/- for antenatal care and ₹200/- for institutional delivery. The first payment, covering transactional costs, should be made at the health center upon arrival with the expectant mother. The second payment, the cash incentive, should be paid after the ASHA has completed her postnatal visit and the child has been immunize"", ""assault complaints are received from Transgenders by the Police, since they are vulnerable to sexual assaults. Since there is no provision in Indian Penal Code, if such cases are reported, what action are the Police taking? He suggested that this aspect has to be looked into. Finally, the meeting concluded with the proposing a vote of thanks. Director of Social Welfare. Visit of Additional Secretary to Government of India, Ministry of Social Justice and Empowerment, New Delhi to Transgender Self""]","{""gold_ids_resolve"": true, ""source_document_ids_resolve"": true, ""answer_exactly_supported"": true, ""two_chunks_for_cross_scheme"": true, ""question_intent_unique"": true, ""category_contract_passes"": true}",False,pending,,,,,,,,,,,,,,,,
q_0072,entity_relation,"How are AICTE – Mitacs Globalink Research Internship (GRI) Scheme and AICTE - YOUTH UNDERTAKING VISIT FOR ACQUIRING KNOWLEDGE (YUVAK): STUDY TOUR OF ATAL TUNNEL, HIMACHAL PRADESH related through ministry of education?","The scheme aims to promote collaborative research between India and Canada. Through this scheme, fully funded international research internships are provided to eligible Indian undergraduate students. Additionally, The scheme is intended for providing Financial Grant for conducting a Study Tour of ATAL TUNNEL by Students / faculty of AICTE approved Institutions in the field of technical education.","[""chunk_b0152e51"", ""chunk_6c1cddf0""]","[""doc_8673adc5eaac"", ""doc_f3024734e050""]","[""AICTE – Mitacs Globalink Research Internship (GRI) Scheme"", ""AICTE - YOUTH UNDERTAKING VISIT FOR ACQUIRING KNOWLEDGE (YUVAK): STUDY TOUR OF ATAL TUNNEL, HIMACHAL PRADESH""]",ministry of education,"[""Scheme: AICTE – Mitacs Globalink Research Internship (GRI) Scheme Ministry: Ministry of Education Department: Department Of Higher Education Implementing agency: AICTE And Mitacs Level: Central Scheme type: Centrally Sponsored Scheme Target beneficiaries: Individual Overview The scheme aims to promote collaborative research between India and Canada. Through this scheme, fully funded international research internships are provided to eligible Indian undergraduate students. Detailed description Th"", ""Scheme: AICTE - YOUTH UNDERTAKING VISIT FOR ACQUIRING KNOWLEDGE (YUVAK): STUDY TOUR OF ATAL TUNNEL, HIMACHAL PRADESH Ministry: Ministry of Education Department: Department Of Higher Education Level: Central Scheme type: Central Sector Scheme Target beneficiaries: University / Institution Overview The scheme is intended for providing Financial Grant for conducting a Study Tour of ATAL TUNNEL by Students / faculty of AICTE approved Institutions in the field of technical education. Detailed descrip""]","{""gold_ids_resolve"": true, ""source_document_ids_resolve"": true, ""answer_exactly_supported"": true, ""two_chunks_for_cross_scheme"": true, ""question_intent_unique"": true, ""category_contract_passes"": true}",False,pending,,,,,,,,,,,,,,,,
q_0073,entity_relation,How are Aam Aadmi Bima Yojana and Internship Scheme Of Employees’ Provident Fund Organisation (EPFO) related through ministry of labour and employment level: central scheme?,"The Aam Aadmi Bima Yojana (AABY) is a social security scheme for rural landless households implemented by the Ministry of Labour & Employment, Government of India. The scheme provides insurance coverage to the head of the household or an earning member of the family in the age group of 18 to 59. Additionally, The Internship Scheme of Employees’ Provident Fund Organization invites applications for Internships from students for engagement as “Interns” with EPFO. The “Interns” shall have an opportunity to know about the EPFO’s functioning and Departmental Policy issues in EPFO and Government of India.","[""chunk_5a400edf"", ""chunk_7d6da280""]","[""doc_650d00b770df"", ""doc_f24055712fe7""]","[""Aam Aadmi Bima Yojana"", ""Internship Scheme Of Employees’ Provident Fund Organisation (EPFO)""]",ministry of labour and employment level: central scheme,"[""Scheme: Aam Aadmi Bima Yojana Ministry: Ministry Of Labour and Employment Level: Central Scheme type: Central Sector Scheme Target beneficiaries: Individual Overview The Aam Aadmi Bima Yojana (AABY) is a social security scheme for rural landless households implemented by the Ministry of Labour & Employment, Government of India. The scheme provides insurance coverage to the head of the household or an earning member of the family in the age group of 18 to 59. Detailed description The Aam Aadmi Bi"", ""Scheme: Internship Scheme Of Employees’ Provident Fund Organisation (EPFO) Ministry: Ministry Of Labour and Employment Level: Central Scheme type: Central Sector Scheme Target beneficiaries: Individual Overview The Internship Scheme of Employees’ Provident Fund Organization invites applications for Internships from students for engagement as “Interns” with EPFO. The “Interns” shall have an opportunity to know about the EPFO’s functioning and Departmental Policy issues in EPFO and Government of I""]","{""gold_ids_resolve"": true, ""source_document_ids_resolve"": true, ""answer_exactly_supported"": true, ""two_chunks_for_cross_scheme"": true, ""question_intent_unique"": true, ""category_contract_passes"": true}",False,pending,,,,,,,,,,,,,,,,
q_0074,entity_relation,How are Credit Linked Subsidy Scheme for Middle Income Group and Micro Finance Scheme of NMDFC related through backward classes?,"Note: Preference from MIG segments, may be given to women (with overriding preference to widows, and single working women), persons belonging to Scheduled Castes/Scheduled Tribes/Other Backward Classes, persons with disabilities, and Transgender. Additionally, The remaining up to 25% may belong to weaker sections, including Scheduled Castes, Scheduled Tribes, Other Backward Classes, or Persons with Disabilities.","[""chunk_b052ea4b"", ""chunk_80d73df5""]","[""doc_bb33ef064069"", ""doc_ba4f00960a99""]","[""Credit Linked Subsidy Scheme for Middle Income Group"", ""Micro Finance Scheme of NMDFC""]",backward classes,"[""constructing houses. Middle Income Group-II (MIG-II) - annual household income exceeding ₹12 lakhs and up to ₹18 lakhs seeking housing loans from Banks, Housing Finance Companies (HFCs), and other such institutions for acquiring/ constructing houses. Note: Preference from MIG segments, may be given to women (with overriding preference to widows, and single working women), persons belonging to Scheduled Castes/Scheduled Tribes/Other Backward Classes, persons with disabilities, and Transgender. Ap"", ""Scheme: Micro Finance Scheme of NMDFC Ministry: Ministry Of Minority Affairs Level: Central Scheme type: Centrally Sponsored Scheme Target beneficiaries: Self Help Groups (SHGS) Overview Under the scheme, an amount of Rs. 1 lakh under credit Line-1 & upto Rs. 1.5 lakh under Credit Line-2 is extended to each member of SHG (belong to Minority communities) at interest rate of 7% & 10% respectively. Concession of 2% is extended to women beneficiaries under Credit Line-2. Detailed description Under t""]","{""gold_ids_resolve"": true, ""source_document_ids_resolve"": true, ""answer_exactly_supported"": true, ""two_chunks_for_cross_scheme"": true, ""question_intent_unique"": true, ""category_contract_passes"": true}",False,pending,,,,,,,,,,,,,,,,
q_0075,entity_relation,How are Mahatma Gandhi National Rural Employment Guarantee Act and National Food Security Mission NFSM related through gram panchayat?,"Application process Offline Step 1: The application for registration may be given on plain paper to the local Gram Panchayat. Additionally, Gram Panchayat should be involved in selection of beneficiary farmers.","[""chunk_60a58ee0"", ""chunk_1fd470c4""]","[""doc_61963411b818"", ""doc_ed7ea6c7a4f4""]","[""Mahatma Gandhi National Rural Employment Guarantee Act"", ""National Food Security Mission NFSM""]",gram panchayat,"[""as they return to their original place of residence. Exclusions NA Eligibility The applicant must be at least 18 years of age. The applicant must be residing in a Rural Area. Application process Offline Step 1: The application for registration may be given on plain paper to the local Gram Panchayat. An individual may appear personally before the Panchayat Secretary or Gram Rozgar Sahayak and make an oral request for registration, in which case the particulars required will be noted by the Gram R"", ""ha area under rice have been selected. 3) Districts with at least 15000 ha area under rice or wheat in hill states of Himachal Pradesh, Jammu & Kashmir and Uttarakhand have been selected. 4) All districts of 29 states have been included under NFSM pulses. 5) In case of coarse cereals (Maize and Barley), the districts covering 70% of the total coarse cereals area of the state have been selected. 6) All States growing Jowar, Bajra, Ragi and Small Millets will be covered under the programme of NFSM""]","{""gold_ids_resolve"": true, ""source_document_ids_resolve"": true, ""answer_exactly_supported"": true, ""two_chunks_for_cross_scheme"": true, ""question_intent_unique"": true, ""category_contract_passes"": true}",True,pending,,,,,,,,,,,,,,,,
q_0076,entity_relation,How are Pradhan Mantri Jan Dhan Yojana and Pradhan Mantri Jeevan Jyoti Bima Yojana related through department of financial service implementing?,"A National Mission for Financial Inclusion (NMFI), namely, Pradhan Mantri Jan Dhan Yojana (PMJDY) was launched by the Prime Minister across the country on 28th August, 2014. It envisages to provide universal banking services for every unbanked adult in the country. Additionally, Pradhan Mantri Jeevan Jyoti Bima Yojana (PMJJBY) is an insurance scheme offering life insurance cover for death due to any reason. It is a one-year cover, renewable from year to year. The scheme is offered by banks/post offices and administered through life insurance companies.","[""chunk_f65b5ba7"", ""chunk_2a4d53ce""]","[""doc_3160f4e34490"", ""doc_2bb40abb4ee8""]","[""Pradhan Mantri Jan Dhan Yojana"", ""Pradhan Mantri Jeevan Jyoti Bima Yojana""]",department of financial service implementing,"[""Scheme: Pradhan Mantri Jan Dhan Yojana Ministry: Ministry Of Finance Department: Department of Financial Service Implementing agency: Banks Level: Central Scheme type: Central Sector Scheme Target beneficiaries: Individual Overview A National Mission for Financial Inclusion (NMFI), namely, Pradhan Mantri Jan Dhan Yojana (PMJDY) was launched by the Prime Minister across the country on 28th August, 2014. It envisages to provide universal banking services for every unbanked adult in the country. De"", ""Scheme: Pradhan Mantri Jeevan Jyoti Bima Yojana Ministry: Ministry Of Finance Department: Department of Financial Service Implementing agency: Banks Level: Central Scheme type: Central Sector Scheme Target beneficiaries: Individual Overview Pradhan Mantri Jeevan Jyoti Bima Yojana (PMJJBY) is an insurance scheme offering life insurance cover for death due to any reason. It is a one-year cover, renewable from year to year. The scheme is offered by banks/post offices and administered through life i""]","{""gold_ids_resolve"": true, ""source_document_ids_resolve"": true, ""answer_exactly_supported"": true, ""two_chunks_for_cross_scheme"": true, ""question_intent_unique"": true, ""category_contract_passes"": true}",False,pending,,,,,,,,,,,,,,,,
q_0077,entity_relation,How are Indira Gandhi National Disability Pension Scheme and Indira Gandhi National Widow Pension Scheme related through gram panchayat / municipality?,"to by Gram Sabha / Ward Sabhas, Gram Panchayats / Municipalities the Verification Officer directly submits his recommendations to the Sanctioning Authority under intimation to the Gram Panchayat / Municipality. Additionally, If the time limits are not adhered to by Gram Sabha / Ward Sabhas, Gram Panchayats / Municipalities the Verification Officer directly submits his recommendations to the Sanctioning Authority under intimation to the Gram Panchayat / Municipality.","[""chunk_7a28695d"", ""chunk_eabef128""]","[""doc_e2868118e0af"", ""doc_36f1bfbe2807""]","[""Indira Gandhi National Disability Pension Scheme"", ""Indira Gandhi National Widow Pension Scheme""]",gram panchayat / municipality,"[""to by Gram Sabha / Ward Sabhas, Gram Panchayats / Municipalities the Verification Officer directly submits his recommendations to the Sanctioning Authority under intimation to the Gram Panchayat / Municipality. After receipt of applications which are verified and recommended by the Gram Sabha / Ward Committee / Area Sabha, the Sanctioning Authority convey approval to the applicant in the form of a Sanction Order with a copy to Gram Panchayat / Municipality concerned. The Sanctioning Authority is"", ""Scheme: Indira Gandhi National Widow Pension Scheme Ministry: Ministry Of Rural Development Department: Department of Rural Development Implementing agency: State/UT Government Level: Central Scheme type: Central Sector Scheme Target beneficiaries: Individual Overview A non-contributory pension scheme to provide social security to widows of poor family (BPL) of the society. Detailed description Indira Gandhi National Widow Pension Scheme (IGNWPS) is implemented by Ministry of Rural Development, ""]","{""gold_ids_resolve"": true, ""source_document_ids_resolve"": true, ""answer_exactly_supported"": true, ""two_chunks_for_cross_scheme"": true, ""question_intent_unique"": true, ""category_contract_passes"": true}",False,pending,,,,,,,,,,,,,,,,
q_0078,entity_relation,How are CIFE - Institutional Fellowship and SMILE related through the university/institute?,"Program in the University/Institute other than that from where he/she has obtained the Bachelor's Degree. Additionally, The University/Institute will not charge any fee for verification.","[""chunk_136cd204"", ""chunk_7291461b""]","[""doc_4bf3b52f7896"", ""doc_6a40899766bf""]","[""CIFE - Institutional Fellowship"", ""SMILE""]",the university/institute,"[""Scheme: CIFE - Institutional Fellowship Ministry: Ministry Of Agriculture and Farmers Welfare Implementing agency: Indian Council Of Agricultural Research (ICAR) Level: Central Scheme type: Central Sector Scheme Target beneficiaries: Individual Overview From the year 2010 onwards, the division is offering Masters and PhD in two disciplines namely Fish Nutrition and Feed Technology and Fish physiology and Biochemistry with an objective of moulding professionals with fundamental and advanced knowl"", ""secures admission after the 20th day of a month, the amount will be paid from the month following the month of admission. 9 | P a g e (c)In case of renewal of scholarship, it will be paid from the month following the month up to which scholarship was paid in the previous year. (d)Students shall be encouraged to have Aadhar linked bank account to facilitate payments through Aadhar Payment Bridge while applying for the scholarship which should have the same name as stipulated in the transgender ce""]","{""gold_ids_resolve"": true, ""source_document_ids_resolve"": true, ""answer_exactly_supported"": true, ""two_chunks_for_cross_scheme"": true, ""question_intent_unique"": true, ""category_contract_passes"": true}",False,pending,,,,,,,,,,,,,,,,
q_0079,entity_relation,How are Indira Gandhi National Widow Pension Scheme and Mahatma Gandhi National Rural Employment Guarantee Act related through ministry of rural development department?,"A non-contributory pension scheme to provide social security to widows of poor family (BPL) of the society. Additionally, An employment scheme by the MoRD, providing provide at least 100 days of guaranteed wage employment in a financial year to every rural household whose adult members volunteer to do unskilled work. Any Indian citizen above the age of 18 years and residing in a rural area can apply to this scheme.","[""chunk_eabef128"", ""chunk_74005926""]","[""doc_36f1bfbe2807"", ""doc_61963411b818""]","[""Indira Gandhi National Widow Pension Scheme"", ""Mahatma Gandhi National Rural Employment Guarantee Act""]",ministry of rural development department,"[""Scheme: Indira Gandhi National Widow Pension Scheme Ministry: Ministry Of Rural Development Department: Department of Rural Development Implementing agency: State/UT Government Level: Central Scheme type: Central Sector Scheme Target beneficiaries: Individual Overview A non-contributory pension scheme to provide social security to widows of poor family (BPL) of the society. Detailed description Indira Gandhi National Widow Pension Scheme (IGNWPS) is implemented by Ministry of Rural Development, "", ""Scheme: Mahatma Gandhi National Rural Employment Guarantee Act Ministry: Ministry Of Rural Development Department: Department of Rural Development Implementing agency: Gram Panchayats (GPs) Level: Central Scheme type: Centrally Sponsored Scheme Target beneficiaries: Individual Overview An employment scheme by the MoRD, providing provide at least 100 days of guaranteed wage employment in a financial year to every rural household whose adult members volunteer to do unskilled work. Any Indian citiz""]","{""gold_ids_resolve"": true, ""source_document_ids_resolve"": true, ""answer_exactly_supported"": true, ""two_chunks_for_cross_scheme"": true, ""question_intent_unique"": true, ""category_contract_passes"": true}",False,pending,,,,,,,,,,,,,,,,
q_0080,entity_relation,How are Centrally Sponsored Scheme of Upgradation of Merit of Scheduled Caste Students and PM Janjati Adivasi Nyaya Maha Abhiyan (PM JANMAN) related through states and union territories?,"Answer: A maximum of 2,050 fresh students are covered annually under the scheme, with implementation across 19 States and Union Territories. Additionally, The applicant must reside in one of the 18 States and Union Territories having a notified Particularly Vulnerable Tribal Group population.","[""chunk_4eb05876"", ""chunk_0e5de080""]","[""doc_59f95eb84e28"", ""doc_c0a1e7511e8a""]","[""Centrally Sponsored Scheme of Upgradation of Merit of Scheduled Caste Students"", ""PM Janjati Adivasi Nyaya Maha Abhiyan (PM JANMAN)""]",states and union territories,"[""for any reason. Question: How many years of continuous coaching support can a student expect to receive through this educational enhancement initiative? Answer: Students receive four years of continuous coaching support from class 9 to class 12, ensuring sufficient time for addressing educational deficiencies and competitive exam preparation. Question: What specific subjects and areas are covered under the remedial coaching component of this merit upgradation program? Answer: Remedial coaching f"", ""Scheme: PM Janjati Adivasi Nyaya Maha Abhiyan (PM JANMAN) Ministry: Ministry Of Tribal Affairs Level: Central Scheme type: Central Sector Scheme Target beneficiaries: Individual, Family Overview The scheme aims to improve the socio-economic status of PVTGs by saturating families and habitations with basic facilities and services. It provides 11 critical infrastructure and welfare interventions, including housing, water, electricity, and connectivity. Detailed description The scheme “PM- Janjati ""]","{""gold_ids_resolve"": true, ""source_document_ids_resolve"": true, ""answer_exactly_supported"": true, ""two_chunks_for_cross_scheme"": true, ""question_intent_unique"": true, ""category_contract_passes"": true}",False,pending,,,,,,,,,,,,,,,,
q_0081,multi_hop,What combined evidence connects National Savings Certificates (VIII-Issue) Scheme and Pradhan Mantri Jeevan Jyoti Bima Yojana through ministry of finance department?,"The scheme “National Savings Certificates (VIII-Issue) Scheme” was launched by the Department of Economic Affairs, Ministry of Finance, Government of India to promote a culture of long-term savings among individuals. Additionally, Pradhan Mantri Jeevan Jyoti Bima Yojana (PMJJBY) is an insurance scheme offering life insurance cover for death due to any reason. It is a one-year cover, renewable from year to year. The scheme is offered by banks/post offices and administered through life insurance companies.","[""chunk_e41622a9"", ""chunk_2a4d53ce""]","[""doc_157e35020373"", ""doc_2bb40abb4ee8""]","[""National Savings Certificates (VIII-Issue) Scheme"", ""Pradhan Mantri Jeevan Jyoti Bima Yojana""]",ministry of finance department,"[""Scheme: National Savings Certificates (VIII-Issue) Scheme Ministry: Ministry Of Finance Department: Department Of Economic Affairs Implementing agency: Post Office Branch Or A Designated Bank Level: Central Scheme type: Central Sector Scheme Target beneficiaries: Individual Overview The scheme “National Savings Certificates (VIII-Issue) Scheme” was launched by the Department of Economic Affairs, Ministry of Finance, Government of India to promote a culture of long-term savings among individuals."", ""Scheme: Pradhan Mantri Jeevan Jyoti Bima Yojana Ministry: Ministry Of Finance Department: Department of Financial Service Implementing agency: Banks Level: Central Scheme type: Central Sector Scheme Target beneficiaries: Individual Overview Pradhan Mantri Jeevan Jyoti Bima Yojana (PMJJBY) is an insurance scheme offering life insurance cover for death due to any reason. It is a one-year cover, renewable from year to year. The scheme is offered by banks/post offices and administered through life i""]","{""gold_ids_resolve"": true, ""source_document_ids_resolve"": true, ""answer_exactly_supported"": true, ""two_chunks_for_cross_scheme"": true, ""question_intent_unique"": true, ""category_contract_passes"": true}",True,pending,,,,,,,,,,,,,,,,
q_0082,multi_hop,What combined evidence connects Scheme for Prevention of Alcoholism and Substance Abuse and SMILE through national institute of social defence?,"has successfully completed programme on ------------------- organized by National Institute of Social Defence, New Delhi in collaboration with RRTC -------------------- held at. Additionally, The National Institute of Social Defence has to prepare an annual action plan and submit it to the Ministry by March positively with a proper budget (h)Constitution of a committee in all educational organizations for transgender persons to deal with cases of any harassment or discrimination.","[""chunk_21611109"", ""chunk_5aeb940f""]","[""doc_79bfbcec159c"", ""doc_6a40899766bf""]","[""Scheme for Prevention of Alcoholism and Substance Abuse"", ""SMILE""]",national institute of social defence,"[""for the Programmes under the Scheme for Prevention of Alcoholism and Substance (Drugs) Abuse Annexure 4. 6 Follow-up Card Name of the organization : Contact person : Address of treatment centre : Phone : Land mark : Fax no : Best way of reaching the centre : E.mail : Date Report of Visit / feedback letter / letter received with details Details of staff Sl.no Name Age & Education Designation Date of joining the organization Training attended –RRTC/NISD Annexure 4.7 Training needs assessment forma"", ""provide assistance to various projects from departments, NGOs, state government for creating trans-safe toilets, region specific programmes, the Ministry shall provide funds for such projects after careful consideration of the proposals and wherever necessary. 1.2.7.1.Sensitization and Awareness Generation for Transgender persons welfare (a)Schools should be more gender sensitive and have an option to select transgender/others as a gender preference which may be kept confidential between the par""]","{""gold_ids_resolve"": true, ""source_document_ids_resolve"": true, ""answer_exactly_supported"": true, ""two_chunks_for_cross_scheme"": true, ""question_intent_unique"": true, ""category_contract_passes"": true}",False,pending,,,,,,,,,,,,,,,,
q_0083,multi_hop,What combined evidence connects Ambedkar Social Innovation and Incubation Mission (ASIIM) and Credit Enhancement Guarantee Scheme For The Scheduled Castes through scheduled caste?,"Selection and Automatic Incubation The start-up ideas presented by Scheduled Caste (SC)/Scheduled Caste Divyang students that have been selected by the Technology Business Incubators (TBIs) will be automatically selected for incubation under the Ambedkar Social Innovation and Incubation Mission (ASIIM). Additionally, 3: After approval of the loan, the MLI shall issue a valid Sanction Letter/Letter of Intent (LoI) to the Scheduled Caste beneficiary, enterprise, company, firm, society, sole proprietorship firm, or individual.","[""chunk_ba1d8435"", ""chunk_1e1cbad8""]","[""doc_88358036b6bc"", ""doc_888392279272""]","[""Ambedkar Social Innovation and Incubation Mission (ASIIM)"", ""Credit Enhancement Guarantee Scheme For The Scheduled Castes""]",scheduled caste,"[""fund. Selection and Automatic Incubation The start-up ideas presented by Scheduled Caste (SC)/Scheduled Caste Divyang students that have been selected by the Technology Business Incubators (TBIs) will be automatically selected for incubation under the Ambedkar Social Innovation and Incubation Mission (ASIIM). Company Formation and Compliance Prior to receiving assistance, selected participants who are not already incorporated must convert their Proprietary Firms, Partnership Firms, One Person Co"", ""3: After approval of the loan, the MLI shall issue a valid Sanction Letter/Letter of Intent (LoI) to the Scheduled Caste beneficiary, enterprise, company, firm, society, sole proprietorship firm, or individual. Step 4: The MLI shall register the loan application with IFCI Limited after agreeing in principle to extend the loan to the Scheduled Caste beneficiary. The MLI may submit the application through the CEGSSC web portal, after which an acknowledgement/token number will be generated. Step 5:""]","{""gold_ids_resolve"": true, ""source_document_ids_resolve"": true, ""answer_exactly_supported"": true, ""two_chunks_for_cross_scheme"": true, ""question_intent_unique"": true, ""category_contract_passes"": true}",False,pending,,,,,,,,,,,,,,,,
q_0084,multi_hop,What combined evidence connects Mahila Samman Savings Certificate and National Savings Certificates (VIII-Issue) Scheme through department of economic affairs implementing?,"The scheme aims to provide a secure savings option with assured returns for women. Through this scheme, 7.5% interest and flexible savings benefits are provided to women and minor girls. Additionally, The scheme “National Savings Certificates (VIII-Issue) Scheme” was launched by the Department of Economic Affairs, Ministry of Finance, Government of India to promote a culture of long-term savings among individuals.","[""chunk_aa3beb45"", ""chunk_e41622a9""]","[""doc_746eaddd4ce0"", ""doc_157e35020373""]","[""Mahila Samman Savings Certificate"", ""National Savings Certificates (VIII-Issue) Scheme""]",department of economic affairs implementing,"[""Scheme: Mahila Samman Savings Certificate Ministry: Ministry Of Finance Department: Department Of Economic Affairs Implementing agency: Post Office Branch Or A Designated Bank Level: Central Scheme type: Central Sector Scheme Target beneficiaries: Individual Overview The scheme aims to provide a secure savings option with assured returns for women. Through this scheme, 7.5% interest and flexible savings benefits are provided to women and minor girls. Detailed description The scheme “Mahila Samma"", ""Scheme: National Savings Certificates (VIII-Issue) Scheme Ministry: Ministry Of Finance Department: Department Of Economic Affairs Implementing agency: Post Office Branch Or A Designated Bank Level: Central Scheme type: Central Sector Scheme Target beneficiaries: Individual Overview The scheme “National Savings Certificates (VIII-Issue) Scheme” was launched by the Department of Economic Affairs, Ministry of Finance, Government of India to promote a culture of long-term savings among individuals.""]","{""gold_ids_resolve"": true, ""source_document_ids_resolve"": true, ""answer_exactly_supported"": true, ""two_chunks_for_cross_scheme"": true, ""question_intent_unique"": true, ""category_contract_passes"": true}",False,pending,,,,,,,,,,,,,,,,
q_0085,multi_hop,What combined evidence connects Micro Finance Scheme of NMDFC and National Mission on Edible Oils- Oil Palm through self help groups?,"Answer: The scheme benefits members of Self Help Groups (SHGs), primarily minority women, who are engaged in small trade or income-generating activities and have limited access to formal banking systems. Additionally, Answer: The State Governments may develop a sound mechanism for involvement of PRIs in the formulation, prioritization of activities & identification of beneficiaries at grass root level and ensure involvement of NGOs, Self Help Groups and Private companies for selection of beneficiary, identification and mapping of priority areas, liaising with processors, state officials and SAUs, etc.","[""chunk_594fd974"", ""chunk_b6da3286""]","[""doc_ba4f00960a99"", ""doc_053efb394a7a""]","[""Micro Finance Scheme of NMDFC"", ""National Mission on Edible Oils- Oil Palm""]",self help groups,"[""account (Aadhaar linked) and individual passbooks. Record of thrift and credit activity (for at least six months). Meeting Register, Savings Ledger, and Loan Ledger maintained by SHG. Business Activity Plan or list of proposed income-generating activities. Affidavit/Self-declaration that no other microfinance assistance is being received. Frequently asked questions Question: Who can benefit from the Micro-Finance Scheme? Answer: The scheme benefits members of Self Help Groups (SHGs), primarily m"", ""recommended to consult with the relevant authorities for detailed information on documents to be submitted. Frequently asked questions Question: What is the fund flow mechanism for the scheme? Answer: Release of Central and States’ share for this scheme will be through PFMS system. Both the GoI and State share of funds shall be transferred through defined mechanism of PFMS. Question: Is there a role of Panchayati Raj Institutions (PRIs) under the scheme? Answer: The State Governments may develop""]","{""gold_ids_resolve"": true, ""source_document_ids_resolve"": true, ""answer_exactly_supported"": true, ""two_chunks_for_cross_scheme"": true, ""question_intent_unique"": true, ""category_contract_passes"": true}",False,pending,,,,,,,,,,,,,,,,
q_0086,multi_hop,What combined evidence connects Indira Gandhi National Widow Pension Scheme and Janani Suraksha Yojana (JSY) through below poverty line?,"The applicant must belong to a household identified as living Below Poverty Line (BPL) as per the criteria prescribed by the Government of India. Additionally, The applicant does not need any marriage or Below Poverty Line (BPL) certification if delivering in a Government or accredited private health institution.","[""chunk_99478c0a"", ""chunk_0a920a3a""]","[""doc_36f1bfbe2807"", ""doc_b20e0ce2bc2b""]","[""Indira Gandhi National Widow Pension Scheme"", ""Janani Suraksha Yojana (JSY)""]",below poverty line,"[""The Passbook contain details of the Sanction Order, particulars of the pensioner and disbursement details The list of beneficiaries to whom sanctions are issued is displayed at the Gram Panchayat / Ward / Municipal Office and updated every three months. The Pension amount is directly paid to the beneficiaries through the Direct Benefit Transfer (DBT) process to their post office or bank account. Required documents Death Certificate of husband – With the name of the surviving wife(widow). BPL Car"", ""mother or her husband voluntarily undergoes sterilization immediately after delivery, the compensation money available under the existing Family Welfare scheme should be disbursed to the mother at the hospital itself. Antenatal Care (ANC) Services Includes identification and registration of pregnant women, provision of at least three ANC check-ups, Tetanus Toxoid (TT) injections, and Iron Folic Acid (IFA) tablets. Postnatal Care (PNC) Services Includes a postnatal visit within 7 days of delivery""]","{""gold_ids_resolve"": true, ""source_document_ids_resolve"": true, ""answer_exactly_supported"": true, ""two_chunks_for_cross_scheme"": true, ""question_intent_unique"": true, ""category_contract_passes"": true}",False,pending,,,,,,,,,,,,,,,,
q_0087,multi_hop,What combined evidence connects Begum Hazrat Mahal National Scholarship Program and Maulana Azad National Fellowship For Minority Students through ministry of minority affairs?,"Begum Hazrat Mahal National scholarship is a scholarship scheme also known as Maulana Azad National scholarship scheme was first announced on 3rd May 2003. It is a national level scholarship started for the benefit of the girl’s student belonging to the minority communities. Additionally, Maulana Azad National Fellowship For Minority Students was launched in 2009 by the Ministry of Minority Affairs for providing financial aid to students for their higher studies.","[""chunk_6a1ab95d"", ""chunk_8caef92e""]","[""doc_46bd9efa1745"", ""doc_4135820cf466""]","[""Begum Hazrat Mahal National Scholarship Program"", ""Maulana Azad National Fellowship For Minority Students""]",ministry of minority affairs,"[""Scheme: Begum Hazrat Mahal National Scholarship Program Ministry: Ministry Of Minority Affairs Level: Central Scheme type: Central Sector Scheme Target beneficiaries: Individual Overview Begum Hazrat Mahal National scholarship is a scholarship scheme also known as Maulana Azad National scholarship scheme was first announced on 3rd May 2003. It is a national level scholarship started for the benefit of the girl’s student belonging to the minority communities. Detailed description The Scheme of “B"", ""Scheme: Maulana Azad National Fellowship For Minority Students Ministry: Ministry Of Minority Affairs Implementing agency: University Grant Commission Level: Central Scheme type: Central Sector Scheme Target beneficiaries: Individual Overview Maulana Azad National Fellowship For Minority Students was launched in 2009 by the Ministry of Minority Affairs for providing financial aid to students for their higher studies. Detailed description The objective of the Fellowship is to provide five year fe""]","{""gold_ids_resolve"": true, ""source_document_ids_resolve"": true, ""answer_exactly_supported"": true, ""two_chunks_for_cross_scheme"": true, ""question_intent_unique"": true, ""category_contract_passes"": true}",False,pending,,,,,,,,,,,,,,,,
q_0088,multi_hop,What combined evidence connects Internship Scheme Of The Department Of Economic Affairs and Kisan Vikas Patra Scheme through department of economic affairs?,"Answer: This internship is neither a job nor any such assurance thereof in the Department of Economic Affairs. Additionally, Answer: ‘Kisan Vikas Patra Scheme’ was relaunched in the year 2014 by the Department of Economic Affairs, Ministry Of Finance, Government of India in view of the popular demand and to revitalize Small Savings.","[""chunk_98e3d70d"", ""chunk_0fc946cc""]","[""doc_97bd30334fde"", ""doc_084c8d312d79""]","[""Internship Scheme Of The Department Of Economic Affairs"", ""Kisan Vikas Patra Scheme""]",department of economic affairs,"[""All The Universities In India Apply For This Internship? Answer: Only the students from the Universities/ Institutions which are within the top 25 ranks as per the National Institutional Ranking Framework, by the Ministry of Human Resource Development or QS-ranked International Institutes, can apply for this Internship. Question: Under What Circumstances, Can The Tenure Of An Internship Be Ended Prematurely? Answer: Interns, whose performance is unsatisfactory, may be relieved prematurely. Quest"", ""of the death of any of the account holders in a joint account, the account shall be transferred in the name of the surviving account holder or account holder, as the case may be. Payment on the death of the account holder: In the event of the death of the depositor of a single account or of all the depositors in a joint account, the deposit shall be payable to the nominee if a nomination exists or to the legal heir(s). Where there are not more than three surviving nominees or legal heirs, they m""]","{""gold_ids_resolve"": true, ""source_document_ids_resolve"": true, ""answer_exactly_supported"": true, ""two_chunks_for_cross_scheme"": true, ""question_intent_unique"": true, ""category_contract_passes"": true}",False,pending,,,,,,,,,,,,,,,,
q_0089,multi_hop,What combined evidence connects AVYAY - National Action Plan for Senior Citizens: Health and Shelter for Senior Citizens and SMILE through the companies act?,"Answer: The Non-Governmental Organization must be a charitable company licensed specifically under Section 25 of the Companies Act, 1958, to meet the eligibility requirements for receiving grant-in-aid. Additionally, (b)A registered public Trust (c)A Company established under Section 25 of the Companies Act, B.","[""chunk_797e87b4"", ""chunk_34ee95f1""]","[""doc_ca4b29fe5546"", ""doc_6a40899766bf""]","[""AVYAY - National Action Plan for Senior Citizens: Health and Shelter for Senior Citizens"", ""SMILE""]",the companies act,"[""I intend to provide services through a project, is it acceptable for the bank account to be held solely in the name of the Non-Governmental Organization? Answer: No, the bank account used by the Non-Governmental Organization or Voluntary Organization for receiving the assistance must be maintained and operated jointly. Question: If the proposed project involves establishing a new physiotherapy clinic, can I expect to receive a grant-in-aid under the State Action Plan for Senior Citizens sub-sche"", ""account in the name of the President / Secretary of the organization, in respect of the grants received under this programme. (k)The Grantee institution/NGO should be registered with NGO Darpan Portal of Niti Aayog. (l)Selected NGOs may be given one-month of preparatory time for arranging all the infrastructure, manpower, services, selection of residents, safety security, medical, convergence services, communication, internet, etc. The second month onwards, full- pledged Garima Greh has to start""]","{""gold_ids_resolve"": true, ""source_document_ids_resolve"": true, ""answer_exactly_supported"": true, ""two_chunks_for_cross_scheme"": true, ""question_intent_unique"": true, ""category_contract_passes"": true}",False,pending,,,,,,,,,,,,,,,,
q_0090,multi_hop,What combined evidence connects Agricultural Extension and ICAR Senior Research Fellowship For Post-Graduate Studies In Agricultural Sciences through department of agriculture research?,"Extension Division endeavours towards successful implementation of Agricultural Extension activities. Through its various programmes, schemes and activities, Extension Division helps farmers to get information regarding scientific research and new knowledge in agricultural practices. Additionally, ICAR awards a certain number of Senior Research Fellowships for Ph.D. in an Agricultural University (AU), in different disciplines of agriculture and allied sciences. This is done to encourage talented students to undertake higher agricultural education.","[""chunk_3aac3916"", ""chunk_bb712328""]","[""doc_99ae16f43997"", ""doc_97925511123b""]","[""Agricultural Extension"", ""ICAR Senior Research Fellowship For Post-Graduate Studies In Agricultural Sciences""]",department of agriculture research,"[""Scheme: Agricultural Extension Ministry: Ministry Of Agriculture and Farmers Welfare Department: Department of Agriculture Research and Education Implementing agency: National Institute Of Agricultural Extension Management Level: Central Scheme type: Centrally Sponsored Scheme Target beneficiaries: Individual Overview Extension Division endeavours towards successful implementation of Agricultural Extension activities. Through its various programmes, schemes and activities, Extension Division hel"", ""Scheme: ICAR Senior Research Fellowship For Post-Graduate Studies In Agricultural Sciences Ministry: Ministry Of Agriculture and Farmers Welfare Department: Department of Agriculture Research and Education Implementing agency: Indian Council Of Agricultural Research Level: Central Scheme type: Central Sector Scheme Target beneficiaries: Individual Overview ICAR awards a certain number of Senior Research Fellowships for Ph.D. in an Agricultural University (AU), in different disciplines of agricul""]","{""gold_ids_resolve"": true, ""source_document_ids_resolve"": true, ""answer_exactly_supported"": true, ""two_chunks_for_cross_scheme"": true, ""question_intent_unique"": true, ""category_contract_passes"": true}",False,pending,,,,,,,,,,,,,,,,
q_0091,multi_hop,What combined evidence connects Indira Gandhi National Widow Pension Scheme and Pradhan Mantri Gram Sadak Yojana through department of rural development?,"A non-contributory pension scheme to provide social security to widows of poor family (BPL) of the society. Additionally, With the objective of providing rural connectivity, the Government of India launched the Pradhan Mantri Gram Sadak Yojana (referred to as PMGSY-I hereinafter) on 25th December 2000 to provide all-weather access to eligible unconnected habitations.","[""chunk_eabef128"", ""chunk_0afb475a""]","[""doc_36f1bfbe2807"", ""doc_2cfbf6b75fa1""]","[""Indira Gandhi National Widow Pension Scheme"", ""Pradhan Mantri Gram Sadak Yojana""]",department of rural development,"[""Scheme: Indira Gandhi National Widow Pension Scheme Ministry: Ministry Of Rural Development Department: Department of Rural Development Implementing agency: State/UT Government Level: Central Scheme type: Central Sector Scheme Target beneficiaries: Individual Overview A non-contributory pension scheme to provide social security to widows of poor family (BPL) of the society. Detailed description Indira Gandhi National Widow Pension Scheme (IGNWPS) is implemented by Ministry of Rural Development, "", ""Scheme: Pradhan Mantri Gram Sadak Yojana Ministry: Ministry Of Rural Development Department: Department of Rural Development Implementing agency: Rural Works Departments And State PWDs Level: Central Target beneficiaries: All Overview With the objective of providing rural connectivity, the Government of India launched the Pradhan Mantri Gram Sadak Yojana (referred to as PMGSY-I hereinafter) on 25th December 2000 to provide all-weather access to eligible unconnected habitations. Detailed descript""]","{""gold_ids_resolve"": true, ""source_document_ids_resolve"": true, ""answer_exactly_supported"": true, ""two_chunks_for_cross_scheme"": true, ""question_intent_unique"": true, ""category_contract_passes"": true}",False,pending,,,,,,,,,,,,,,,,
q_0092,multi_hop,What combined evidence connects Begum Hazrat Mahal National Scholarship Program and SMILE through the state government/union territory administration?,"The State Government/Union Territory Administration can also directly cancel the award if duly satisfied with the reasons of violation of these regulations governing the scheme. Additionally, (c)The scholarship shall be awarded to students studying in a government or private higher secondary school/college/university, including such residential institutes of the Government and eligible private institutes selected and notified in a transparent manner by the State Government/Union Territory Administration concerned.","[""chunk_6a1ab95d"", ""chunk_03e828a2""]","[""doc_46bd9efa1745"", ""doc_6a40899766bf""]","[""Begum Hazrat Mahal National Scholarship Program"", ""SMILE""]",the state government/union territory administration,"[""Scheme: Begum Hazrat Mahal National Scholarship Program Ministry: Ministry Of Minority Affairs Level: Central Scheme type: Central Sector Scheme Target beneficiaries: Individual Overview Begum Hazrat Mahal National scholarship is a scholarship scheme also known as Maulana Azad National scholarship scheme was first announced on 3rd May 2003. It is a national level scholarship started for the benefit of the girl’s student belonging to the minority communities. Detailed description The Scheme of “B"", ""secondary stage. The self-perceived gender identity of the Transgender persons up to the age of class 8th remains ambiguous to large extent and therefore the transgender identity of the children may not be established. 1.2.1.3. Objectives (a)The objective is to provide financial assistance to the Transgender students studying in IX and above to enable them to complete their education. (b)To support Transgender students to study further in order to prepare themselves to earn their livelihood and ""]","{""gold_ids_resolve"": true, ""source_document_ids_resolve"": true, ""answer_exactly_supported"": true, ""two_chunks_for_cross_scheme"": true, ""question_intent_unique"": true, ""category_contract_passes"": true}",False,pending,,,,,,,,,,,,,,,,
q_0093,multi_hop,What combined evidence connects Construction of Hostels for OBC Boys and Girls and Disha - Early Intervention and School Readiness Scheme through ministry of social justice?,"The Scheme aims at providing hostel facilities to students belonging to socially and educationally backward classes, especially from rural areas, to enable them to pursue secondary and higher education. Additionally, This scheme aims at setting up Disha Centres for early intervention for Person with Disability (PwD) in 0-10 years of age covered under the National Trust Act, through therapies, trainings and providing support to family members.","[""chunk_054b5d2b"", ""chunk_b9e694ae""]","[""doc_007da74871e7"", ""doc_1d4b308ea354""]","[""Construction of Hostels for OBC Boys and Girls"", ""Disha - Early Intervention and School Readiness Scheme""]",ministry of social justice,"[""Scheme: Construction of Hostels for OBC Boys and Girls Ministry: Ministry Of Social Justice and Empowerment Department: Department of Social Justice & Empowerment Level: Central Scheme type: Centrally Sponsored Scheme Target beneficiaries: State Government, University / Institution Overview The Scheme aims at providing hostel facilities to students belonging to socially and educationally backward classes, especially from rural areas, to enable them to pursue secondary and higher education. Detai"", ""Scheme: Disha - Early Intervention and School Readiness Scheme Ministry: Ministry Of Social Justice and Empowerment Department: Department Of Empowerment Of Persons With Disabilities Implementing agency: Department Of Empowerment Of Persons With Disabilities Level: Central Scheme type: Central Sector Scheme Target beneficiaries: Individual Overview This scheme aims at setting up Disha Centres for early intervention for Person with Disability (PwD) in 0-10 years of age covered under the National ""]","{""gold_ids_resolve"": true, ""source_document_ids_resolve"": true, ""answer_exactly_supported"": true, ""two_chunks_for_cross_scheme"": true, ""question_intent_unique"": true, ""category_contract_passes"": true}",False,pending,,,,,,,,,,,,,,,,
q_0094,multi_hop,What combined evidence connects ICAR Junior Research Fellowship For Post-Graduate Studies In Agricultural Sciences and ICAR Senior Research Fellowship For Post-Graduate Studies In Agricultural Sciences through aligarh muslim university?,"Banaras Hindu University (BHU), Aligarh Muslim University (AMU), Visva Bharti, and Nagaland University, collectively hereinafter referred to as the Agricultural Universities (AUs). Additionally, Banaras Hindu University (BHU), Aligarh Muslim University (AMU), Visva Bharti, and Nagaland University, collectively hereinafter referred to as the Agricultural Universities (AUs).","[""chunk_4f60c46f"", ""chunk_bb712328""]","[""doc_e0c77d4ef2a7"", ""doc_97925511123b""]","[""ICAR Junior Research Fellowship For Post-Graduate Studies In Agricultural Sciences"", ""ICAR Senior Research Fellowship For Post-Graduate Studies In Agricultural Sciences""]",aligarh muslim university,"[""Scheme: ICAR Junior Research Fellowship For Post-Graduate Studies In Agricultural Sciences Ministry: Ministry Of Agriculture and Farmers Welfare Department: Department of Agriculture Research and Education Implementing agency: Indian Council Of Agricultural Research Level: Central Scheme type: Central Sector Scheme Target beneficiaries: Individual Overview ICAR awards a certain number of Junior Research Fellowships for Postgraduate Studies (course and research work) leading to a Master’s degree,"", ""Scheme: ICAR Senior Research Fellowship For Post-Graduate Studies In Agricultural Sciences Ministry: Ministry Of Agriculture and Farmers Welfare Department: Department of Agriculture Research and Education Implementing agency: Indian Council Of Agricultural Research Level: Central Scheme type: Central Sector Scheme Target beneficiaries: Individual Overview ICAR awards a certain number of Senior Research Fellowships for Ph.D. in an Agricultural University (AU), in different disciplines of agricul""]","{""gold_ids_resolve"": true, ""source_document_ids_resolve"": true, ""answer_exactly_supported"": true, ""two_chunks_for_cross_scheme"": true, ""question_intent_unique"": true, ""category_contract_passes"": true}",True,pending,,,,,,,,,,,,,,,,
q_0095,multi_hop,What combined evidence connects AICTE e-Shodh Sindhu Scheme (eSS) and AICTE SHORT TERM TRAINING PROGRAMME-SFURTI SCHEME through department of higher education?,"AICTE e-Shodh Sindhu Scheme (eSS) provides subscriptions of e-Resources like Web of Science, Scopus, ASME, ASCE and Bentham Science to institutions. Additionally, Short Term Training Programme-SFURTI Program aims to provide financial assistance from AICTE to the institutions for conducting faculty and student trainings to enable faculty members and students in the field of technical education.","[""chunk_910acbaa"", ""chunk_f5178833""]","[""doc_e0e872e12b7f"", ""doc_eee2f6bf1894""]","[""AICTE e-Shodh Sindhu Scheme (eSS)"", ""AICTE SHORT TERM TRAINING PROGRAMME-SFURTI SCHEME""]",department of higher education,"[""Scheme: AICTE e-Shodh Sindhu Scheme (eSS) Ministry: Ministry of Education Department: Department Of Higher Education Level: Central Scheme type: Central Sector Scheme Target beneficiaries: University / Institution Overview AICTE e-Shodh Sindhu Scheme (eSS) provides subscriptions of e-Resources like Web of Science, Scopus, ASME, ASCE and Bentham Science to institutions. Detailed description Launched by the All India Council for Technical Education, AICTE e-Shodh Sindhu Scheme (eSS) provides subsc"", ""Scheme: AICTE SHORT TERM TRAINING PROGRAMME-SFURTI SCHEME Ministry: Ministry of Education Department: Department Of Higher Education Level: Central Scheme type: Central Sector Scheme Target beneficiaries: University / Institution Overview Short Term Training Programme-SFURTI Program aims to provide financial assistance from AICTE to the institutions for conducting faculty and student trainings to enable faculty members and students in the field of technical education. Detailed description Short ""]","{""gold_ids_resolve"": true, ""source_document_ids_resolve"": true, ""answer_exactly_supported"": true, ""two_chunks_for_cross_scheme"": true, ""question_intent_unique"": true, ""category_contract_passes"": true}",False,pending,,,,,,,,,,,,,,,,
q_0096,multi_hop,What combined evidence connects AICTE – Mitacs Globalink Research Internship (GRI) Scheme and AICTE SHORT TERM TRAINING PROGRAMME-SFURTI SCHEME through ministry of education department?,"The scheme aims to promote collaborative research between India and Canada. Through this scheme, fully funded international research internships are provided to eligible Indian undergraduate students. Additionally, Short Term Training Programme-SFURTI Program aims to provide financial assistance from AICTE to the institutions for conducting faculty and student trainings to enable faculty members and students in the field of technical education.","[""chunk_b0152e51"", ""chunk_f5178833""]","[""doc_8673adc5eaac"", ""doc_eee2f6bf1894""]","[""AICTE – Mitacs Globalink Research Internship (GRI) Scheme"", ""AICTE SHORT TERM TRAINING PROGRAMME-SFURTI SCHEME""]",ministry of education department,"[""Scheme: AICTE – Mitacs Globalink Research Internship (GRI) Scheme Ministry: Ministry of Education Department: Department Of Higher Education Implementing agency: AICTE And Mitacs Level: Central Scheme type: Centrally Sponsored Scheme Target beneficiaries: Individual Overview The scheme aims to promote collaborative research between India and Canada. Through this scheme, fully funded international research internships are provided to eligible Indian undergraduate students. Detailed description Th"", ""Scheme: AICTE SHORT TERM TRAINING PROGRAMME-SFURTI SCHEME Ministry: Ministry of Education Department: Department Of Higher Education Level: Central Scheme type: Central Sector Scheme Target beneficiaries: University / Institution Overview Short Term Training Programme-SFURTI Program aims to provide financial assistance from AICTE to the institutions for conducting faculty and student trainings to enable faculty members and students in the field of technical education. Detailed description Short ""]","{""gold_ids_resolve"": true, ""source_document_ids_resolve"": true, ""answer_exactly_supported"": true, ""two_chunks_for_cross_scheme"": true, ""question_intent_unique"": true, ""category_contract_passes"": true}",False,pending,,,,,,,,,,,,,,,,
q_0097,multi_hop,What combined evidence connects Mission on Integrated Development of Horticulture- NHM and HMNEH and Pradhan Mantri Gram Sadak Yojana through himalayan states?,"The Government of India contributes 60% of the programme cost and States contribute 40%; for North Eastern and Himalayan States, the sharing pattern is 90:10. Additionally, For North Eastern and Himalayan States (Jammu & Kashmir, Uttarakhand, and Himachal Pradesh) 90% of a project is the Union Government funds, and 10% of this cost, is the State Government funds.","[""chunk_3a805dd7"", ""chunk_0afb475a""]","[""doc_f6381d86cd31"", ""doc_2cfbf6b75fa1""]","[""Mission on Integrated Development of Horticulture- NHM and HMNEH"", ""Pradhan Mantri Gram Sadak Yojana""]",himalayan states,"[""Scheme: Mission on Integrated Development of Horticulture- NHM and HMNEH Ministry: Ministry Of Agriculture and Farmers Welfare Department: Department of Agriculture & Farmers Welfare Implementing agency: State/UT Horticulture Department Level: Central Scheme type: Centrally Sponsored Scheme Target beneficiaries: Individual, Government Organisation, State Government, Registered Societies, Business Entity Overview The scheme aims to promote the holistic growth of the horticulture sector through pr"", ""Scheme: Pradhan Mantri Gram Sadak Yojana Ministry: Ministry Of Rural Development Department: Department of Rural Development Implementing agency: Rural Works Departments And State PWDs Level: Central Target beneficiaries: All Overview With the objective of providing rural connectivity, the Government of India launched the Pradhan Mantri Gram Sadak Yojana (referred to as PMGSY-I hereinafter) on 25th December 2000 to provide all-weather access to eligible unconnected habitations. Detailed descript""]","{""gold_ids_resolve"": true, ""source_document_ids_resolve"": true, ""answer_exactly_supported"": true, ""two_chunks_for_cross_scheme"": true, ""question_intent_unique"": true, ""category_contract_passes"": true}",True,pending,,,,,,,,,,,,,,,,
q_0098,multi_hop,What combined evidence connects Coconut Palm Insurance Scheme and Kera Suraksha Insurance Scheme through coconut development board?,"Loss assessment certification is required to be furnished by the Coconut Development Board (CDB)/Agriculture/Horticulture Department/State Agriculture University (SAU), as authorized by the insurance company for each district, justifying cause for loss of palm, within 15 days from the intimation of loss. Additionally, Answer: Application form duly filled in and countersigned by Agriculture officer/Panchayath President/CPF office bearers/CPC Directors along with premium share and age proof needs to be sent to Chairman, Coconut Development Board, Kera Bhavan, SRVHS Road, Kochi - 682011, Kerala.","[""chunk_030a851f"", ""chunk_6709215b""]","[""doc_b04e3412e5e8"", ""doc_d2b7066f0f18""]","[""Coconut Palm Insurance Scheme"", ""Kera Suraksha Insurance Scheme""]",coconut development board,"[""in view the scope of insurance coverage: Loss by Theft, War, Invasion, Civil War. Rebellion, Revolution, Insurrection, Mutiny, Lockout, Malicious Damage, Conspiracy, Military/Usurped Power, Civil Commotion, Confiscation, Requisition/Destruction/damage by order of any Government de-jure/de-facto/by any public/municipal/local authority, including damage due to power transmission. Nuclear reaction, nuclear radiation or radioactive contamination. Impact damage due to aircraft or other falling object"", ""Answer: The insurance coverage is valid for one year and needs to be renewed annually by paying ₹94 as a contribution from the beneficiary. Question: What is the objective of the Kera Suraksha Insurance Scheme? Answer: The scheme aims to attract unemployed youth to the agriculture sector, overcome the shortage of coconut tree climbers, and promote skill development through programs like Friends of Coconut Tree (FoCT). Question: What benefits are provided under the scheme? Answer: The scheme prov""]","{""gold_ids_resolve"": true, ""source_document_ids_resolve"": true, ""answer_exactly_supported"": true, ""two_chunks_for_cross_scheme"": true, ""question_intent_unique"": true, ""category_contract_passes"": true}",False,pending,,,,,,,,,,,,,,,,
q_0099,multi_hop,What combined evidence connects Pradhan Mantri Awas Yojana - Urban and Swachh Bharat Mission – Urban 2.0 through ministry of housing & urban affairs level?,"Pradhan Mantri Awas Yojana - Urban (PMAY-U) Scheme was launched on 25th June 2015 by the Hon’ble Prime Minister to provide all-weather pucca houses to all eligible urban households across the nation with the vision of ‘Housing for All’. Additionally, A sanitation scheme for the construction of Individual Household Latrines (IHHL) for urban households.","[""chunk_bc3eff19"", ""chunk_16bd7095""]","[""doc_a361f52a15cc"", ""doc_52b0e1c5c95c""]","[""Pradhan Mantri Awas Yojana - Urban"", ""Swachh Bharat Mission – Urban 2.0""]",ministry of housing & urban affairs level,"[""Scheme: Pradhan Mantri Awas Yojana - Urban Ministry: Ministry Of Housing & Urban Affairs Level: Central Scheme type: Central Sector Scheme Target beneficiaries: Individual Overview Pradhan Mantri Awas Yojana - Urban (PMAY-U) Scheme was launched on 25th June 2015 by the Hon’ble Prime Minister to provide all-weather pucca houses to all eligible urban households across the nation with the vision of ‘Housing for All’. Detailed description The “Pradhan Mantri Awas Yojana – Urban (PMAY-U)” was launche"", ""Scheme: Swachh Bharat Mission – Urban 2.0 Ministry: Ministry Of Housing & Urban Affairs Level: Central Scheme type: Centrally Sponsored Scheme Target beneficiaries: Individual, Family Overview A sanitation scheme for the construction of Individual Household Latrines (IHHL) for urban households. Detailed description A sanitation scheme for the construction of Individual Household Latrines (IHHL) for urban households. The Mission has the following components: Household toilets, including conversio""]","{""gold_ids_resolve"": true, ""source_document_ids_resolve"": true, ""answer_exactly_supported"": true, ""two_chunks_for_cross_scheme"": true, ""question_intent_unique"": true, ""category_contract_passes"": true}",False,pending,,,,,,,,,,,,,,,,
q_0100,multi_hop,What combined evidence connects Institutional Support for Development and Marketing of Tribal Products/Produce and PM Janjati Adivasi Nyaya Maha Abhiyan (PM JANMAN) through ministry of tribal affairs?,"details of grants received from the Central Government so far under this scheme and UC pending Copies of annual reports/Balance sheets for the last three years Any other document, as required Additionally, The scheme aims to improve the socio-economic status of PVTGs by saturating families and habitations with basic facilities and services. It provides 11 critical infrastructure and welfare interventions, including housing, water, electricity, and connectivity.","[""chunk_e51e38e3"", ""chunk_0e5de080""]","[""doc_03cfd9e7bea4"", ""doc_c0a1e7511e8a""]","[""Institutional Support for Development and Marketing of Tribal Products/Produce"", ""PM Janjati Adivasi Nyaya Maha Abhiyan (PM JANMAN)""]",ministry of tribal affairs,"[""details of grants received from the Central Government so far under this scheme and UC pending Copies of annual reports/Balance sheets for the last three years Any other document, as required Frequently asked questions Question: What is the objective of the scheme? Answer: The objective of the Scheme is to create institutions for the Scheduled Tribes to support marketing and development of activities they depend on for their livelihood. Question: When was this scheme launched? Answer: The scheme"", ""Scheme: PM Janjati Adivasi Nyaya Maha Abhiyan (PM JANMAN) Ministry: Ministry Of Tribal Affairs Level: Central Scheme type: Central Sector Scheme Target beneficiaries: Individual, Family Overview The scheme aims to improve the socio-economic status of PVTGs by saturating families and habitations with basic facilities and services. It provides 11 critical infrastructure and welfare interventions, including housing, water, electricity, and connectivity. Detailed description The scheme “PM- Janjati ""]","{""gold_ids_resolve"": true, ""source_document_ids_resolve"": true, ""answer_exactly_supported"": true, ""two_chunks_for_cross_scheme"": true, ""question_intent_unique"": true, ""category_contract_passes"": true}",True,pending,,,,,,,,,,,,,,,,
